shape_id,shape_pt_lat,shape_pt_lon,shape_pt_sequence,shape_dist_traveled
3027,48.41616,-89.2363599,0,0
3027,48.41436,-89.23756,1,218
3027,48.4142999,-89.23755,2,227
3027,48.4134199,-89.2379599,3,331
3027,48.4124999,-89.2383899,4,439
3027,48.41236,-89.2384599,5,448
3027,48.41214,-89.23867,6,476
3027,48.4120399,-89.23863,7,483
3027,48.41117,-89.2390199,8,593
3027,48.4108299,-89.23917,9,625
3027,48.40988,-89.23958,10,740
3027,48.4093099,-89.2398299,11,801
3027,48.40834,-89.2402299,12,917
3027,48.40782,-89.2405,13,972
3027,48.40779,-89.24048,14,979
3027,48.40694,-89.2408799,15,1081
3027,48.40674,-89.24094,16,1102
3027,48.40671,-89.24103,17,1109
3027,48.4067,-89.24109,18,1115
3027,48.4067,-89.24117,19,1122
3027,48.40687,-89.2426,20,1229
3027,48.40686,-89.24405,21,1332
3027,48.40678,-89.2452,22,1418
3027,48.4068,-89.24536,23,1427
3027,48.4068899,-89.24546,24,1441
3027,48.4079699,-89.2454799,25,1560
3027,48.40922,-89.24546,26,1689
3027,48.41008,-89.24547,27,1792
3027,48.41061,-89.24543,28,1845
3027,48.41616,-89.2363599,29,2756
3104,48.36516,-89.28197,0,0
3104,48.36511,-89.28232,1,16
3104,48.36515,-89.28366,2,123
3104,48.36511,-89.2839199,3,140
3104,48.3650999,-89.28537,4,249
3104,48.36516,-89.28573,5,292
3104,48.3651299,-89.28577,6,298
3104,48.36509,-89.28709,7,399
3104,48.36515,-89.28841,8,496
3104,48.3650999,-89.28879,9,521
3104,48.36511,-89.28886,10,529
3104,48.3650999,-89.2895599,11,584
3104,48.3650699,-89.2895999,12,592
3104,48.3649699,-89.2896599,13,599
3104,48.36423,-89.28956,14,698
3104,48.36335,-89.28952,15,798
3104,48.3623399,-89.28952,16,907
3104,48.3620499,-89.28951,17,934
3104,48.36112,-89.28952,18,1043
3104,48.3601499,-89.2894999,19,1144
3104,48.3596199,-89.28955,20,1208
3104,48.35908,-89.2898599,21,1277
3104,48.3586299,-89.2904499,22,1339
3104,48.35846,-89.29108,23,1402
3104,48.35826,-89.29141,24,1417
3104,48.3578,-89.2926799,25,1521
3104,48.3573199,-89.29398,26,1626
3104,48.35711,-89.29479,27,1710
3104,48.35694,-89.29517,28,1726
3104,48.35691,-89.29664,29,1836
3104,48.35698,-89.2971,30,1894
3104,48.3569199,-89.29867,31,1994
3104,48.3569199,-89.30015,32,2109
3104,48.35697,-89.30087,33,2174
3104,48.3569199,-89.30262,34,2279
3104,48.3569199,-89.3040699,35,2391
3104,48.3569199,-89.30554,36,2495
3104,48.35694,-89.30596,37,2523
3104,48.3569899,-89.3060399,38,2529
3104,48.35708,-89.3060799,39,2541
3104,48.35715,-89.30594,40,2570
3104,48.35743,-89.30606,41,2583
3104,48.36002,-89.30602,42,2864
3104,48.3600799,-89.30603,43,2871
3104,48.36013,-89.30606,44,2877
3104,48.3601699,-89.3061099,45,2884
3104,48.3602099,-89.30628,46,2897
3104,48.36013,-89.30773,47,3011
3104,48.35997,-89.3086699,48,3069
3104,48.35976,-89.3098799,49,3164
3104,48.35953,-89.3111299,50,3262
3104,48.3592299,-89.3124,51,3363
3104,48.3589299,-89.31305,52,3423
3104,48.35832,-89.3137899,53,3512
3104,48.3578799,-89.3140899,54,3561
3104,48.3571299,-89.31429,55,3652
3104,48.357,-89.31429,56,3661
3104,48.3560999,-89.31427,57,3761
3104,48.35311,-89.3143499,58,4094
3104,48.35294,-89.3144,59,4109
3104,48.35288,-89.3144499,60,4119
3104,48.3528199,-89.31453,61,4128
3104,48.35277,-89.31473,62,4141
3104,48.353,-89.31634,63,4260
3104,48.35304,-89.3164,64,4266
3104,48.35304,-89.3165799,65,4280
3104,48.35303,-89.31662,66,4286
3104,48.353,-89.31667,67,4294
3104,48.3528499,-89.31673,68,4307
3104,48.3485899,-89.31663,69,4778
3104,48.3476999,-89.3166099,70,4870
3104,48.34512,-89.31662,71,5165
3104,48.34387,-89.3166799,72,5315
3104,48.34286,-89.31703,73,5423
3104,48.3424799,-89.3172699,74,5464
3104,48.34158,-89.31808,75,5586
3104,48.3408399,-89.3191099,76,5706
3104,48.3404799,-89.3198599,77,5760
3104,48.34003,-89.3209799,78,5853
3104,48.3395999,-89.32195,79,5941
3104,48.3394999,-89.3220299,80,5952
3104,48.33944,-89.32202,81,5961
3104,48.33932,-89.3219299,82,5975
3104,48.33926,-89.32185,83,5984
3104,48.33922,-89.3217599,84,5994
3104,48.33919,-89.32165,85,6000
3104,48.33918,-89.32139,86,6023
3104,48.33951,-89.3196999,87,6144
3104,48.33998,-89.31742,88,6334
3104,48.3421599,-89.31088,89,6867
3104,48.34247,-89.30994,90,6942
3104,48.34348,-89.30697,91,7196
3104,48.3441599,-89.30554,92,7331
3104,48.34568,-89.30311,93,7565
3104,48.34626,-89.30209,94,7657
3104,48.3463,-89.30206,95,7664
3104,48.3472799,-89.3004599,96,7832
3104,48.3482999,-89.2987899,97,7993
3104,48.3492399,-89.29726,98,8149
3104,48.34943,-89.2969499,99,8176
3104,48.35041,-89.2953399,100,8350
3104,48.3514,-89.2937299,101,8504
3104,48.3523599,-89.2921299,102,8664
3104,48.3533199,-89.2905799,103,8822
3104,48.3534099,-89.2904199,104,8832
3104,48.3536399,-89.28988,105,8888
3104,48.35416,-89.28791,106,9045
3104,48.35467,-89.28599,107,9189
3104,48.3551499,-89.2844099,108,9291
3104,48.3555,-89.28312,109,9399
3104,48.35586,-89.2818,110,9506
3104,48.35623,-89.2804399,111,9616
3104,48.3564699,-89.27947,112,9688
3104,48.35645,-89.2792,113,9725
3104,48.3565699,-89.27753,114,9832
3104,48.35661,-89.2759699,115,9953
3104,48.3566,-89.27454,116,10050
3104,48.3566299,-89.27449,117,10058
3104,48.3566999,-89.2730199,118,10176
3104,48.35675,-89.2715799,119,10278
3104,48.3567999,-89.27024,120,10379
3104,48.35685,-89.26884,121,10476
3104,48.35684,-89.26801,122,10555
3104,48.35695,-89.26612,123,10660
3104,48.35701,-89.2646499,124,10779
3104,48.35698,-89.26399,125,10842
3104,48.3569899,-89.2636299,126,10849
3104,48.35694,-89.2635699,127,10856
3104,48.35682,-89.2635699,128,10867
3104,48.3559799,-89.26418,129,10971
3104,48.35475,-89.2650799,130,11119
3104,48.35395,-89.2656399,131,11221
3104,48.3530899,-89.26625,132,11324
3104,48.35259,-89.26663,133,11409
3104,48.35162,-89.2673099,134,11511
3104,48.3507499,-89.2679299,135,11613
3104,48.3498699,-89.26857,136,11723
3104,48.34899,-89.2692099,137,11827
3104,48.3489199,-89.2692,138,11835
3104,48.3488799,-89.26916,139,11841
3104,48.3487899,-89.2689199,140,11862
3104,48.3487499,-89.2686199,141,11884
3104,48.34881,-89.2677099,142,11954
3104,48.3489199,-89.2674,143,11976
3104,48.34919,-89.2669499,144,12024
3104,48.3492399,-89.26671,145,12041
3104,48.34927,-89.26526,146,12152
3104,48.34926,-89.26508,147,12176
3104,48.34927,-89.26379,148,12258
3104,48.3493099,-89.26365,149,12268
3104,48.34936,-89.2635999,150,12275
3104,48.3494799,-89.2635399,151,12288
3104,48.35041,-89.26358,152,12390
3104,48.3513399,-89.26359,153,12491
3104,48.35147,-89.26354,154,12531
3104,48.35175,-89.2636299,155,12542
3104,48.35215,-89.26359,156,12583
3104,48.3529899,-89.26306,157,12686
3104,48.35333,-89.26277,158,12747
3104,48.3537699,-89.2624899,159,12774
3104,48.35385,-89.26254,160,12783
3104,48.3542699,-89.2641199,161,12905
3104,48.3545599,-89.26506,162,12982
3104,48.35461,-89.2651099,163,12988
3104,48.35475,-89.2650499,164,13005
3104,48.3556,-89.2643899,165,13112
3104,48.3564999,-89.26375,166,13220
3104,48.35662,-89.26364,167,13259
3104,48.3569899,-89.26348,168,13278
3104,48.35704,-89.26359,169,13287
3104,48.357,-89.2653999,170,13422
3104,48.35695,-89.2667799,171,13522
3104,48.3568999,-89.26822,172,13626
3104,48.3569,-89.26948,173,13742
3104,48.35684,-89.26985,174,13759
3104,48.3567899,-89.27142,175,13874
3104,48.35675,-89.2728599,176,13982
3104,48.35672,-89.2738699,177,14043
3104,48.35673,-89.27432,178,14097
3104,48.35671,-89.2743699,179,14105
3104,48.35665,-89.27577,180,14211
3104,48.35659,-89.2771599,181,14319
3104,48.3566,-89.27842,182,14425
3104,48.3564399,-89.2798199,183,14519
3104,48.35639,-89.28002,184,14529
3104,48.356,-89.28144,185,14646
3104,48.3556099,-89.28285,186,14759
3104,48.35529,-89.28411,187,14875
3104,48.3552899,-89.2840799,188,14884
3104,48.35481,-89.28577,189,15017
3104,48.3544599,-89.28699,190,15117
3104,48.3538399,-89.28926,191,15300
3104,48.35353,-89.2902899,192,15390
3104,48.35252,-89.2919599,193,15559
3104,48.3514799,-89.29365,194,15729
3104,48.3503599,-89.29549,195,15909
3104,48.3491,-89.29755,196,16113
3104,48.34804,-89.2992799,197,16284
3104,48.34654,-89.30176,198,16526
3104,48.34633,-89.30217,199,16562
3104,48.3462199,-89.3022699,200,16575
3104,48.3448499,-89.30452,201,16800
3104,48.34424,-89.3055,202,16898
3104,48.3435999,-89.30681,203,17029
3104,48.3433099,-89.30764,204,17091
3104,48.3404499,-89.31601,205,17788
3104,48.34008,-89.3172299,206,17887
3104,48.33929,-89.3210799,207,18189
3104,48.33926,-89.32139,208,18207
3104,48.33929,-89.3216299,209,18226
3104,48.3393999,-89.3217699,210,18239
3104,48.3394699,-89.32179,211,18248
3104,48.33962,-89.3217299,212,18262
3104,48.34077,-89.3191999,213,18489
3104,48.3410099,-89.31879,214,18525
3104,48.34187,-89.31774,215,18657
3104,48.3428799,-89.31699,216,18780
3104,48.3437999,-89.3166399,217,18881
3104,48.34834,-89.3165799,218,19387
3104,48.3522599,-89.3164199,219,19822
3104,48.35247,-89.31636,220,19843
3104,48.35265,-89.31621,221,19862
3104,48.35271,-89.3160899,222,19875
3104,48.35278,-89.3158,223,19902
3104,48.3526599,-89.3144,224,19998
3104,48.3527199,-89.31426,225,20013
3104,48.3528499,-89.3142,226,20027
3104,48.3572,-89.3142499,227,20509
3104,48.3577099,-89.31414,228,20568
3104,48.3584999,-89.3136,229,20663
3104,48.35895,-89.3129699,230,20729
3104,48.3593499,-89.3119899,231,20804
3104,48.3595899,-89.3106999,232,20906
3104,48.36016,-89.30717,233,21177
3104,48.36016,-89.3063099,234,21237
3104,48.36012,-89.30612,235,21252
3104,48.3600499,-89.3060699,236,21260
3104,48.35705,-89.3060699,237,21594
3104,48.3569899,-89.30605,238,21602
3104,48.3568999,-89.3059499,239,21612
3104,48.35688,-89.30589,240,21618
3104,48.35687,-89.30083,241,22008
3104,48.3568899,-89.2992099,242,22112
3104,48.35688,-89.2987199,243,22141
3104,48.3568899,-89.2972,244,22259
3104,48.35687,-89.2958399,245,22360
3104,48.3568899,-89.29523,246,22408
3104,48.35699,-89.29477,247,22464
3104,48.3575799,-89.2932,248,22578
3104,48.3579799,-89.29211,249,22665
3104,48.3584299,-89.2908499,250,22775
3104,48.35856,-89.29048,251,22828
3104,48.35902,-89.28988,252,22882
3104,48.35943,-89.2895699,253,22929
3104,48.3599799,-89.28941,254,22996
3104,48.36114,-89.28941,255,23128
3104,48.36242,-89.28948,256,23266
3104,48.36358,-89.2894399,257,23398
3104,48.3637599,-89.28941,258,23413
3104,48.3638199,-89.28942,259,23421
3104,48.36387,-89.28941,260,23427
3104,48.36396,-89.28932,261,23437
3104,48.3639899,-89.28926,262,23445
3104,48.3639899,-89.28551,263,23721
3104,48.364,-89.28269,264,23925
3104,48.36397,-89.2818,265,23990
3104,48.3639899,-89.28163,266,24000
3104,48.3640199,-89.2815599,267,24007
3104,48.36407,-89.2815199,268,24014
3104,48.36413,-89.2815,269,24021
3104,48.3650299,-89.2815199,270,24116
3104,48.36516,-89.28197,271,24146
3498,48.40297,-89.26967,0,0
3498,48.40296,-89.26969,1,7
3498,48.403,-89.26986,2,19
3498,48.40299,-89.27021,3,42
3498,48.40293,-89.2702699,4,52
3498,48.40247,-89.2703299,5,102
3498,48.4020899,-89.2705599,6,150
3498,48.40181,-89.27087,7,186
3498,48.4016999,-89.27107,8,205
3498,48.40166,-89.2710899,9,212
3498,48.40156,-89.27107,10,221
3498,48.4014999,-89.27103,11,229
3498,48.40136,-89.27083,12,251
3498,48.40093,-89.27061,13,297
3498,48.4009,-89.27058,14,303
3498,48.4008499,-89.27047,15,317
3498,48.4006,-89.2690099,16,424
3498,48.4006,-89.26891,17,433
3498,48.40057,-89.26873,18,450
3498,48.4004899,-89.26861,19,462
3498,48.4004199,-89.26857,20,470
3498,48.40028,-89.2686,21,483
3498,48.39994,-89.26883,22,517
3498,48.3998599,-89.26881,23,528
3498,48.3997899,-89.2688199,24,536
3498,48.3992099,-89.26874,25,604
3498,48.39918,-89.26871,26,610
3498,48.39913,-89.26841,27,632
3498,48.3991399,-89.26694,28,743
3498,48.39915,-89.26674,29,752
3498,48.3993999,-89.26533,30,869
3498,48.39982,-89.26395,31,975
3498,48.3999899,-89.2629,32,1057
3498,48.40001,-89.2615599,33,1158
3498,48.40001,-89.2600599,34,1263
3498,48.39999,-89.25913,35,1325
3498,48.39997,-89.2587799,36,1331
3498,48.39998,-89.25866,37,1340
3498,48.39997,-89.25847,38,1352
3498,48.39994,-89.25839,39,1358
3498,48.3998999,-89.25833,40,1365
3498,48.39977,-89.2582799,41,1378
3498,48.39854,-89.2582799,42,1518
3498,48.3984,-89.2582799,43,1527
3498,48.3975299,-89.25827,44,1625
3498,48.39734,-89.25828,45,1672
3498,48.3962899,-89.25827,46,1776
3498,48.39534,-89.25826,47,1873
3498,48.39426,-89.25827,48,1999
3498,48.3933,-89.2583,49,2113
3498,48.39318,-89.25826,50,2119
3498,48.39286,-89.2582799,51,2160
3498,48.39276,-89.2582499,52,2174
3498,48.39177,-89.25827,53,2281
3498,48.3909,-89.2583,54,2370
3498,48.38997,-89.2581899,55,2473
3498,48.3896899,-89.2582,56,2507
3498,48.3896499,-89.25817,57,2513
3498,48.38958,-89.25806,58,2525
3498,48.3891599,-89.25689,59,2620
3498,48.38915,-89.25594,60,2685
3498,48.38918,-89.2541499,61,2797
3498,48.38915,-89.25413,62,2819
3498,48.38917,-89.2528399,63,2921
3498,48.38916,-89.25212,64,2993
3498,48.38917,-89.25124,65,3031
3498,48.38911,-89.25114,66,3041
3498,48.3890599,-89.25111,67,3048
3498,48.3881099,-89.25112,68,3150
3498,48.38724,-89.25112,69,3252
3498,48.3869,-89.25116,70,3306
3498,48.38567,-89.2510999,71,3438
3498,48.38556,-89.25107,72,3453
3498,48.3855,-89.25095,73,3463
3498,48.38554,-89.24947,74,3576
3498,48.38556,-89.24795,75,3684
3498,48.38555,-89.24742,76,3720
3498,48.3855199,-89.24579,77,3822
3498,48.3855,-89.24556,78,3838
3498,48.38541,-89.2455,79,3846
3498,48.38503,-89.24555,80,3913
3498,48.3849899,-89.24557,81,3920
3498,48.3841399,-89.2455199,82,4021
3498,48.3831199,-89.2455199,83,4134
3498,48.38247,-89.24602,84,4231
3501,48.38247,-89.24602,0,0
3501,48.38248,-89.2456099,1,37
3501,48.3824999,-89.2455099,2,44
3501,48.3825599,-89.2454499,3,55
3501,48.38265,-89.24543,4,64
3501,48.38274,-89.24546,5,72
3501,48.38352,-89.24542,6,154
3501,48.38501,-89.24546,7,298
3501,48.3855,-89.2454799,8,350
3501,48.38557,-89.24554,9,361
3501,48.38559,-89.2456499,10,367
3501,48.38563,-89.24691,11,485
3501,48.38557,-89.2485999,12,585
3501,48.3855799,-89.25,13,692
3501,48.3856199,-89.25088,14,755
3501,48.38564,-89.2509899,15,762
3501,48.38567,-89.25104,16,768
3501,48.38577,-89.2510899,17,778
3501,48.38671,-89.25107,18,883
3501,48.38709,-89.251,19,939
3501,48.3881699,-89.25105,20,1040
3501,48.38871,-89.25101,21,1117
3501,48.38895,-89.2510999,22,1124
3501,48.38912,-89.2510899,23,1140
3501,48.3891999,-89.25115,24,1149
3501,48.3892199,-89.25121,25,1155
3501,48.38926,-89.25208,26,1241
3501,48.38921,-89.25242,27,1247
3501,48.38921,-89.2538899,28,1356
3501,48.38926,-89.25429,29,1404
3501,48.3892299,-89.2543799,30,1411
3501,48.3891999,-89.25571,31,1518
3501,48.3891999,-89.25683,32,1594
3501,48.38967,-89.2580899,33,1697
3501,48.3897,-89.25813,34,1703
3501,48.3898,-89.2581799,35,1713
3501,48.39097,-89.25811,36,1838
3501,48.3918199,-89.2581199,37,1939
3501,48.39273,-89.25813,38,2043
3501,48.3936599,-89.25811,39,2144
3501,48.39469,-89.25813,40,2252
3501,48.39584,-89.2581199,41,2357
3501,48.39683,-89.25811,42,2473
3501,48.39696,-89.2581,43,2498
3501,48.39808,-89.2581799,44,2604
3501,48.3990399,-89.25821,45,2705
3501,48.3998299,-89.25823,46,2785
3501,48.39997,-89.2582799,47,2805
3501,48.40004,-89.2584099,48,2817
3501,48.40007,-89.25935,49,2902
3501,48.40005,-89.2594599,50,2910
3501,48.4000299,-89.26073,51,3012
3501,48.4000299,-89.26122,52,3040
3501,48.4000199,-89.2626,53,3137
3501,48.39982,-89.26404,54,3257
3501,48.39942,-89.26536,55,3361
3501,48.39919,-89.2666499,56,3461
3501,48.39916,-89.26759,57,3520
3501,48.3991699,-89.2685299,58,3594
3501,48.3992099,-89.2686899,59,3603
3501,48.3992999,-89.2687599,60,3613
3501,48.39992,-89.26877,61,3682
3501,48.40032,-89.26851,62,3727
3501,48.4003499,-89.26854,63,3738
3501,48.4004199,-89.26857,64,3748
3501,48.4005,-89.26863,65,3757
3501,48.4005899,-89.26894,66,3782
3501,48.4006,-89.26914,67,3795
3501,48.4008099,-89.27008,68,3869
3501,48.4008399,-89.2704299,69,3891
3501,48.40087,-89.2704899,70,3898
3501,48.4009499,-89.27058,71,3908
3501,48.4012999,-89.27074,72,3952
3501,48.40145,-89.27088,73,3971
3501,48.40158,-89.2711,74,3988
3501,48.4016699,-89.2711,75,3999
3501,48.40175,-89.2709199,76,4014
3501,48.4019899,-89.27061,77,4051
3501,48.4022299,-89.27044,78,4078
3501,48.40234,-89.27028,79,4099
3501,48.4024,-89.27012,80,4109
3501,48.40243,-89.2700699,81,4115
3501,48.40248,-89.26989,82,4129
3501,48.4026,-89.26969,83,4147
3501,48.40297,-89.26967,84,4168
3509,48.38247,-89.24602,0,0
3509,48.3821299,-89.2455499,1,14
3509,48.3820999,-89.24556,2,20
3509,48.38088,-89.24556,3,151
3509,48.3808499,-89.2456499,4,157
3509,48.38088,-89.2457499,5,163
3509,48.3809,-89.2459099,6,174
3509,48.3809,-89.2463999,7,210
3509,48.3809199,-89.24655,8,219
3509,48.381,-89.2466299,9,227
3509,48.38189,-89.24658,10,330
3509,48.38244,-89.24661,11,387
3509,48.38248,-89.24671,12,395
3509,48.3824999,-89.24812,13,502
3509,48.38256,-89.24942,14,597
3509,48.3825299,-89.2495,15,605
3509,48.3824999,-89.2508999,16,708
3509,48.3824999,-89.2510599,17,719
3509,48.38249,-89.25114,18,726
3509,48.38256,-89.25182,19,771
3509,48.38254,-89.25184,20,779
3509,48.38248,-89.2544699,21,976
3509,48.38248,-89.25591,22,1077
3509,48.38249,-89.2565099,23,1123
3509,48.3824599,-89.2566099,24,1132
3509,48.3823999,-89.2566799,25,1141
3509,48.38123,-89.25678,26,1277
3509,48.38103,-89.2567,27,1290
3509,48.38005,-89.25669,28,1404
3509,48.37904,-89.2566799,29,1516
3509,48.3780999,-89.2566799,30,1617
3509,48.37781,-89.25672,31,1672
3509,48.3777399,-89.25669,32,1679
3509,48.3768499,-89.2566399,33,1785
3509,48.37615,-89.25672,34,1856
3509,48.37496,-89.25665,35,1992
3509,48.3743899,-89.2566699,36,2051
3509,48.37434,-89.2567699,37,2061
3509,48.37441,-89.25764,38,2150
3509,48.3743599,-89.25784,39,2162
3509,48.3743299,-89.2592299,40,2269
3509,48.37441,-89.25984,41,2312
3509,48.37437,-89.26011,42,2330
3509,48.37434,-89.2612999,43,2411
3509,48.3743199,-89.26139,44,2419
3509,48.37424,-89.2614699,45,2427
3509,48.37332,-89.26145,46,2532
3509,48.37247,-89.2614399,47,2618
3509,48.37181,-89.26151,48,2696
3509,48.37172,-89.26148,49,2719
3509,48.37083,-89.26146,50,2824
3509,48.36987,-89.26145,51,2933
3509,48.36875,-89.26153,52,3045
3509,48.3686099,-89.2614699,53,3051
3509,48.3684199,-89.2614699,54,3068
3509,48.36836,-89.2614999,55,3082
3509,48.36833,-89.26162,56,3090
3509,48.3683499,-89.263,57,3193
3509,48.3683499,-89.26391,58,3251
3509,48.36842,-89.26436,59,3312
3509,48.36839,-89.2644499,60,3319
3509,48.3683799,-89.26451,61,3327
3509,48.36836,-89.2658599,62,3436
3509,48.36837,-89.2673699,63,3541
3509,48.3684,-89.26763,64,3582
3509,48.36839,-89.26762,65,3589
3509,48.36836,-89.2691,66,3702
3509,48.36836,-89.2695799,67,3734
3509,48.36842,-89.26991,68,3755
3509,48.36836,-89.27024,69,3762
3509,48.3683499,-89.2715799,70,3860
3509,48.36836,-89.27275,71,3942
3509,48.36833,-89.2728199,72,3948
3509,48.3683,-89.2728599,73,3955
3509,48.36803,-89.27294,74,4004
3509,48.36712,-89.27287,75,4108
3509,48.36613,-89.27285,76,4215
3509,48.36565,-89.27293,77,4264
3509,48.3654899,-89.27288,78,4284
3509,48.36514,-89.2729,79,4320
3509,48.3650999,-89.27298,80,4328
3509,48.36508,-89.27304,81,4334
3509,48.36515,-89.27391,82,4411
3509,48.36509,-89.2743999,83,4447
3509,48.36516,-89.27557,84,4548
3509,48.36511,-89.2759,85,4559
3509,48.3650999,-89.27733,86,4666
3509,48.36516,-89.27816,87,4725
3509,48.36512,-89.2782999,88,4737
3509,48.36511,-89.27848,89,4747
3509,48.3650999,-89.27851,90,4754
3509,48.36509,-89.2799199,91,4865
3509,48.3650999,-89.28147,92,4968
3509,48.36516,-89.28197,93,5021
3509,48.36511,-89.28232,94,5037
3509,48.36515,-89.28366,95,5144
3509,48.36511,-89.2839199,96,5161
3509,48.3650999,-89.28537,97,5270
3509,48.36516,-89.28573,98,5313
3509,48.3651299,-89.28577,99,5319
3509,48.36509,-89.28709,100,5420
3509,48.36515,-89.28841,101,5517
3509,48.36511,-89.28932,102,5579
3509,48.36512,-89.28941,103,5587
3509,48.36509,-89.29086,104,5694
3509,48.36515,-89.29217,105,5785
3509,48.36512,-89.2921899,106,5792
3509,48.36512,-89.2922899,107,5800
3509,48.36511,-89.29234,108,5806
3509,48.36509,-89.29378,109,5913
3509,48.36509,-89.29392,110,5919
3509,48.36515,-89.29491,111,5988
3509,48.36511,-89.2949199,112,5995
3509,48.36508,-89.29627,113,6099
3509,48.3650999,-89.2976699,114,6202
3509,48.36513,-89.2981,115,6231
3509,48.36509,-89.2983599,116,6237
3509,48.36508,-89.29985,117,6339
3509,48.36509,-89.30002,118,6354
3509,48.36515,-89.30028,119,6406
3509,48.36509,-89.30062,120,6418
3509,48.36509,-89.3019,121,6506
3509,48.36515,-89.3021,122,6545
3509,48.3650999,-89.3022399,123,6553
3509,48.36508,-89.3034199,124,6653
3509,48.36515,-89.30488,125,6753
3509,48.36511,-89.305,126,6763
3509,48.3650699,-89.30597,127,6833
3509,48.36514,-89.3060399,128,6841
3509,48.3660799,-89.30602,129,6946
3509,48.36697,-89.30598,130,7031
3509,48.36698,-89.306,131,7041
3509,48.3679,-89.3060099,132,7148
3509,48.36892,-89.30602,133,7260
3509,48.3692999,-89.30603,134,7297
3509,48.36934,-89.30546,135,7319
3536,48.40297,-89.26967,0,0
3536,48.40296,-89.26969,1,7
3536,48.403,-89.26986,2,19
3536,48.40299,-89.27021,3,42
3536,48.40293,-89.2702699,4,52
3536,48.40247,-89.2703299,5,102
3536,48.4020899,-89.2705599,6,150
3536,48.40181,-89.27087,7,186
3536,48.4016999,-89.27107,8,205
3536,48.40166,-89.2710899,9,212
3536,48.40156,-89.27107,10,221
3536,48.4014999,-89.27103,11,229
3536,48.40136,-89.27083,12,251
3536,48.40093,-89.27061,13,297
3536,48.4009,-89.27058,14,303
3536,48.4008499,-89.27047,15,317
3536,48.4006,-89.2690099,16,424
3536,48.4006,-89.26891,17,433
3536,48.40057,-89.26873,18,450
3536,48.4004899,-89.26861,19,462
3536,48.4004199,-89.26857,20,470
3536,48.40028,-89.2686,21,483
3536,48.39994,-89.26883,22,517
3536,48.39988,-89.2687899,23,524
3536,48.39922,-89.26884,24,595
3536,48.3991699,-89.26894,25,604
3536,48.39916,-89.2690199,26,611
3536,48.3991699,-89.2703599,27,712
3536,48.3991699,-89.27179,28,822
3536,48.39918,-89.27324,29,923
3536,48.3992099,-89.27442,30,1007
3536,48.39916,-89.27458,31,1019
3536,48.3991099,-89.27464,32,1028
3536,48.3989699,-89.2746899,33,1044
3536,48.39863,-89.2747,34,1078
3536,48.3986,-89.2746599,35,1086
3536,48.3977299,-89.2746999,36,1188
3536,48.3973699,-89.27481,37,1219
3536,48.39658,-89.27548,38,1321
3536,48.3965399,-89.27547,39,1330
3536,48.3964499,-89.27554,40,1340
3536,48.3964099,-89.2756,41,1349
3536,48.3955999,-89.2763699,42,1452
3536,48.39552,-89.27646,43,1458
3536,48.39495,-89.27702,44,1536
3536,48.39492,-89.2771,45,1543
3536,48.3944099,-89.2774899,46,1606
3536,48.3943099,-89.2776499,47,1621
3536,48.3942799,-89.2777499,48,1631
3536,48.39427,-89.27787,49,1642
3536,48.3943,-89.27812,50,1659
3536,48.3946799,-89.27937,51,1759
3536,48.39473,-89.28046,52,1834
3536,48.39419,-89.2823699,53,1982
3536,48.39397,-89.28371,54,2089
3536,48.39396,-89.28505,55,2179
3536,48.39403,-89.28585,56,2242
3536,48.394,-89.2859499,57,2250
3536,48.3939899,-89.28601,58,2256
3536,48.3939499,-89.28731,59,2357
3536,48.39396,-89.2887499,60,2459
3536,48.39404,-89.28913,61,2488
3536,48.3939899,-89.2892399,62,2495
3536,48.39394,-89.28952,63,2518
3536,48.3939,-89.2895699,64,2525
3536,48.39377,-89.28961,65,2537
3536,48.39278,-89.28959,66,2646
3536,48.39261,-89.28967,67,2666
3536,48.39252,-89.2895999,68,2673
3536,48.39154,-89.28954,69,2788
3536,48.39052,-89.28951,70,2896
3536,48.39022,-89.28952,71,2924
3536,48.3901,-89.28949,72,2937
3536,48.39007,-89.28945,73,2943
3536,48.39004,-89.2888,74,2989
3536,48.3900799,-89.2887,75,3002
3536,48.3901,-89.2874699,76,3105
3536,48.39006,-89.28652,77,3200
3536,48.3901,-89.28506,78,3309
3536,48.3900799,-89.28371,79,3411
3536,48.39005,-89.2832,80,3441
3536,48.3900799,-89.28157,81,3542
3536,48.3900799,-89.2801,82,3640
3536,48.39006,-89.27926,83,3704
3536,48.39006,-89.2790599,84,3718
3536,48.39007,-89.27898,85,3726
3536,48.39007,-89.27875,86,3743
3536,48.39003,-89.2786699,87,3751
3536,48.3889899,-89.2786699,88,3864
3536,48.38852,-89.27874,89,3914
3536,48.38826,-89.27866,90,3928
3536,48.38733,-89.27866,91,4030
3536,48.38638,-89.2786699,92,4137
3536,48.38537,-89.2787,93,4264
3536,48.38533,-89.2786699,94,4272
3536,48.3852599,-89.2786399,95,4282
3536,48.38431,-89.27861,96,4387
3536,48.38419,-89.2785999,97,4394
3536,48.3841399,-89.27856,98,4405
3536,48.38409,-89.2784099,99,4418
3536,48.38405,-89.27754,100,4475
3536,48.38408,-89.2775199,101,4483
3536,48.3841099,-89.27622,102,4586
3536,48.3841099,-89.2746899,103,4700
3536,48.3841099,-89.2733,104,4800
3536,48.38407,-89.27232,105,4867
3536,48.3840999,-89.2721299,106,4884
3536,48.3841399,-89.27083,107,4984
3536,48.38416,-89.27029,108,5016
3536,48.3842099,-89.27022,109,5025
3536,48.3851,-89.2702599,110,5127
3536,48.3860799,-89.27025,111,5234
3536,48.3867999,-89.2702699,112,5313
3536,48.3874199,-89.2704999,113,5382
3536,48.38786,-89.27049,114,5430
3536,48.38809,-89.27054,115,5460
3536,48.38813,-89.27064,116,5467
3536,48.38812,-89.2707599,117,5476
3536,48.3880499,-89.27084,118,5483
3536,48.38796,-89.2708599,119,5490
3536,48.38789,-89.2708199,120,5499
3536,48.38784,-89.27071,121,5505
3536,48.3878099,-89.27054,122,5517
3536,48.3877799,-89.2704899,123,5524
3536,48.3876499,-89.2704899,124,5533
3536,48.3876,-89.27051,125,5539
3536,48.38741,-89.2705299,126,5557
3536,48.38708,-89.27044,127,5597
3536,48.38695,-89.2703599,128,5611
3536,48.38688,-89.27034,129,5621
3536,48.38681,-89.2702999,130,5630
3536,48.3866699,-89.2702699,131,5644
3536,48.38635,-89.27034,132,5682
3536,48.3861999,-89.27028,133,5694
3536,48.3853499,-89.27028,134,5795
3536,48.38442,-89.27029,135,5896
3536,48.38419,-89.2702699,136,5919
3536,48.38413,-89.27019,137,5928
3536,48.38409,-89.26999,138,5942
3536,48.38405,-89.26998,139,5965
3536,48.3841099,-89.26827,140,6074
3536,48.38412,-89.2669099,141,6176
3536,48.38406,-89.26556,142,6271
3536,48.38409,-89.2654399,143,6278
3536,48.3840999,-89.2640599,144,6383
3536,48.3840999,-89.26329,145,6440
3536,48.3841099,-89.2632399,146,6447
3536,48.38405,-89.26149,147,6566
3536,48.38408,-89.2614299,148,6572
3536,48.3840999,-89.25912,149,6746
3536,48.38404,-89.25864,150,6770
3536,48.38409,-89.25856,151,6787
3536,48.3841099,-89.2559799,152,6981
3536,48.38413,-89.2558499,153,6987
3536,48.3841099,-89.25475,154,7069
3536,48.38408,-89.2545399,155,7082
3536,48.3841,-89.25417,156,7107
3536,48.38408,-89.25404,157,7116
3536,48.3841099,-89.25243,158,7237
3536,48.38409,-89.25135,159,7314
3536,48.38406,-89.25124,160,7323
3536,48.3839799,-89.2511599,161,7332
3536,48.38392,-89.2511299,162,7339
3536,48.38359,-89.25119,163,7374
3536,48.3834499,-89.25118,164,7388
3536,48.3832199,-89.2510999,165,7414
3536,48.38251,-89.25108,166,7497
3536,48.38245,-89.2509899,167,7508
3536,48.3824599,-89.24957,168,7611
3536,48.38244,-89.24854,169,7689
3536,48.3824699,-89.2482999,170,7695
3536,48.3824699,-89.2468899,171,7798
3536,48.38247,-89.24602,172,7874
3538,48.38247,-89.24602,0,0
3538,48.3824699,-89.24665,1,27
3538,48.3824999,-89.2468299,2,37
3538,48.38248,-89.24767,3,97
3538,48.3824299,-89.2477499,4,104
3538,48.3822999,-89.24779,5,119
3538,48.38137,-89.24779,6,219
3538,48.38034,-89.24785,7,336
3538,48.3802999,-89.24782,8,345
3538,48.37941,-89.24783,9,468
3538,48.37825,-89.2477799,10,568
3538,48.3779699,-89.24779,11,599
3538,48.37768,-89.24793,12,633
3538,48.3769199,-89.24868,13,739
3538,48.37662,-89.24906,14,787
3538,48.3758399,-89.24974,15,893
3538,48.37505,-89.25056,16,1013
3538,48.3744199,-89.25114,17,1077
3538,48.3743499,-89.2512899,18,1089
3538,48.3743499,-89.25183,19,1128
3538,48.37441,-89.25228,20,1161
3538,48.3743899,-89.25232,21,1167
3538,48.3743899,-89.25245,22,1176
3538,48.37437,-89.25255,23,1185
3538,48.37439,-89.25375,24,1269
3538,48.37434,-89.25541,25,1376
3538,48.3743499,-89.2568999,26,1484
3538,48.37441,-89.25764,27,1556
3538,48.3743599,-89.25784,28,1568
3538,48.3743299,-89.2592299,29,1675
3538,48.37441,-89.25984,30,1718
3538,48.3743599,-89.26,31,1724
3538,48.3744,-89.26247,32,1906
3538,48.37438,-89.2625799,33,1912
3538,48.37438,-89.2639599,34,2023
3538,48.37441,-89.26526,35,2138
3538,48.3743599,-89.26565,36,2150
3538,48.37437,-89.2669799,37,2240
3538,48.37441,-89.2673,38,2292
3538,48.3743899,-89.2673,39,2301
3538,48.37437,-89.2674999,40,2318
3538,48.3744,-89.26891,41,2413
3538,48.37434,-89.27064,42,2548
3538,48.37438,-89.27206,43,2646
3538,48.37434,-89.27406,44,2769
3538,48.37439,-89.2747,45,2838
3538,48.37437,-89.27477,46,2846
3538,48.3743599,-89.27485,47,2854
3538,48.3744,-89.27648,48,2975
3538,48.37441,-89.27655,49,2984
3538,48.3743599,-89.2772599,50,3038
3538,48.37439,-89.27787,51,3101
3538,48.3743599,-89.27805,52,3116
3538,48.3743499,-89.2784399,53,3143
3538,48.37434,-89.27993,54,3261
3538,48.37438,-89.28046,55,3292
3538,48.3743499,-89.2821199,56,3394
3538,48.37437,-89.28357,57,3520
3538,48.3744,-89.2841799,58,3541
3538,48.37431,-89.28528,59,3621
3538,48.37435,-89.28679,60,3755
3538,48.3743199,-89.28853,61,3866
3538,48.3743299,-89.28936,62,3919
3538,48.37438,-89.28945,63,3928
3538,48.37444,-89.28948,64,3935
3538,48.37471,-89.28944,65,3988
3538,48.3747199,-89.28945,66,3998
3538,48.3756099,-89.2894299,67,4098
3538,48.37671,-89.28945,68,4222
3538,48.37759,-89.2894699,69,4329
3538,48.37813,-89.28943,70,4380
3538,48.3781599,-89.2894399,71,4390
3538,48.3789899,-89.2894599,72,4495
3538,48.37988,-89.2894599,73,4595
3538,48.3806,-89.28941,74,4651
3538,48.3813499,-89.2894399,75,4752
3538,48.38199,-89.28944,76,4811
3538,48.3828899,-89.2894599,77,4914
3538,48.38386,-89.2894299,78,5020
3538,48.38454,-89.28942,79,5089
3538,48.38461,-89.2894399,80,5101
3538,48.3854899,-89.28945,81,5204
3538,48.38617,-89.28944,82,5269
3538,48.38622,-89.28942,83,5275
3538,48.38714,-89.28945,84,5388
3538,48.38791,-89.28944,85,5503
3538,48.38918,-89.28945,86,5607
3538,48.38969,-89.28943,87,5661
3538,48.39055,-89.28945,88,5768
3538,48.39154,-89.2894699,89,5877
3538,48.39192,-89.28939,90,5911
3538,48.3920199,-89.28945,91,5921
3538,48.39292,-89.2894599,92,6031
3538,48.39391,-89.2894599,93,6139
3538,48.39488,-89.28947,94,6240
3538,48.39493,-89.28945,95,6251
3538,48.3958299,-89.2894599,96,6360
3538,48.39632,-89.28945,97,6398
3538,48.3972699,-89.2894699,98,6513
3538,48.39824,-89.28948,99,6623
3538,48.39888,-89.28946,100,6684
3538,48.3993999,-89.28939,101,6748
3538,48.3996999,-89.2892099,102,6785
3538,48.3999899,-89.2888399,103,6828
3538,48.4002,-89.28836,104,6872
3538,48.4002499,-89.28816,105,6890
3538,48.40028,-89.2868,106,6979
3538,48.4002899,-89.2854599,107,7085
3538,48.4002899,-89.2839799,108,7189
3538,48.4003,-89.2836599,109,7211
3538,48.40028,-89.28311,110,7250
3538,48.4002899,-89.28304,111,7257
3538,48.4002899,-89.2817,112,7360
3538,48.4002899,-89.28138,113,7381
3538,48.4002899,-89.28007,114,7477
3538,48.40023,-89.27909,115,7550
3538,48.40024,-89.27901,116,7559
3538,48.40005,-89.2782699,117,7619
3538,48.39954,-89.27728,118,7712
3538,48.39936,-89.27677,119,7751
3538,48.39922,-89.27592,120,7820
3538,48.39922,-89.27471,121,7903
3538,48.39923,-89.2746299,122,7910
3538,48.39926,-89.2745599,123,7918
3538,48.3993099,-89.2744999,124,7925
3538,48.40033,-89.27448,125,8037
3538,48.4013099,-89.2744699,126,8143
3538,48.4013699,-89.2744299,127,8150
3538,48.4014399,-89.27426,128,8162
3538,48.4014399,-89.27268,129,8278
3538,48.4014399,-89.2717799,130,8346
3538,48.4014699,-89.2716,131,8359
3538,48.40162,-89.27114,132,8395
3538,48.4018699,-89.27074,133,8437
3538,48.40228,-89.27037,134,8488
3538,48.4024,-89.27011,135,8509
3538,48.40243,-89.2699399,136,8524
3538,48.4025199,-89.2697399,137,8542
3538,48.40261,-89.26966,138,8552
3538,48.40266,-89.2696399,139,8558
3538,48.40297,-89.26967,140,8584
3539,48.37243,-89.31113,0,0
3539,48.3724199,-89.31118,1,6
3539,48.37233,-89.3112299,2,20
3539,48.37018,-89.31377,3,321
3539,48.3700899,-89.31378,4,328
3539,48.36968,-89.31355,5,380
3539,48.36951,-89.31334,6,403
3539,48.3694699,-89.31325,7,412
3539,48.36944,-89.31306,8,425
3539,48.36945,-89.31295,9,433
3539,48.36949,-89.31286,10,442
3539,48.3714399,-89.31058,11,714
3539,48.37192,-89.3097499,12,792
3539,48.372,-89.30967,13,803
3539,48.3720599,-89.30964,14,813
3539,48.3721899,-89.30953,15,828
3539,48.3724199,-89.30941,16,855
3539,48.3731,-89.3093299,17,928
3539,48.3731699,-89.30928,18,936
3539,48.3732,-89.30922,19,943
3539,48.37322,-89.3091299,20,950
3539,48.37323,-89.30725,21,1090
3539,48.3732099,-89.30701,22,1104
3539,48.37312,-89.30672,23,1127
3539,48.37299,-89.3064999,24,1148
3539,48.37286,-89.3063699,25,1163
3539,48.37269,-89.30628,26,1189
3539,48.3726199,-89.3062,27,1197
3539,48.3725799,-89.30605,28,1208
3539,48.3726,-89.30586,29,1228
3539,48.37319,-89.30412,30,1375
3539,48.3737699,-89.3029599,31,1482
3539,48.3744599,-89.30205,32,1590
3539,48.3752699,-89.3013199,33,1692
3539,48.37545,-89.30121,34,1705
3539,48.37634,-89.30078,35,1819
3539,48.3801399,-89.3005299,36,2234
3539,48.3804299,-89.3004999,37,2263
3539,48.3805599,-89.3004299,38,2275
3539,48.38061,-89.30038,39,2283
3539,48.38071,-89.30001,40,2316
3539,48.38077,-89.2963599,41,2582
3539,48.38078,-89.29612,42,2606
3539,48.38077,-89.2943599,43,2733
3539,48.38078,-89.2927,44,2852
3539,48.38077,-89.29264,45,2860
3539,48.38078,-89.29093,46,2985
3539,48.38078,-89.2894599,47,3092
3539,48.38075,-89.2887,48,3149
3539,48.38077,-89.28853,49,3156
3539,48.38077,-89.28722,50,3259
3539,48.38074,-89.28633,51,3320
3539,48.38077,-89.2861799,52,3334
3539,48.38078,-89.2846799,53,3446
3539,48.38078,-89.28327,54,3555
3539,48.3808,-89.2817,55,3660
3539,48.38077,-89.2816,56,3671
3539,48.38077,-89.2802699,57,3777
3539,48.38077,-89.27885,58,3881
3539,48.38079,-89.2774,59,3974
3539,48.3807899,-89.27734,60,3981
3539,48.3808,-89.27728,61,3988
3539,48.38081,-89.27586,62,4094
3539,48.38081,-89.27448,63,4201
3539,48.38078,-89.27317,64,4293
3539,48.38081,-89.27196,65,4394
3539,48.3808,-89.2706199,66,4498
3539,48.38081,-89.2692099,67,4598
3539,48.38081,-89.2678299,68,4704
3539,48.38078,-89.2668,69,4762
3539,48.3807599,-89.26673,70,4770
3539,48.38077,-89.26535,71,4876
3539,48.38077,-89.26411,72,4961
3539,48.3807899,-89.26279,73,5063
3539,48.3807899,-89.2613699,74,5172
3539,48.38076,-89.26049,75,5228
3539,48.38077,-89.26047,76,5234
3539,48.38078,-89.2604099,77,5240
3539,48.3807899,-89.2589399,78,5356
3539,48.3808,-89.2575999,79,5457
3539,48.38079,-89.25624,80,5550
3539,48.38081,-89.2545099,81,5677
3539,48.38081,-89.2535199,82,5740
3539,48.38081,-89.25176,83,5880
3539,48.38081,-89.25143,84,5902
3539,48.38084,-89.2499,85,6024
3539,48.38081,-89.24984,86,6030
3539,48.3808199,-89.24979,87,6036
3539,48.3808499,-89.2483399,88,6144
3539,48.3808499,-89.24691,89,6247
3539,48.3808499,-89.24668,90,6261
3539,48.3809,-89.2465999,91,6271
3539,48.38094,-89.2465699,92,6277
3539,48.38192,-89.2465599,93,6385
3539,48.38247,-89.24602,94,6424
3541,48.37243,-89.31113,0,0
3541,48.3724199,-89.31118,1,6
3541,48.37233,-89.3112299,2,20
3541,48.37018,-89.31377,3,321
3541,48.3700899,-89.31378,4,328
3541,48.36968,-89.31355,5,380
3541,48.36951,-89.31334,6,403
3541,48.3694699,-89.31325,7,412
3541,48.36944,-89.31306,8,425
3541,48.36945,-89.31295,9,433
3541,48.36949,-89.31286,10,442
3541,48.3714399,-89.31058,11,714
3541,48.37192,-89.3097499,12,792
3541,48.372,-89.30967,13,803
3541,48.3720599,-89.30964,14,813
3541,48.3721899,-89.30953,15,828
3541,48.3724199,-89.30941,16,855
3541,48.3731,-89.3093299,17,928
3541,48.3731699,-89.30928,18,936
3541,48.3732,-89.30922,19,943
3541,48.37322,-89.3091299,20,950
3541,48.37323,-89.30725,21,1090
3541,48.3732099,-89.30701,22,1104
3541,48.37312,-89.30672,23,1127
3541,48.37299,-89.3064999,24,1148
3541,48.37286,-89.3063699,25,1163
3541,48.37269,-89.30628,26,1189
3541,48.3726199,-89.3062,27,1197
3541,48.3725799,-89.30605,28,1208
3541,48.3726,-89.30586,29,1228
3541,48.37319,-89.30412,30,1375
3541,48.3737699,-89.3029599,31,1482
3541,48.3744599,-89.30205,32,1590
3541,48.3752699,-89.3013199,33,1692
3541,48.37545,-89.30121,34,1705
3541,48.37634,-89.30078,35,1819
3541,48.3801399,-89.3005299,36,2234
3541,48.3804299,-89.3004999,37,2263
3541,48.3805599,-89.3004299,38,2275
3541,48.38061,-89.30038,39,2283
3541,48.38071,-89.30001,40,2316
3541,48.38077,-89.2963599,41,2582
3541,48.38078,-89.29612,42,2606
3541,48.38077,-89.2943599,43,2733
3541,48.38078,-89.2927,44,2852
3541,48.38077,-89.29264,45,2860
3541,48.38078,-89.29093,46,2985
3541,48.38078,-89.2894599,47,3092
3541,48.38075,-89.2887,48,3149
3541,48.38077,-89.28853,49,3156
3541,48.38077,-89.28722,50,3259
3541,48.38074,-89.28633,51,3320
3541,48.38077,-89.2861799,52,3334
3541,48.38078,-89.2846799,53,3446
3541,48.38078,-89.28327,54,3555
3541,48.3808,-89.2817,55,3660
3541,48.38077,-89.2816,56,3671
3541,48.38077,-89.2802699,57,3777
3541,48.38077,-89.27885,58,3881
3541,48.38079,-89.2774,59,3974
3541,48.3807899,-89.27734,60,3981
3541,48.3808,-89.27728,61,3988
3541,48.38081,-89.27586,62,4094
3541,48.38081,-89.27448,63,4201
3541,48.38078,-89.27317,64,4293
3541,48.38081,-89.27196,65,4394
3541,48.3808,-89.2706199,66,4498
3541,48.38081,-89.2692099,67,4598
3541,48.38081,-89.2678299,68,4704
3541,48.38078,-89.2668,69,4762
3541,48.3807599,-89.26673,70,4770
3541,48.38077,-89.26535,71,4876
3541,48.38077,-89.26411,72,4961
3541,48.3807899,-89.26279,73,5063
3541,48.3807899,-89.2613699,74,5172
3541,48.38076,-89.26049,75,5228
3541,48.38077,-89.26047,76,5234
3541,48.38078,-89.2604099,77,5240
3541,48.3807899,-89.2589399,78,5356
3541,48.3808,-89.2575999,79,5457
3541,48.38079,-89.25624,80,5550
3541,48.38081,-89.2545099,81,5677
3541,48.38081,-89.2535199,82,5740
3541,48.38081,-89.25176,83,5880
3541,48.38081,-89.25143,84,5902
3541,48.38084,-89.2499,85,6024
3541,48.38081,-89.24984,86,6030
3541,48.3808199,-89.24979,87,6036
3541,48.3808499,-89.2483399,88,6144
3541,48.3808499,-89.24691,89,6247
3541,48.3808499,-89.24668,90,6261
3541,48.3809,-89.2465999,91,6271
3541,48.38094,-89.2465699,92,6277
3541,48.38192,-89.2465599,93,6385
3541,48.38247,-89.24602,94,6424
3542,48.37243,-89.31113,0,0
3542,48.3724199,-89.31118,1,6
3542,48.37233,-89.3112299,2,20
3542,48.37018,-89.31377,3,321
3542,48.3700899,-89.31378,4,328
3542,48.36968,-89.31355,5,380
3542,48.36951,-89.31334,6,403
3542,48.3694699,-89.31325,7,412
3542,48.36944,-89.31306,8,425
3542,48.36945,-89.31295,9,433
3542,48.36949,-89.31286,10,442
3542,48.3714399,-89.31058,11,714
3542,48.37192,-89.3097499,12,792
3542,48.372,-89.30967,13,803
3542,48.3720599,-89.30964,14,813
3542,48.3721899,-89.30953,15,828
3542,48.3724199,-89.30941,16,855
3542,48.3731,-89.3093299,17,928
3542,48.3731699,-89.30928,18,936
3542,48.3732,-89.30922,19,943
3542,48.37322,-89.3091299,20,950
3542,48.37323,-89.30725,21,1090
3542,48.3732099,-89.30701,22,1104
3542,48.37312,-89.30672,23,1127
3542,48.37299,-89.3064999,24,1148
3542,48.37286,-89.3063699,25,1163
3542,48.37269,-89.30628,26,1189
3542,48.3726199,-89.3062,27,1197
3542,48.3725799,-89.30605,28,1208
3542,48.3726,-89.30586,29,1228
3542,48.37319,-89.30412,30,1375
3542,48.3737699,-89.3029599,31,1482
3542,48.3744599,-89.30205,32,1590
3542,48.3752699,-89.3013199,33,1692
3542,48.37545,-89.30121,34,1705
3542,48.37634,-89.30078,35,1819
3542,48.3801399,-89.3005299,36,2234
3542,48.3804299,-89.3004999,37,2263
3542,48.3805599,-89.3004299,38,2275
3542,48.38061,-89.30038,39,2283
3542,48.38071,-89.30001,40,2316
3542,48.38077,-89.2963599,41,2582
3542,48.38078,-89.29612,42,2606
3542,48.38077,-89.2943599,43,2733
3542,48.38078,-89.2927,44,2852
3542,48.38077,-89.29264,45,2860
3542,48.38078,-89.29093,46,2985
3542,48.38078,-89.2894599,47,3092
3542,48.38075,-89.2887,48,3149
3542,48.38077,-89.28853,49,3156
3542,48.38077,-89.28722,50,3259
3542,48.38074,-89.28633,51,3320
3542,48.38077,-89.2861799,52,3334
3542,48.38078,-89.2846799,53,3446
3542,48.38078,-89.28327,54,3555
3542,48.3808,-89.2817,55,3660
3542,48.38077,-89.2816,56,3671
3542,48.38077,-89.2802699,57,3777
3542,48.38077,-89.27885,58,3881
3542,48.38079,-89.2774,59,3974
3542,48.3807899,-89.27734,60,3981
3542,48.3808,-89.27728,61,3988
3542,48.38081,-89.27586,62,4094
3542,48.38081,-89.27448,63,4201
3542,48.38078,-89.27317,64,4293
3542,48.38081,-89.27196,65,4394
3542,48.3808,-89.2706199,66,4498
3542,48.38081,-89.2692099,67,4598
3542,48.38081,-89.2678299,68,4704
3542,48.38078,-89.2668,69,4762
3542,48.3807599,-89.26673,70,4770
3542,48.38077,-89.26535,71,4876
3542,48.38077,-89.26411,72,4961
3542,48.3807899,-89.26279,73,5063
3542,48.3807899,-89.2613699,74,5172
3542,48.38076,-89.26049,75,5228
3542,48.38077,-89.26047,76,5234
3542,48.38078,-89.2604099,77,5240
3542,48.3807899,-89.2589399,78,5356
3542,48.3808,-89.2575999,79,5457
3542,48.38079,-89.25624,80,5550
3542,48.38081,-89.2545099,81,5677
3542,48.38081,-89.2535199,82,5740
3542,48.38081,-89.25176,83,5880
3542,48.38081,-89.25143,84,5902
3542,48.38084,-89.2499,85,6024
3542,48.38081,-89.24984,86,6030
3542,48.3808199,-89.24979,87,6036
3542,48.3808499,-89.2483399,88,6144
3542,48.3808499,-89.24691,89,6247
3542,48.3808499,-89.24668,90,6261
3542,48.3809,-89.2465999,91,6271
3542,48.38094,-89.2465699,92,6277
3542,48.38192,-89.2465599,93,6385
3542,48.38247,-89.24602,94,6424
3543,48.40297,-89.26967,0,0
3543,48.40296,-89.26969,1,7
3543,48.403,-89.26986,2,19
3543,48.40299,-89.27021,3,42
3543,48.40293,-89.2702699,4,52
3543,48.40247,-89.2703299,5,102
3543,48.4020899,-89.2705599,6,150
3543,48.40181,-89.27087,7,186
3543,48.4016999,-89.27107,8,205
3543,48.40166,-89.2710899,9,212
3543,48.40156,-89.27107,10,221
3543,48.4014999,-89.27103,11,229
3543,48.40136,-89.27083,12,251
3543,48.40093,-89.27061,13,297
3543,48.4009,-89.27058,14,303
3543,48.4008499,-89.27047,15,317
3543,48.4006,-89.2690099,16,424
3543,48.4006,-89.26891,17,433
3543,48.40057,-89.26873,18,450
3543,48.4004899,-89.26861,19,462
3543,48.4004199,-89.26857,20,470
3543,48.40028,-89.2686,21,483
3543,48.39994,-89.26883,22,517
3543,48.39988,-89.2687899,23,524
3543,48.39922,-89.26884,24,595
3543,48.3991699,-89.26894,25,604
3543,48.39916,-89.2690199,26,611
3543,48.3991699,-89.2703599,27,712
3543,48.3991699,-89.27179,28,822
3543,48.39918,-89.27324,29,923
3543,48.3992099,-89.27442,30,1007
3543,48.39916,-89.27458,31,1019
3543,48.3991099,-89.27464,32,1028
3543,48.3989699,-89.2746899,33,1044
3543,48.39863,-89.2747,34,1078
3543,48.3986,-89.2746599,35,1086
3543,48.3977299,-89.2746999,36,1188
3543,48.3973699,-89.27481,37,1219
3543,48.39658,-89.27548,38,1321
3543,48.3965399,-89.27547,39,1330
3543,48.3964499,-89.27554,40,1340
3543,48.3964099,-89.2756,41,1349
3543,48.3955999,-89.2763699,42,1452
3543,48.39552,-89.27646,43,1458
3543,48.39495,-89.27702,44,1536
3543,48.3948999,-89.2771199,45,1545
3543,48.39437,-89.27754,46,1610
3543,48.3942799,-89.2777099,47,1624
3543,48.39423,-89.2779399,48,1644
3543,48.39413,-89.27805,49,1656
3543,48.39316,-89.27841,50,1762
3543,48.39311,-89.27846,51,1774
3543,48.3921799,-89.2786399,52,1882
3543,48.39175,-89.27868,53,1922
3543,48.39098,-89.27869,54,2018
3543,48.39088,-89.27872,55,2025
3543,48.39052,-89.27868,56,2063
3543,48.3904399,-89.27871,57,2074
3543,48.38957,-89.2786999,58,2178
3543,48.38862,-89.27865,59,2284
3543,48.38852,-89.27874,60,2316
3543,48.38826,-89.27866,61,2330
3543,48.38733,-89.27866,62,2432
3543,48.38638,-89.2786699,63,2539
3543,48.38537,-89.2787,64,2666
3543,48.38438,-89.27865,65,2749
3543,48.38435,-89.2786399,66,2755
3543,48.38387,-89.27868,67,2837
3543,48.38274,-89.27865,68,2962
3543,48.38216,-89.27865,69,3029
3543,48.3820099,-89.2786699,70,3043
3543,48.38196,-89.27865,71,3052
3543,48.38103,-89.27861,72,3158
3543,48.3801299,-89.27861,73,3258
3543,48.37957,-89.27865,74,3314
3543,48.3784899,-89.2786299,75,3435
3543,48.37742,-89.2785999,76,3547
3543,48.37684,-89.27865,77,3620
3543,48.37674,-89.27862,78,3629
3543,48.3758299,-89.2785999,79,3735
3543,48.37483,-89.27859,80,3848
3543,48.37473,-89.27859,81,3855
3543,48.3739,-89.27862,82,3946
3543,48.3738699,-89.27858,83,3952
3543,48.373,-89.27859,84,4052
3543,48.37271,-89.27865,85,4076
3543,48.37269,-89.27862,86,4084
3543,48.3717999,-89.2785999,87,4184
3543,48.37097,-89.27862,88,4270
3543,48.37001,-89.27858,89,4382
3543,48.36906,-89.2785699,90,4489
3543,48.36809,-89.2786,91,4595
3543,48.36711,-89.2785699,92,4708
3543,48.36611,-89.27858,93,4815
3543,48.36514,-89.27859,94,4919
3543,48.36483,-89.27863,95,4952
3543,48.36472,-89.27859,96,4963
3543,48.3642099,-89.27856,97,5018
3543,48.36403,-89.2785999,98,5037
3543,48.3639799,-89.27871,99,5047
3543,48.36397,-89.27879,100,5054
3543,48.36401,-89.2802,101,5155
3543,48.364,-89.28088,102,5202
3543,48.36406,-89.28133,103,5232
3543,48.3643,-89.2815599,104,5240
3543,48.36553,-89.28151,105,5375
3544,48.40297,-89.26967,0,0
3544,48.40296,-89.26969,1,7
3544,48.403,-89.26986,2,19
3544,48.40299,-89.27021,3,42
3544,48.40293,-89.2702699,4,52
3544,48.40247,-89.2703299,5,102
3544,48.4020899,-89.2705599,6,150
3544,48.40181,-89.27087,7,186
3544,48.4016999,-89.27107,8,205
3544,48.40166,-89.2710899,9,212
3544,48.40156,-89.27107,10,221
3544,48.4014999,-89.27103,11,229
3544,48.40136,-89.27083,12,251
3544,48.40093,-89.27061,13,297
3544,48.4009,-89.27058,14,303
3544,48.4008499,-89.27047,15,317
3544,48.4006,-89.2690099,16,424
3544,48.4006,-89.26891,17,433
3544,48.40057,-89.26873,18,450
3544,48.4004899,-89.26861,19,462
3544,48.4004199,-89.26857,20,470
3544,48.40028,-89.2686,21,483
3544,48.39994,-89.26883,22,517
3544,48.39988,-89.2687899,23,524
3544,48.39922,-89.26884,24,595
3544,48.3991699,-89.26894,25,604
3544,48.39916,-89.2690199,26,611
3544,48.3991699,-89.2703599,27,712
3544,48.3991699,-89.27179,28,822
3544,48.39918,-89.27324,29,923
3544,48.3992099,-89.27442,30,1007
3544,48.39916,-89.27458,31,1019
3544,48.3991099,-89.27464,32,1028
3544,48.3989699,-89.2746899,33,1044
3544,48.39863,-89.2747,34,1078
3544,48.3986,-89.2746599,35,1086
3544,48.3977299,-89.2746999,36,1188
3544,48.3973699,-89.27481,37,1219
3544,48.39658,-89.27548,38,1321
3544,48.3965399,-89.27547,39,1330
3544,48.3964499,-89.27554,40,1340
3544,48.3964099,-89.2756,41,1349
3544,48.3955999,-89.2763699,42,1452
3544,48.39552,-89.27646,43,1458
3544,48.39495,-89.27702,44,1536
3544,48.39492,-89.2771,45,1543
3544,48.3944099,-89.2774899,46,1606
3544,48.3943099,-89.2776499,47,1621
3544,48.3942799,-89.2777499,48,1631
3544,48.39427,-89.27787,49,1642
3544,48.3943,-89.27812,50,1659
3544,48.3946799,-89.27937,51,1759
3544,48.39473,-89.28046,52,1834
3544,48.39419,-89.2823699,53,1982
3544,48.39397,-89.28371,54,2089
3544,48.39396,-89.28505,55,2179
3544,48.39403,-89.28585,56,2242
3544,48.394,-89.2859499,57,2250
3544,48.3939899,-89.28601,58,2256
3544,48.3939499,-89.28731,59,2357
3544,48.39396,-89.2887499,60,2459
3544,48.39404,-89.28913,61,2488
3544,48.3939899,-89.2892399,62,2495
3544,48.39394,-89.28952,63,2518
3544,48.3939,-89.2895699,64,2525
3544,48.39377,-89.28961,65,2537
3544,48.39278,-89.28959,66,2646
3544,48.39261,-89.28967,67,2666
3544,48.39252,-89.2895999,68,2673
3544,48.39154,-89.28954,69,2788
3544,48.39052,-89.28951,70,2896
3544,48.39022,-89.28952,71,2924
3544,48.3901,-89.28949,72,2937
3544,48.39007,-89.28945,73,2943
3544,48.39004,-89.2888,74,2989
3544,48.3900799,-89.2887,75,3002
3544,48.3901,-89.2874699,76,3105
3544,48.39006,-89.28652,77,3200
3544,48.3901,-89.28506,78,3309
3544,48.3900799,-89.28371,79,3411
3544,48.39005,-89.2832,80,3441
3544,48.3900799,-89.28157,81,3542
3544,48.3900799,-89.2801,82,3640
3544,48.39006,-89.27926,83,3704
3544,48.39006,-89.2790599,84,3718
3544,48.39007,-89.27898,85,3726
3544,48.39007,-89.27875,86,3743
3544,48.39003,-89.2786699,87,3751
3544,48.3889899,-89.2786699,88,3864
3544,48.38852,-89.27874,89,3914
3544,48.38826,-89.27866,90,3928
3544,48.38733,-89.27866,91,4030
3544,48.38638,-89.2786699,92,4137
3544,48.38537,-89.2787,93,4264
3544,48.38533,-89.2786699,94,4272
3544,48.3852599,-89.2786399,95,4282
3544,48.38431,-89.27861,96,4387
3544,48.38419,-89.2785999,97,4394
3544,48.3841399,-89.27856,98,4405
3544,48.38409,-89.2784099,99,4418
3544,48.38405,-89.27754,100,4475
3544,48.38408,-89.2775199,101,4483
3544,48.3841099,-89.27622,102,4586
3544,48.3841099,-89.2746899,103,4700
3544,48.3841099,-89.2733,104,4800
3544,48.38407,-89.27232,105,4867
3544,48.3840999,-89.2721299,106,4884
3544,48.3841399,-89.27083,107,4984
3544,48.38416,-89.27029,108,5016
3544,48.3842099,-89.27022,109,5025
3544,48.3851,-89.2702599,110,5127
3544,48.3860799,-89.27025,111,5234
3544,48.3867999,-89.2702699,112,5313
3544,48.3874199,-89.2704999,113,5382
3544,48.38786,-89.27049,114,5430
3544,48.38809,-89.27054,115,5460
3544,48.38813,-89.27064,116,5467
3544,48.38812,-89.2707599,117,5476
3544,48.3880499,-89.27084,118,5483
3544,48.38796,-89.2708599,119,5490
3544,48.38789,-89.2708199,120,5499
3544,48.38784,-89.27071,121,5505
3544,48.3878099,-89.27054,122,5517
3544,48.3877799,-89.2704899,123,5524
3544,48.3876499,-89.2704899,124,5533
3544,48.3876,-89.27051,125,5539
3544,48.38741,-89.2705299,126,5557
3544,48.38708,-89.27044,127,5597
3544,48.38695,-89.2703599,128,5611
3544,48.38688,-89.27034,129,5621
3544,48.38681,-89.2702999,130,5630
3544,48.3866699,-89.2702699,131,5644
3544,48.38635,-89.27034,132,5682
3544,48.3861999,-89.27028,133,5694
3544,48.3853499,-89.27028,134,5795
3544,48.38442,-89.27029,135,5896
3544,48.38419,-89.2702699,136,5919
3544,48.38413,-89.27019,137,5928
3544,48.38409,-89.26999,138,5942
3544,48.38405,-89.26998,139,5965
3544,48.3841099,-89.26827,140,6074
3544,48.38412,-89.2669099,141,6176
3544,48.38406,-89.26556,142,6271
3544,48.38409,-89.2654399,143,6278
3544,48.3840999,-89.2640599,144,6383
3544,48.3840999,-89.26329,145,6440
3544,48.3841099,-89.2632399,146,6447
3544,48.38405,-89.26149,147,6566
3544,48.38408,-89.2614299,148,6572
3544,48.3840999,-89.25912,149,6746
3544,48.38404,-89.25864,150,6770
3544,48.38409,-89.25856,151,6787
3544,48.3841099,-89.2559799,152,6981
3544,48.38413,-89.2558499,153,6987
3544,48.3841099,-89.25475,154,7069
3544,48.38408,-89.2545399,155,7082
3544,48.3841,-89.25417,156,7107
3544,48.38408,-89.25404,157,7116
3544,48.3841099,-89.25243,158,7237
3544,48.38409,-89.25135,159,7314
3544,48.38406,-89.25124,160,7323
3544,48.3839799,-89.2511599,161,7332
3544,48.38392,-89.2511299,162,7339
3544,48.38359,-89.25119,163,7374
3544,48.3834499,-89.25118,164,7388
3544,48.3832199,-89.2510999,165,7414
3544,48.38251,-89.25108,166,7497
3544,48.38245,-89.2509899,167,7508
3544,48.3824599,-89.24957,168,7611
3544,48.38244,-89.24854,169,7689
3544,48.3824699,-89.2482999,170,7695
3544,48.3824699,-89.2468899,171,7798
3544,48.38247,-89.24602,172,7874
3545,48.38247,-89.24602,0,0
3545,48.3819999,-89.2455,1,22
3545,48.3819699,-89.24549,2,28
3545,48.38101,-89.2455499,3,128
3545,48.38091,-89.24557,4,138
3545,48.38088,-89.24566,5,146
3545,48.38088,-89.24579,6,154
3545,48.38091,-89.24602,7,175
3545,48.3809,-89.24717,8,262
3545,48.3809199,-89.2473,9,275
3545,48.38092,-89.24921,10,400
3545,48.38091,-89.24928,11,406
3545,48.3808899,-89.25052,12,510
3545,48.38091,-89.25162,13,579
3545,48.3809199,-89.2516499,14,585
3545,48.38091,-89.25298,15,687
3545,48.3809,-89.25439,16,794
3545,48.38093,-89.25512,17,832
3545,48.38091,-89.2558,18,856
3545,48.3809199,-89.2558899,19,864
3545,48.3809,-89.25721,20,969
3545,48.38091,-89.25862,21,1069
3545,48.38095,-89.26028,22,1189
3545,48.3809199,-89.2604099,23,1199
3545,48.38093,-89.2604799,24,1206
3545,48.38091,-89.26201,25,1318
3545,48.38097,-89.26285,26,1369
3545,48.3809,-89.26286,27,1377
3545,48.3808899,-89.26421,28,1481
3545,48.3809,-89.26558,29,1586
3545,48.3808899,-89.2670099,30,1691
3545,48.38093,-89.26814,31,1764
3545,48.3809199,-89.26817,32,1770
3545,48.38091,-89.26946,33,1874
3545,48.3809,-89.27093,34,1986
3545,48.3809,-89.27252,35,2081
3545,48.38091,-89.2725999,36,2090
3545,48.38091,-89.27392,37,2197
3545,48.38091,-89.27541,38,2303
3545,48.38094,-89.27606,39,2345
3545,48.3809199,-89.27603,40,2355
3545,48.3809199,-89.2763399,41,2379
3545,48.3809199,-89.2784399,42,2530
3545,48.38098,-89.27852,43,2541
3545,48.3819699,-89.2785299,44,2667
3545,48.38269,-89.27851,45,2721
3545,48.38268,-89.27849,46,2727
3545,48.3826899,-89.27849,47,2737
3545,48.3828,-89.2785399,48,2750
3545,48.38379,-89.2785699,49,2854
3545,48.38402,-89.27858,50,2875
3545,48.3841399,-89.2786299,51,2892
3545,48.38416,-89.2787999,52,2904
3545,48.38416,-89.2802099,53,3011
3545,48.38418,-89.28147,54,3094
3545,48.3841399,-89.28338,55,3197
3545,48.38413,-89.28409,56,3248
3545,48.3840699,-89.28416,57,3258
3545,48.38328,-89.28421,58,3364
3545,48.3825599,-89.28416,59,3439
3545,48.3824999,-89.28409,60,3449
3545,48.3824699,-89.28397,61,3457
3545,48.38248,-89.28256,62,3562
3545,48.38246,-89.28134,63,3651
3545,48.38244,-89.2812299,64,3658
3545,48.38244,-89.2792199,65,3814
3545,48.3824599,-89.27869,66,3846
3545,48.38242,-89.27862,67,3853
3545,48.38235,-89.2785999,68,3859
3545,48.38216,-89.27865,69,3884
3545,48.38209,-89.27868,70,3891
3545,48.38116,-89.2786999,71,3994
3545,48.38104,-89.2786999,72,4005
3545,48.3809199,-89.27874,73,4018
3545,48.38088,-89.2788699,74,4027
3545,48.38088,-89.2790599,75,4044
3545,48.3809,-89.27917,76,4050
3545,48.3808899,-89.28059,77,4153
3545,48.38088,-89.28093,78,4173
3545,48.3809,-89.28094,79,4179
3545,48.38088,-89.2822499,80,4281
3545,48.3809,-89.2838899,81,4399
3545,48.3809,-89.2841799,82,4417
3545,48.38096,-89.28515,83,4495
3545,48.3809599,-89.2851399,84,4501
3545,48.3809,-89.28696,85,4642
3545,48.3809199,-89.28837,86,4749
3545,48.3809199,-89.28991,87,4855
3545,48.38094,-89.29067,88,4905
3545,48.38091,-89.29073,89,4911
3545,48.38091,-89.2907799,90,4917
3545,48.3809199,-89.2908499,91,4924
3545,48.3809,-89.2922599,92,5036
3545,48.3808899,-89.2937299,93,5139
3545,48.3809,-89.29512,94,5247
3545,48.3809,-89.2956399,95,5278
3545,48.38096,-89.29645,96,5336
3545,48.3809,-89.29658,97,5345
3545,48.3809,-89.29792,98,5449
3545,48.3809,-89.2982299,99,5463
3545,48.3809,-89.30077,100,5650
3545,48.3809,-89.30213,101,5756
3545,48.38091,-89.30356,102,5862
3545,48.38088,-89.30494,103,5962
3545,48.38093,-89.30578,104,6007
3545,48.38091,-89.30583,105,6016
3545,48.3809,-89.3072199,106,6117
3545,48.3809,-89.30909,107,6235
3545,48.38091,-89.30892,108,6241
3545,48.3809,-89.3089999,109,6249
3545,48.3809,-89.30907,110,6256
3545,48.3808899,-89.30912,111,6262
3545,48.38087,-89.3103099,112,6347
3545,48.3808599,-89.3103699,113,6358
3545,48.38083,-89.3115,114,6439
3545,48.38081,-89.3115599,115,6446
3545,48.3807199,-89.31167,116,6458
3545,48.3802299,-89.31193,117,6515
3545,48.37993,-89.31229,118,6559
3545,48.37972,-89.3127099,119,6600
3545,48.37953,-89.3133599,120,6649
3545,48.37946,-89.31555,121,6811
3545,48.3794099,-89.3156599,122,6821
3545,48.37937,-89.3156999,123,6828
3545,48.3791799,-89.31577,124,6849
3545,48.3791099,-89.31577,125,6859
3545,48.37809,-89.3165099,126,6984
3545,48.3779699,-89.31669,127,7000
3545,48.37713,-89.32021,128,7274
3545,48.37631,-89.32376,129,7552
3545,48.37611,-89.3246,130,7617
3545,48.3760999,-89.3247799,131,7628
3545,48.37611,-89.32486,132,7634
3545,48.3761999,-89.3250099,133,7647
3545,48.37622,-89.3251199,134,7657
3545,48.37615,-89.32523,135,7666
3545,48.37605,-89.3252,136,7675
3545,48.37599,-89.3250799,137,7684
3545,48.37599,-89.3250199,138,7690
3545,48.37648,-89.32317,139,7837
3545,48.3765599,-89.32274,140,7864
3545,48.37674,-89.32155,141,7956
3545,48.37691,-89.32116,142,7972
3545,48.3772099,-89.3197999,143,8074
3545,48.37752,-89.31843,144,8185
3545,48.3778699,-89.31696,145,8295
3545,48.37795,-89.31662,146,8320
3545,48.37785,-89.3153599,147,8412
3545,48.3778999,-89.31512,148,8431
3545,48.37807,-89.31506,149,8464
3545,48.3779699,-89.3154599,150,8476
3545,48.37789,-89.31555,151,8486
3545,48.3778399,-89.3156899,152,8495
3545,48.3778699,-89.31577,153,8502
3545,48.3779299,-89.31639,154,8545
3545,48.37796,-89.31647,155,8551
3545,48.37804,-89.31653,156,8559
3545,48.37812,-89.3165199,157,8565
3545,48.3789199,-89.31584,158,8673
3545,48.3793,-89.3157299,159,8710
3545,48.3793499,-89.3156999,160,8717
3545,48.37943,-89.3155999,161,8726
3545,48.3794499,-89.31552,162,8734
3545,48.3794399,-89.31411,163,8842
3545,48.37956,-89.3130999,164,8908
3545,48.37969,-89.31266,165,8951
3545,48.37996,-89.31216,166,8994
3545,48.3803999,-89.31173,167,9056
3545,48.38074,-89.31158,168,9090
3545,48.38067,-89.31156,169,9115
3545,48.3807199,-89.31157,170,9143
3545,48.3808,-89.3114199,171,9154
3545,48.38078,-89.3094599,172,9298
3545,48.38074,-89.30845,173,9369
3545,48.38077,-89.3083099,174,9375
3545,48.38077,-89.3070899,175,9477
3545,48.38078,-89.30566,176,9579
3545,48.38078,-89.30533,177,9599
3545,48.38074,-89.30479,178,9637
3545,48.3807599,-89.30477,179,9648
3545,48.38067,-89.3013099,180,9900
3545,48.3806299,-89.30113,181,9918
3545,48.38054,-89.3009899,182,9931
3545,48.3803999,-89.3009199,183,9947
3545,48.3789,-89.30081,184,10122
3545,48.3771799,-89.30078,185,10313
3545,48.3761899,-89.3009899,186,10424
3545,48.37525,-89.3015099,187,10535
3545,48.37443,-89.30232,188,10644
3545,48.37366,-89.30353,189,10768
3545,48.3733399,-89.30425,190,10824
3545,48.37316,-89.30492,191,10879
3545,48.37313,-89.30541,192,10914
3545,48.37336,-89.30684,193,11020
3545,48.37323,-89.31007,194,11259
3545,48.3731699,-89.31019,195,11270
3545,48.3725899,-89.31086,196,11349
3545,48.37243,-89.31113,197,11375
3546,48.36934,-89.30546,0,0
3546,48.36936,-89.30546,1,8
3546,48.3693999,-89.3052599,2,21
3546,48.36939,-89.30395,3,121
3546,48.36936,-89.3036,4,153
3546,48.36939,-89.30344,5,159
3546,48.36939,-89.30203,6,267
3546,48.36937,-89.30129,7,315
3546,48.36939,-89.2998399,8,427
3546,48.3693999,-89.2994,9,452
3546,48.36936,-89.29934,10,487
3546,48.3693999,-89.2977699,11,588
3546,48.36936,-89.29653,12,702
3546,48.36941,-89.2948499,13,804
3546,48.3694,-89.29385,14,898
3546,48.3694299,-89.2926,15,1001
3546,48.3694299,-89.2921299,16,1030
3546,48.36941,-89.29065,17,1154
3546,48.3693999,-89.2899599,18,1178
3546,48.36941,-89.28987,19,1187
3546,48.3693999,-89.28982,20,1194
3546,48.36941,-89.2884,21,1300
3546,48.36939,-89.2881,22,1340
3546,48.36941,-89.28639,23,1447
3546,48.36939,-89.28547,24,1533
3546,48.36941,-89.2836199,25,1641
3546,48.36941,-89.2821499,26,1752
3546,48.36939,-89.28187,27,1787
3546,48.3692999,-89.2815199,28,1797
3546,48.36919,-89.2815599,29,1808
3546,48.3674899,-89.28157,30,1995
3546,48.36741,-89.28161,31,2030
3546,48.3673699,-89.28163,32,2039
3546,48.36646,-89.28157,33,2143
3546,48.36594,-89.2816,34,2194
3546,48.36583,-89.2816,35,2206
3546,48.3657599,-89.28158,36,2215
3546,48.36521,-89.28158,37,2274
3546,48.36511,-89.2815499,38,2287
3546,48.3650699,-89.2814899,39,2295
3546,48.36506,-89.281,40,2318
3546,48.3650399,-89.2809599,41,2326
3546,48.36509,-89.2794,42,2443
3546,48.36505,-89.27885,43,2482
3546,48.3650699,-89.27869,44,2490
3546,48.36507,-89.27824,45,2533
3546,48.36508,-89.27659,46,2652
3546,48.36506,-89.27599,47,2693
3546,48.3650399,-89.2758499,48,2701
3546,48.36505,-89.2758,49,2708
3546,48.3650699,-89.27442,50,2815
3546,48.36508,-89.2740999,51,2828
3546,48.36509,-89.27294,52,2915
3546,48.3651599,-89.2728,53,2928
3546,48.36521,-89.27277,54,2935
3546,48.36542,-89.27278,55,2959
3546,48.36547,-89.2728,56,2967
3546,48.36636,-89.2728199,57,3074
3546,48.3673699,-89.2728199,58,3188
3546,48.36806,-89.27278,59,3277
3546,48.36833,-89.2727199,60,3286
3546,48.3683499,-89.2713099,61,3389
3546,48.36831,-89.26988,62,3517
3546,48.3683,-89.2698399,63,3525
3546,48.36833,-89.26851,64,3628
3546,48.36833,-89.26804,65,3661
3546,48.36831,-89.26742,66,3735
3546,48.3683,-89.26733,67,3742
3546,48.36833,-89.2671499,68,3756
3546,48.36834,-89.26582,69,3857
3546,48.36834,-89.2643,70,3969
3546,48.36833,-89.26415,71,3976
3546,48.36834,-89.2639899,72,3989
3546,48.36831,-89.26401,73,4017
3546,48.36833,-89.26224,74,4121
3546,48.36833,-89.26224,75,4153
3546,48.36834,-89.26151,76,4177
3546,48.36836,-89.26146,77,4183
3546,48.3684499,-89.26139,78,4195
3546,48.36882,-89.26138,79,4257
3546,48.36889,-89.26141,80,4266
3546,48.3697999,-89.2613999,81,4372
3546,48.3707,-89.26141,82,4473
3546,48.37147,-89.26137,83,4521
3546,48.3726799,-89.26141,84,4637
3546,48.3736399,-89.2613999,85,4739
3546,48.37389,-89.26136,86,4790
3546,48.37421,-89.26139,87,4802
3546,48.3743,-89.26131,88,4811
3546,48.3743299,-89.2611999,89,4819
3546,48.3743199,-89.2598599,90,4920
3546,48.37432,-89.25922,91,4982
3546,48.3743199,-89.2579,92,5086
3546,48.3743,-89.25693,93,5153
3546,48.3743199,-89.2567699,94,5167
3546,48.37434,-89.2567,95,5174
3546,48.37443,-89.2566099,96,5184
3546,48.37539,-89.2566099,97,5293
3546,48.37582,-89.25656,98,5336
3546,48.3758399,-89.2566,99,5342
3546,48.37673,-89.25662,100,5442
3546,48.37725,-89.25656,101,5513
3546,48.37841,-89.2566399,102,5615
3546,48.37905,-89.25656,103,5705
3546,48.3793399,-89.25665,104,5716
3546,48.3802699,-89.2566399,105,5817
3546,48.38052,-89.25658,106,5866
3546,48.38147,-89.25665,107,5971
3546,48.38228,-89.25658,108,6079
3546,48.3824999,-89.2564399,109,6086
3546,48.38249,-89.25637,110,6093
3546,48.3824999,-89.2562799,111,6102
3546,48.3824699,-89.25489,112,6210
3546,48.3824699,-89.25348,113,6314
3546,48.38247,-89.25272,114,6379
3546,48.38245,-89.2528399,115,6387
3546,48.38245,-89.25278,116,6393
3546,48.3824699,-89.2526399,117,6403
3546,48.38248,-89.2514499,118,6488
3546,48.3824699,-89.25138,119,6494
3546,48.3824699,-89.2500399,120,6596
3546,48.38244,-89.24854,121,6709
3546,48.3824699,-89.2482999,122,6715
3546,48.3824699,-89.2468899,123,6818
3546,48.38247,-89.24602,124,6894
3548,48.40297,-89.26967,0,0
3548,48.40296,-89.26969,1,7
3548,48.403,-89.26986,2,19
3548,48.40299,-89.27021,3,42
3548,48.40293,-89.2702699,4,52
3548,48.40247,-89.2703299,5,102
3548,48.4020899,-89.2705599,6,150
3548,48.40181,-89.27087,7,186
3548,48.4016999,-89.27107,8,205
3548,48.40166,-89.2710899,9,212
3548,48.40156,-89.27107,10,221
3548,48.4014999,-89.27103,11,229
3548,48.40136,-89.27083,12,251
3548,48.40093,-89.27061,13,297
3548,48.4009,-89.27058,14,303
3548,48.4008499,-89.27047,15,317
3548,48.4006,-89.2690099,16,424
3548,48.4006,-89.26891,17,433
3548,48.40057,-89.26873,18,450
3548,48.4004899,-89.26861,19,462
3548,48.4004199,-89.26857,20,470
3548,48.40028,-89.2686,21,483
3548,48.39994,-89.26883,22,517
3548,48.39988,-89.2687899,23,524
3548,48.39922,-89.26884,24,595
3548,48.3991699,-89.26894,25,604
3548,48.39916,-89.2690199,26,611
3548,48.3991699,-89.2703599,27,712
3548,48.3991699,-89.27179,28,822
3548,48.39918,-89.27324,29,923
3548,48.3992099,-89.27442,30,1007
3548,48.39916,-89.27458,31,1019
3548,48.3991099,-89.27464,32,1028
3548,48.3989699,-89.2746899,33,1044
3548,48.39863,-89.2747,34,1078
3548,48.3986,-89.2746599,35,1086
3548,48.3977299,-89.2746999,36,1188
3548,48.3973699,-89.27481,37,1219
3548,48.39658,-89.27548,38,1321
3548,48.3965399,-89.27547,39,1330
3548,48.3964499,-89.27554,40,1340
3548,48.3964099,-89.2756,41,1349
3548,48.3955999,-89.2763699,42,1452
3548,48.39552,-89.27646,43,1458
3548,48.39495,-89.27702,44,1536
3548,48.39492,-89.2771,45,1543
3548,48.3944099,-89.2774899,46,1606
3548,48.3943099,-89.2776499,47,1621
3548,48.3942799,-89.2777499,48,1631
3548,48.39427,-89.27787,49,1642
3548,48.3943,-89.27812,50,1659
3548,48.3946799,-89.27937,51,1759
3548,48.39473,-89.28046,52,1834
3548,48.39419,-89.2823699,53,1982
3548,48.39397,-89.28371,54,2089
3548,48.39396,-89.28505,55,2179
3548,48.39403,-89.28585,56,2242
3548,48.394,-89.2859499,57,2250
3548,48.3939899,-89.28601,58,2256
3548,48.3939499,-89.28731,59,2357
3548,48.39396,-89.2887499,60,2459
3548,48.39404,-89.28913,61,2488
3548,48.3939899,-89.2892399,62,2495
3548,48.39394,-89.28952,63,2518
3548,48.3939,-89.2895699,64,2525
3548,48.39377,-89.28961,65,2537
3548,48.39278,-89.28959,66,2646
3548,48.39261,-89.28967,67,2666
3548,48.39252,-89.2895999,68,2673
3548,48.39154,-89.28954,69,2788
3548,48.39052,-89.28951,70,2896
3548,48.39022,-89.28952,71,2924
3548,48.3901,-89.28949,72,2937
3548,48.39007,-89.28945,73,2943
3548,48.39004,-89.2888,74,2989
3548,48.3900799,-89.2887,75,3002
3548,48.3901,-89.2874699,76,3105
3548,48.39006,-89.28652,77,3200
3548,48.3901,-89.28506,78,3309
3548,48.3900799,-89.28371,79,3411
3548,48.39005,-89.2832,80,3441
3548,48.3900799,-89.28157,81,3542
3548,48.3900799,-89.2801,82,3640
3548,48.39006,-89.27926,83,3704
3548,48.39006,-89.2790599,84,3718
3548,48.39007,-89.27898,85,3726
3548,48.39007,-89.27875,86,3743
3548,48.39003,-89.2786699,87,3751
3548,48.3889899,-89.2786699,88,3864
3548,48.38852,-89.27874,89,3914
3548,48.38826,-89.27866,90,3928
3548,48.38733,-89.27866,91,4030
3548,48.38638,-89.2786699,92,4137
3548,48.38537,-89.2787,93,4264
3548,48.38533,-89.2786699,94,4272
3548,48.3852599,-89.2786399,95,4282
3548,48.38431,-89.27861,96,4387
3548,48.38419,-89.2785999,97,4394
3548,48.3841399,-89.27856,98,4405
3548,48.38409,-89.2784099,99,4418
3548,48.38405,-89.27754,100,4475
3548,48.38408,-89.2775199,101,4483
3548,48.3841099,-89.27622,102,4586
3548,48.3841099,-89.2746899,103,4700
3548,48.3841099,-89.2733,104,4800
3548,48.38407,-89.27232,105,4867
3548,48.3840999,-89.2721699,106,4878
3548,48.38413,-89.27081,107,4985
3548,48.38405,-89.26998,108,5062
3548,48.3841099,-89.26827,109,5171
3548,48.38412,-89.2669099,110,5273
3548,48.38406,-89.26556,111,5368
3548,48.38409,-89.2654399,112,5375
3548,48.3840999,-89.2640599,113,5480
3548,48.3840999,-89.26329,114,5537
3548,48.3841099,-89.2632399,115,5544
3548,48.38405,-89.26149,116,5663
3548,48.38408,-89.2614299,117,5669
3548,48.3840999,-89.25912,118,5843
3548,48.38404,-89.25864,119,5867
3548,48.38409,-89.25856,120,5884
3548,48.3841099,-89.2559799,121,6078
3548,48.38413,-89.2558499,122,6084
3548,48.3841099,-89.25475,123,6166
3548,48.38408,-89.2545399,124,6179
3548,48.3841,-89.25417,125,6204
3548,48.38408,-89.25404,126,6213
3548,48.3841099,-89.25243,127,6334
3548,48.38409,-89.25135,128,6411
3548,48.38406,-89.25124,129,6420
3548,48.3839799,-89.2511599,130,6429
3548,48.38392,-89.2511299,131,6436
3548,48.38359,-89.25119,132,6471
3548,48.3834499,-89.25118,133,6485
3548,48.3832199,-89.2510999,134,6511
3548,48.38251,-89.25108,135,6594
3548,48.38245,-89.2509899,136,6605
3548,48.3824599,-89.24957,137,6708
3548,48.38244,-89.24854,138,6786
3548,48.3824699,-89.2482999,139,6792
3548,48.3824699,-89.2468899,140,6895
3548,48.38247,-89.24602,141,6971
3550,48.40297,-89.26967,0,0
3550,48.40296,-89.26969,1,7
3550,48.403,-89.26986,2,19
3550,48.40299,-89.27021,3,42
3550,48.40293,-89.2702699,4,52
3550,48.40247,-89.2703299,5,102
3550,48.4020899,-89.2705599,6,150
3550,48.40181,-89.27087,7,186
3550,48.4016999,-89.27107,8,205
3550,48.40166,-89.2710899,9,212
3550,48.40156,-89.27107,10,221
3550,48.4014999,-89.27103,11,229
3550,48.40136,-89.27083,12,251
3550,48.40093,-89.27061,13,297
3550,48.4009,-89.27058,14,303
3550,48.4008499,-89.27047,15,317
3550,48.4006,-89.2690099,16,424
3550,48.4006,-89.26891,17,433
3550,48.40057,-89.26873,18,450
3550,48.4004899,-89.26861,19,462
3550,48.4004199,-89.26857,20,470
3550,48.40028,-89.2686,21,483
3550,48.39994,-89.26883,22,517
3550,48.39988,-89.2687899,23,524
3550,48.39922,-89.26884,24,595
3550,48.3991699,-89.26894,25,604
3550,48.39916,-89.2690199,26,611
3550,48.3991699,-89.2703599,27,712
3550,48.3991699,-89.27179,28,822
3550,48.39918,-89.27324,29,923
3550,48.3992099,-89.27442,30,1007
3550,48.39916,-89.27458,31,1019
3550,48.3991099,-89.27464,32,1028
3550,48.3989699,-89.2746899,33,1044
3550,48.39863,-89.2747,34,1078
3550,48.3986,-89.2746599,35,1086
3550,48.3977299,-89.2746999,36,1188
3550,48.3973699,-89.27481,37,1219
3550,48.39658,-89.27548,38,1321
3550,48.3965399,-89.27547,39,1330
3550,48.3964499,-89.27554,40,1340
3550,48.3964099,-89.2756,41,1349
3550,48.3955999,-89.2763699,42,1452
3550,48.39552,-89.27646,43,1458
3550,48.39495,-89.27702,44,1536
3550,48.39492,-89.2771,45,1543
3550,48.3944099,-89.2774899,46,1606
3550,48.3943099,-89.2776499,47,1621
3550,48.3942799,-89.2777499,48,1631
3550,48.39427,-89.27787,49,1642
3550,48.3943,-89.27812,50,1659
3550,48.3946799,-89.27937,51,1759
3550,48.39473,-89.28046,52,1834
3550,48.39419,-89.2823699,53,1982
3550,48.39397,-89.28371,54,2089
3550,48.39396,-89.28505,55,2179
3550,48.39403,-89.28585,56,2242
3550,48.394,-89.2859499,57,2250
3550,48.3939899,-89.28601,58,2256
3550,48.3939499,-89.28731,59,2357
3550,48.39396,-89.2887499,60,2459
3550,48.39404,-89.28913,61,2488
3550,48.3939899,-89.2892399,62,2495
3550,48.39394,-89.28952,63,2518
3550,48.3939,-89.2895699,64,2525
3550,48.39377,-89.28961,65,2537
3550,48.39278,-89.28959,66,2646
3550,48.39261,-89.28967,67,2666
3550,48.39252,-89.2895999,68,2673
3550,48.39154,-89.28954,69,2788
3550,48.39052,-89.28951,70,2896
3550,48.39022,-89.28952,71,2924
3550,48.3901,-89.28949,72,2937
3550,48.39007,-89.28945,73,2943
3550,48.39004,-89.2888,74,2989
3550,48.3900799,-89.2887,75,3002
3550,48.3901,-89.2874699,76,3105
3550,48.39006,-89.28652,77,3200
3550,48.3901,-89.28506,78,3309
3550,48.3900799,-89.28371,79,3411
3550,48.39005,-89.2832,80,3441
3550,48.3900799,-89.28157,81,3542
3550,48.3900799,-89.2801,82,3640
3550,48.39006,-89.27926,83,3704
3550,48.39006,-89.2790599,84,3718
3550,48.39007,-89.27898,85,3726
3550,48.39007,-89.27875,86,3743
3550,48.39003,-89.2786699,87,3751
3550,48.3889899,-89.2786699,88,3864
3550,48.38852,-89.27874,89,3914
3550,48.38826,-89.27866,90,3928
3550,48.38733,-89.27866,91,4030
3550,48.38638,-89.2786699,92,4137
3550,48.38537,-89.2787,93,4264
3550,48.38533,-89.2786699,94,4272
3550,48.3852599,-89.2786399,95,4282
3550,48.38431,-89.27861,96,4387
3550,48.38419,-89.2785999,97,4394
3550,48.3841399,-89.27856,98,4405
3550,48.38409,-89.2784099,99,4418
3550,48.38405,-89.27754,100,4475
3550,48.38408,-89.2775199,101,4483
3550,48.3841099,-89.27622,102,4586
3550,48.3841099,-89.2746899,103,4700
3550,48.3841099,-89.2733,104,4800
3550,48.38407,-89.27232,105,4867
3550,48.3840999,-89.2721699,106,4878
3550,48.38413,-89.27081,107,4985
3550,48.38405,-89.26998,108,5062
3550,48.3841099,-89.26827,109,5171
3550,48.38412,-89.2669099,110,5273
3550,48.38406,-89.26556,111,5368
3550,48.38409,-89.2654399,112,5375
3550,48.3840999,-89.2640599,113,5480
3550,48.3840999,-89.26329,114,5537
3550,48.3841099,-89.2632399,115,5544
3550,48.38405,-89.26149,116,5663
3550,48.38408,-89.2614299,117,5669
3550,48.3840999,-89.25912,118,5843
3550,48.38404,-89.25864,119,5867
3550,48.38409,-89.25856,120,5884
3550,48.3841099,-89.2559799,121,6078
3550,48.38413,-89.2558499,122,6084
3550,48.3841099,-89.25475,123,6166
3550,48.38408,-89.2545399,124,6179
3550,48.3841,-89.25417,125,6204
3550,48.38408,-89.25404,126,6213
3550,48.3841099,-89.25243,127,6334
3550,48.38409,-89.25135,128,6411
3550,48.38406,-89.25124,129,6420
3550,48.3839799,-89.2511599,130,6429
3550,48.38392,-89.2511299,131,6436
3550,48.38359,-89.25119,132,6471
3550,48.3834499,-89.25118,133,6485
3550,48.3832199,-89.2510999,134,6511
3550,48.38251,-89.25108,135,6594
3550,48.38245,-89.2509899,136,6605
3550,48.3824599,-89.24957,137,6708
3550,48.38244,-89.24854,138,6786
3550,48.3824699,-89.2482999,139,6792
3550,48.3824699,-89.2468899,140,6895
3550,48.38247,-89.24602,141,6971
3555,48.36553,-89.28151,0,0
3555,48.36558,-89.28151,1,10
3555,48.36571,-89.2815499,2,29
3555,48.3667399,-89.2815199,3,137
3555,48.36716,-89.28151,4,179
3555,48.36719,-89.2814899,5,187
3555,48.36813,-89.2815199,6,289
3555,48.3682799,-89.2815199,7,307
3555,48.3683499,-89.28145,8,315
3555,48.36834,-89.28113,9,336
3555,48.3683199,-89.28108,10,342
3555,48.36833,-89.27964,11,455
3555,48.36833,-89.2787999,12,507
3555,48.3683199,-89.27872,13,513
3555,48.36834,-89.2786299,14,523
3555,48.36843,-89.27852,15,533
3555,48.36874,-89.27848,16,564
3555,48.3687699,-89.27851,17,571
3555,48.36951,-89.27852,18,655
3555,48.3695699,-89.2784999,19,663
3555,48.37039,-89.27845,20,781
3555,48.37044,-89.27849,21,795
3555,48.37136,-89.2785399,22,899
3555,48.37244,-89.27849,23,1010
3555,48.3733099,-89.27851,24,1116
3555,48.37431,-89.2785299,25,1224
3555,48.37472,-89.27847,26,1264
3555,48.37476,-89.27851,27,1274
3555,48.3756699,-89.27852,28,1380
3555,48.3765499,-89.2785399,29,1480
3555,48.3774799,-89.27856,30,1583
3555,48.37786,-89.27853,31,1637
3555,48.3787899,-89.2785399,32,1739
3555,48.37973,-89.2785399,33,1840
3555,48.38034,-89.2785,34,1909
3555,48.38129,-89.2784999,35,2019
3555,48.38226,-89.27852,36,2124
3555,48.38269,-89.27851,37,2169
3555,48.3837,-89.27851,38,2281
3555,48.38468,-89.2785,39,2388
3555,48.3846899,-89.2785299,40,2394
3555,48.38553,-89.2785299,41,2495
3555,48.3865399,-89.2785399,42,2601
3555,48.38704,-89.27852,43,2644
3555,48.38708,-89.27849,44,2650
3555,48.3879799,-89.2784999,45,2756
3555,48.38894,-89.2784999,46,2863
3555,48.3899,-89.27848,47,2965
3555,48.39042,-89.27853,48,3020
3555,48.3905099,-89.27849,49,3029
3555,48.3914199,-89.2785299,50,3130
3555,48.39165,-89.27852,51,3152
3555,48.39253,-89.27842,52,3262
3555,48.39346,-89.2781,53,3370
3555,48.39357,-89.2780099,54,3376
3555,48.39364,-89.27799,55,3386
3555,48.3937899,-89.2779,56,3404
3555,48.39387,-89.2777499,57,3416
3555,48.39393,-89.27756,58,3432
3555,48.3939799,-89.2775,59,3441
3555,48.3944399,-89.2773,60,3496
3555,48.3950299,-89.27675,61,3569
3555,48.3959,-89.2759,62,3683
3555,48.39609,-89.27567,63,3705
3555,48.39705,-89.27484,64,3835
3555,48.3979199,-89.27451,65,3936
3555,48.39871,-89.27443,66,4020
3555,48.3988,-89.2744599,67,4034
3555,48.39912,-89.27445,68,4071
3555,48.39916,-89.27436,69,4079
3555,48.39918,-89.27429,70,4086
3555,48.3991399,-89.27281,71,4197
3555,48.3991399,-89.27163,72,4276
3555,48.39913,-89.2715499,73,4284
3555,48.3991399,-89.27011,74,4390
3555,48.39913,-89.2688199,75,4480
3555,48.3991699,-89.26877,76,4486
3555,48.39926,-89.2687199,77,4499
3555,48.39972,-89.26877,78,4544
3555,48.4,-89.26871,79,4578
3555,48.40032,-89.26851,80,4612
3555,48.4003499,-89.26854,81,4623
3555,48.4004199,-89.26857,82,4633
3555,48.4005,-89.26863,83,4642
3555,48.4005899,-89.26894,84,4667
3555,48.4006,-89.26914,85,4680
3555,48.4008099,-89.27008,86,4754
3555,48.4008399,-89.2704299,87,4776
3555,48.40087,-89.2704899,88,4783
3555,48.4009499,-89.27058,89,4793
3555,48.4012999,-89.27074,90,4837
3555,48.40145,-89.27088,91,4856
3555,48.40158,-89.2711,92,4873
3555,48.4016699,-89.2711,93,4884
3555,48.40175,-89.2709199,94,4899
3555,48.4019899,-89.27061,95,4936
3555,48.4022299,-89.27044,96,4963
3555,48.40234,-89.27028,97,4984
3555,48.4024,-89.27012,98,4994
3555,48.40243,-89.2700699,99,5000
3555,48.40248,-89.26989,100,5014
3555,48.4026,-89.26969,101,5032
3555,48.40297,-89.26967,102,5053
3556,48.40297,-89.26967,0,0
3556,48.40296,-89.26969,1,7
3556,48.403,-89.26986,2,19
3556,48.40299,-89.27021,3,42
3556,48.40293,-89.2702699,4,52
3556,48.40247,-89.2703299,5,102
3556,48.4020899,-89.2705599,6,150
3556,48.40181,-89.27087,7,186
3556,48.4016999,-89.27107,8,205
3556,48.40166,-89.2710899,9,212
3556,48.40156,-89.27107,10,221
3556,48.4014999,-89.27103,11,229
3556,48.40136,-89.27083,12,251
3556,48.40093,-89.27061,13,297
3556,48.4009,-89.27058,14,303
3556,48.4008499,-89.27047,15,317
3556,48.4006,-89.2690099,16,424
3556,48.4006,-89.26891,17,433
3556,48.40057,-89.26873,18,450
3556,48.4004899,-89.26861,19,462
3556,48.4004199,-89.26857,20,470
3556,48.40028,-89.2686,21,483
3556,48.39994,-89.26883,22,517
3556,48.39988,-89.2687899,23,524
3556,48.39922,-89.26884,24,595
3556,48.3991699,-89.26894,25,604
3556,48.39916,-89.2690199,26,611
3556,48.3991699,-89.2703599,27,712
3556,48.3991699,-89.27179,28,822
3556,48.39918,-89.27324,29,923
3556,48.3992099,-89.27442,30,1007
3556,48.39916,-89.27458,31,1019
3556,48.3991099,-89.27464,32,1028
3556,48.3989699,-89.2746899,33,1044
3556,48.39863,-89.2747,34,1078
3556,48.3986,-89.2746599,35,1086
3556,48.3977299,-89.2746999,36,1188
3556,48.3973699,-89.27481,37,1219
3556,48.39658,-89.27548,38,1321
3556,48.3965399,-89.27547,39,1330
3556,48.3964499,-89.27554,40,1340
3556,48.3964099,-89.2756,41,1349
3556,48.3955999,-89.2763699,42,1452
3556,48.39552,-89.27646,43,1458
3556,48.39495,-89.27702,44,1536
3556,48.39492,-89.2771,45,1543
3556,48.3944099,-89.2774899,46,1606
3556,48.3943099,-89.2776499,47,1621
3556,48.3942799,-89.2777499,48,1631
3556,48.39427,-89.27787,49,1642
3556,48.3943,-89.27812,50,1659
3556,48.3946799,-89.27937,51,1759
3556,48.39473,-89.28046,52,1834
3556,48.39419,-89.2823699,53,1982
3556,48.39397,-89.28371,54,2089
3556,48.39396,-89.28505,55,2179
3556,48.39403,-89.28585,56,2242
3556,48.394,-89.2859499,57,2250
3556,48.3939899,-89.28601,58,2256
3556,48.3939499,-89.28731,59,2357
3556,48.39396,-89.2887499,60,2459
3556,48.39404,-89.28913,61,2488
3556,48.3939899,-89.2892399,62,2495
3556,48.39394,-89.28952,63,2518
3556,48.3939,-89.2895699,64,2525
3556,48.39377,-89.28961,65,2537
3556,48.39278,-89.28959,66,2646
3556,48.39261,-89.28967,67,2666
3556,48.39252,-89.2895999,68,2673
3556,48.39154,-89.28954,69,2788
3556,48.39052,-89.28951,70,2896
3556,48.39022,-89.28952,71,2924
3556,48.3901,-89.28949,72,2937
3556,48.39007,-89.28945,73,2943
3556,48.39004,-89.2888,74,2989
3556,48.3900799,-89.2887,75,3002
3556,48.3901,-89.2874699,76,3105
3556,48.39006,-89.28652,77,3200
3556,48.3901,-89.28506,78,3309
3556,48.3900799,-89.28371,79,3411
3556,48.39005,-89.2832,80,3441
3556,48.3900799,-89.28157,81,3542
3556,48.3900799,-89.2801,82,3640
3556,48.39006,-89.27926,83,3704
3556,48.39006,-89.2790599,84,3718
3556,48.39007,-89.27898,85,3726
3556,48.39007,-89.27875,86,3743
3556,48.39003,-89.2786699,87,3751
3556,48.3889899,-89.2786699,88,3864
3556,48.38852,-89.27874,89,3914
3556,48.38826,-89.27866,90,3928
3556,48.38733,-89.27866,91,4030
3556,48.38638,-89.2786699,92,4137
3556,48.38537,-89.2787,93,4264
3556,48.38533,-89.2786699,94,4272
3556,48.3852599,-89.2786399,95,4282
3556,48.38431,-89.27861,96,4387
3556,48.38419,-89.2785999,97,4394
3556,48.3841399,-89.27856,98,4405
3556,48.38409,-89.2784099,99,4418
3556,48.38405,-89.27754,100,4475
3556,48.38408,-89.2775199,101,4483
3556,48.3841099,-89.27622,102,4586
3556,48.3841099,-89.2746899,103,4700
3556,48.3841099,-89.2733,104,4800
3556,48.38407,-89.27232,105,4867
3556,48.3840999,-89.2721299,106,4884
3556,48.3841399,-89.27083,107,4984
3556,48.38416,-89.27029,108,5016
3556,48.3842099,-89.27022,109,5025
3556,48.3851,-89.2702599,110,5127
3556,48.3860799,-89.27025,111,5234
3556,48.3867999,-89.2702699,112,5313
3556,48.3874199,-89.2704999,113,5382
3556,48.38786,-89.27049,114,5430
3556,48.38809,-89.27054,115,5460
3556,48.38813,-89.27064,116,5467
3556,48.38812,-89.2707599,117,5476
3556,48.3880499,-89.27084,118,5483
3556,48.38796,-89.2708599,119,5490
3556,48.38789,-89.2708199,120,5499
3556,48.38784,-89.27071,121,5505
3556,48.3878099,-89.27054,122,5517
3556,48.3877799,-89.2704899,123,5524
3556,48.3876499,-89.2704899,124,5533
3556,48.3876,-89.27051,125,5539
3556,48.38741,-89.2705299,126,5557
3556,48.38708,-89.27044,127,5597
3556,48.38695,-89.2703599,128,5611
3556,48.38688,-89.27034,129,5621
3556,48.38681,-89.2702999,130,5630
3556,48.3866699,-89.2702699,131,5644
3556,48.38635,-89.27034,132,5682
3556,48.3861999,-89.27028,133,5694
3556,48.3853499,-89.27028,134,5795
3556,48.38442,-89.27029,135,5896
3556,48.38419,-89.2702699,136,5919
3556,48.38413,-89.27019,137,5928
3556,48.38409,-89.26999,138,5942
3556,48.38405,-89.26998,139,5965
3556,48.3841099,-89.26827,140,6074
3556,48.38412,-89.2669099,141,6176
3556,48.38406,-89.26556,142,6271
3556,48.38409,-89.2654399,143,6278
3556,48.3840999,-89.2640599,144,6383
3556,48.3840999,-89.26329,145,6440
3556,48.3841099,-89.2632399,146,6447
3556,48.38405,-89.26149,147,6566
3556,48.38408,-89.2614299,148,6572
3556,48.3840999,-89.25912,149,6746
3556,48.38404,-89.25864,150,6770
3556,48.38409,-89.25856,151,6787
3556,48.3841099,-89.2559799,152,6981
3556,48.38413,-89.2558499,153,6987
3556,48.3841099,-89.25475,154,7069
3556,48.38408,-89.2545399,155,7082
3556,48.3841,-89.25417,156,7107
3556,48.38408,-89.25404,157,7116
3556,48.3841099,-89.25243,158,7237
3556,48.38409,-89.25135,159,7314
3556,48.38406,-89.25124,160,7323
3556,48.3839799,-89.2511599,161,7332
3556,48.38392,-89.2511299,162,7339
3556,48.38359,-89.25119,163,7374
3556,48.3834499,-89.25118,164,7388
3556,48.3832199,-89.2510999,165,7414
3556,48.38251,-89.25108,166,7497
3556,48.38245,-89.2509899,167,7508
3556,48.3824599,-89.24957,168,7611
3556,48.38244,-89.24854,169,7689
3556,48.3824699,-89.2482999,170,7695
3556,48.3824699,-89.2468899,171,7798
3556,48.38247,-89.24602,172,7874
3568,48.45221,-89.27192,0,0
3568,48.45229,-89.27188,1,11
3568,48.45282,-89.2707499,2,113
3568,48.4531399,-89.27006,3,170
3568,48.4536999,-89.2688499,4,283
3568,48.45383,-89.26839,5,348
3568,48.45404,-89.26812,6,361
3568,48.4546099,-89.2668799,7,466
3568,48.45515,-89.26571,8,577
3568,48.4556,-89.26456,9,687
3568,48.45582,-89.26421,10,697
3568,48.4558299,-89.2641199,11,705
3568,48.45578,-89.2639999,12,714
3568,48.4550699,-89.26303,13,820
3568,48.45494,-89.26279,14,869
3568,48.45489,-89.26274,15,878
3568,48.4544,-89.26155,16,990
3568,48.4538599,-89.26026,17,1092
3568,48.4536899,-89.2598899,18,1122
3568,48.45368,-89.25984,19,1130
3568,48.45321,-89.2585799,20,1232
3568,48.4529,-89.25774,21,1307
3568,48.45252,-89.2567099,22,1407
3568,48.45204,-89.2553899,23,1519
3568,48.45178,-89.25478,24,1556
3568,48.4517299,-89.25453,25,1576
3568,48.45128,-89.25328,26,1682
3568,48.45082,-89.25219,27,1776
3568,48.4505,-89.25176,28,1825
3568,48.4496899,-89.2510999,29,1929
3568,48.4488399,-89.25043,30,2033
3568,48.44821,-89.2499,31,2121
3568,48.4479,-89.2497499,32,2148
3568,48.44711,-89.2491199,33,2252
3568,48.44697,-89.24895,34,2272
3568,48.4459199,-89.24836,35,2397
3568,48.44502,-89.2479,36,2503
3568,48.44482,-89.24779,37,2517
3568,48.44443,-89.24752,38,2563
3568,48.44435,-89.24753,39,2570
3568,48.4435199,-89.24714,40,2672
3568,48.44308,-89.24697,41,2718
3568,48.44215,-89.24661,42,2831
3568,48.4414,-89.24625,43,2914
3568,48.44117,-89.24606,44,2930
3568,48.441,-89.2457499,45,2955
3568,48.4408899,-89.2454099,46,2988
3568,48.4407599,-89.24386,47,3096
3568,48.44074,-89.2434499,48,3126
3568,48.4407899,-89.24337,49,3138
3568,48.4416799,-89.2428499,50,3248
3568,48.44241,-89.24242,51,3324
3568,48.44249,-89.2423299,52,3335
3568,48.44252,-89.24221,53,3342
3568,48.44251,-89.24209,54,3349
3568,48.44213,-89.2409,55,3468
3568,48.442,-89.24032,56,3495
3568,48.44196,-89.24022,57,3504
3568,48.44189,-89.23991,58,3526
3568,48.44193,-89.2397699,59,3539
3568,48.44203,-89.23966,60,3551
3568,48.44287,-89.23916,61,3654
3568,48.44346,-89.2387899,62,3719
3568,48.44356,-89.2387799,63,3728
3568,48.44363,-89.2388499,64,3738
3568,48.44366,-89.2389099,65,3745
3568,48.44393,-89.23985,66,3841
3568,48.44425,-89.2412199,67,3922
3568,48.4442399,-89.24132,68,3928
3568,48.4441799,-89.2413799,69,3937
3568,48.44333,-89.2418699,70,4045
3568,48.4424399,-89.2424299,71,4154
3568,48.4420399,-89.24268,72,4196
3568,48.44111,-89.24324,73,4310
3568,48.4408299,-89.24342,74,4338
3568,48.4407599,-89.2434,75,4349
3568,48.4406899,-89.2433199,76,4357
3568,48.4406599,-89.24326,77,4363
3568,48.4404699,-89.24241,78,4426
3568,48.44049,-89.24247,79,4446
3568,48.4404699,-89.24245,80,4452
3568,48.44013,-89.2411499,81,4556
3568,48.44005,-89.24073,82,4583
3568,48.44002,-89.24068,83,4590
3568,48.43963,-89.23915,84,4707
3568,48.43923,-89.23778,85,4822
3568,48.43899,-89.23694,86,4887
3568,48.4383299,-89.23441,87,5076
3568,48.43822,-89.23392,88,5136
3568,48.4381299,-89.2334999,89,5143
3568,48.4380999,-89.23345,90,5149
3568,48.43766,-89.2318899,91,5278
3568,48.43741,-89.23088,92,5355
3568,48.43739,-89.23086,93,5364
3568,48.43726,-89.2304,94,5411
3568,48.43726,-89.2301199,95,5438
3568,48.4377099,-89.22895,96,5540
3568,48.43806,-89.228,97,5613
3568,48.43809,-89.22689,98,5670
3568,48.4380699,-89.2268699,99,5681
3568,48.43806,-89.2268099,100,5688
3568,48.4380699,-89.22662,101,5702
3568,48.43799,-89.2260499,102,5749
3568,48.43765,-89.22509,103,5827
3568,48.43706,-89.2241399,104,5920
3568,48.43704,-89.2240499,105,5928
3568,48.4370899,-89.2238799,106,5939
3568,48.43744,-89.22347,107,5991
3568,48.4375099,-89.2234499,108,6000
3568,48.43819,-89.2227399,109,6100
3568,48.4386899,-89.22222,110,6158
3568,48.4386899,-89.2221,111,6165
3568,48.43789,-89.22038,112,6322
3568,48.43769,-89.21992,113,6358
3568,48.43744,-89.21948,114,6405
3568,48.4368599,-89.21812,115,6518
3568,48.43677,-89.21792,116,6530
3568,48.43671,-89.21783,117,6538
3568,48.4366599,-89.21772,118,6547
3568,48.43664,-89.2176499,119,6555
3568,48.43621,-89.2167199,120,6642
3568,48.43612,-89.21664,121,6653
3568,48.43602,-89.2166299,122,6663
3568,48.43592,-89.21667,123,6677
3568,48.43568,-89.21703,124,6735
3570,48.46104,-89.23474,0,0
3570,48.46106,-89.2349099,1,11
3570,48.46113,-89.23497,2,18
3570,48.4611799,-89.23496,3,24
3570,48.46175,-89.2345199,4,101
3570,48.46182,-89.23444,5,107
3570,48.4618699,-89.23433,6,118
3570,48.4619299,-89.2340899,7,142
3570,48.46202,-89.23315,8,206
3570,48.46227,-89.23142,9,308
3570,48.46231,-89.23128,10,319
3570,48.46234,-89.23122,11,327
3570,48.4624599,-89.2311299,12,339
3570,48.46318,-89.2311,13,442
3570,48.46345,-89.23129,14,453
3570,48.4634699,-89.2314299,15,464
3570,48.4634399,-89.23283,16,573
3570,48.46343,-89.23355,17,619
3570,48.46342,-89.2352699,18,752
3570,48.4634,-89.23671,19,861
3570,48.4634,-89.23706,20,877
3570,48.4633799,-89.23841,21,976
3570,48.4634,-89.23874,22,1025
3570,48.46336,-89.24055,23,1128
3570,48.46337,-89.24133,24,1218
3570,48.4633499,-89.24137,25,1225
3570,48.46333,-89.2427,26,1329
3570,48.46332,-89.24419,27,1440
3570,48.4633,-89.2457399,28,1549
3570,48.4633,-89.24702,29,1635
3570,48.46327,-89.2486599,30,1735
3570,48.46327,-89.25005,31,1849
3570,48.4632499,-89.2500799,32,1857
3570,48.4632499,-89.25151,33,1969
3570,48.46323,-89.2529599,34,2079
3570,48.46324,-89.25375,35,2157
3570,48.4632199,-89.25532,36,2261
3570,48.46323,-89.25571,37,2303
3570,48.4632099,-89.2557899,38,2312
3570,48.46319,-89.25748,39,2435
3570,48.46317,-89.2582,40,2493
3570,48.46309,-89.2583,41,2504
3570,48.46263,-89.2583,42,2551
3570,48.46178,-89.25826,43,2651
3570,48.4609099,-89.25823,44,2751
3570,48.45984,-89.25822,45,2878
3570,48.4586799,-89.25816,46,2983
3570,48.4578299,-89.25813,47,3085
3570,48.4568499,-89.2580899,48,3187
3570,48.4568,-89.2581,49,3207
3570,48.45565,-89.25804,50,3324
3570,48.4551999,-89.2581499,51,3375
3570,48.4548,-89.25847,52,3425
3570,48.4539899,-89.2594299,53,3526
3570,48.45374,-89.2597299,54,3569
3570,48.45371,-89.25974,55,3575
3570,48.45357,-89.25962,56,3589
3570,48.45355,-89.25952,57,3600
3570,48.4530699,-89.25823,58,3707
3570,48.4529,-89.25774,59,3746
3570,48.45252,-89.2567099,60,3846
3570,48.45204,-89.2553899,61,3958
3570,48.45178,-89.25478,62,3995
3570,48.4517299,-89.25453,63,4015
3570,48.45128,-89.25328,64,4121
3570,48.45082,-89.25219,65,4215
3570,48.4505,-89.25176,66,4264
3570,48.4496899,-89.2510999,67,4368
3570,48.4488399,-89.25043,68,4472
3570,48.44821,-89.2499,69,4560
3570,48.4479,-89.2497499,70,4587
3570,48.44711,-89.2491199,71,4691
3570,48.44697,-89.24895,72,4711
3570,48.4459199,-89.24836,73,4836
3570,48.44502,-89.2479,74,4942
3570,48.44482,-89.24779,75,4956
3570,48.44443,-89.24752,76,5002
3570,48.44435,-89.24753,77,5009
3570,48.4435199,-89.24714,78,5111
3570,48.44308,-89.24697,79,5157
3570,48.44215,-89.24661,80,5270
3570,48.4414,-89.24625,81,5353
3570,48.4413,-89.24621,82,5364
3570,48.4411,-89.24599,83,5396
3570,48.4408899,-89.2455099,84,5436
3570,48.44082,-89.24521,85,5467
3570,48.4407299,-89.2439399,86,5553
3570,48.44074,-89.24383,87,5559
3570,48.44071,-89.24339,88,5595
3570,48.44049,-89.24247,89,5665
3570,48.4404699,-89.24245,90,5671
3570,48.44013,-89.2411499,91,5775
3570,48.44005,-89.24073,92,5802
3570,48.44002,-89.24068,93,5809
3570,48.43963,-89.23915,94,5926
3570,48.43923,-89.23778,95,6041
3570,48.43899,-89.23694,96,6106
3570,48.4383299,-89.23441,97,6295
3570,48.43822,-89.23392,98,6355
3570,48.4381299,-89.2334999,99,6362
3570,48.4380999,-89.23345,100,6368
3570,48.43766,-89.2318899,101,6497
3570,48.43741,-89.23088,102,6574
3570,48.43739,-89.23086,103,6583
3570,48.43726,-89.2304,104,6630
3570,48.43726,-89.2301199,105,6657
3570,48.4377099,-89.22895,106,6759
3570,48.43806,-89.228,107,6832
3570,48.43809,-89.22689,108,6889
3570,48.4380699,-89.2268699,109,6900
3570,48.43806,-89.2268099,110,6907
3570,48.4380699,-89.22662,111,6921
3570,48.43799,-89.2260499,112,6968
3570,48.43765,-89.22509,113,7046
3570,48.43706,-89.2241399,114,7139
3570,48.43704,-89.2240499,115,7147
3570,48.4370899,-89.2238799,116,7158
3570,48.43744,-89.22347,117,7210
3570,48.4375099,-89.2234499,118,7219
3570,48.43819,-89.2227399,119,7319
3570,48.4386899,-89.22222,120,7377
3570,48.4386899,-89.2221,121,7384
3570,48.43789,-89.22038,122,7541
3570,48.43769,-89.21992,123,7577
3570,48.43744,-89.21948,124,7624
3570,48.4368599,-89.21812,125,7737
3570,48.43677,-89.21792,126,7749
3570,48.43671,-89.21783,127,7757
3570,48.4366599,-89.21772,128,7766
3570,48.43664,-89.2176499,129,7774
3570,48.43621,-89.2167199,130,7861
3570,48.43612,-89.21664,131,7872
3570,48.43602,-89.2166299,132,7882
3570,48.43592,-89.21667,133,7896
3570,48.43568,-89.21703,134,7954
3571,48.43568,-89.21703,0,0
3571,48.4353099,-89.2172899,1,21
3571,48.4352799,-89.21737,2,27
3571,48.43529,-89.2174799,3,34
3571,48.43572,-89.2183999,4,117
3571,48.43654,-89.2175799,5,226
3571,48.4366199,-89.2175799,6,236
3571,48.43678,-89.21782,7,260
3571,48.43735,-89.21906,8,367
3571,48.4373799,-89.2190899,9,374
3571,48.4379399,-89.22035,10,487
3571,48.43844,-89.22143,11,590
3571,48.43868,-89.22196,12,631
3571,48.4388,-89.22213,13,653
3571,48.43881,-89.22219,14,660
3571,48.43877,-89.22235,15,669
3571,48.43795,-89.22315,16,772
3571,48.4372,-89.22391,17,835
3571,48.4373099,-89.2238199,18,846
3571,48.43713,-89.22409,19,876
3571,48.43714,-89.2241799,20,884
3571,48.4373199,-89.22443,21,906
3571,48.43736,-89.2245099,22,916
3571,48.4374799,-89.22466,23,933
3571,48.4378,-89.22525,24,994
3571,48.43811,-89.2263399,25,1083
3571,48.43817,-89.22685,26,1110
3571,48.43815,-89.22801,27,1177
3571,48.43798,-89.2285099,28,1216
3571,48.43751,-89.22974,29,1337
3571,48.43747,-89.2297899,30,1343
3571,48.43742,-89.22991,31,1356
3571,48.4373499,-89.2302,32,1380
3571,48.43736,-89.23043,33,1401
3571,48.43782,-89.23213,34,1536
3571,48.4379999,-89.23283,35,1587
3571,48.4380399,-89.23292,36,1596
3571,48.43828,-89.2338,37,1693
3571,48.4382999,-89.23384,38,1700
3571,48.43861,-89.23509,39,1803
3571,48.4388899,-89.2363899,40,1907
3571,48.4391,-89.23697,41,1955
3571,48.43954,-89.2384199,42,2065
3571,48.43961,-89.23871,43,2088
3571,48.43995,-89.2400599,44,2197
3571,48.44001,-89.24028,45,2217
3571,48.4400099,-89.2402599,46,2224
3571,48.44045,-89.24197,47,2355
3571,48.4404699,-89.2419399,48,2363
3571,48.44077,-89.24326,49,2467
3571,48.44084,-89.24458,50,2569
3571,48.4409599,-89.2454099,51,2629
3571,48.4411199,-89.24582,52,2664
3571,48.44137,-89.2461399,53,2700
3571,48.44147,-89.24622,54,2714
3571,48.44194,-89.24633,55,2756
3571,48.442,-89.24641,56,2765
3571,48.44291,-89.24677,57,2877
3571,48.44365,-89.24704,58,2969
3571,48.4437199,-89.24704,59,2977
3571,48.44472,-89.24752,60,3096
3571,48.4447299,-89.24754,61,3104
3571,48.4456199,-89.2480099,62,3212
3571,48.4465099,-89.2484699,63,3318
3571,48.44725,-89.249,64,3397
3571,48.4482,-89.24977,65,3521
3571,48.44912,-89.2504099,66,3626
3571,48.45006,-89.25114,67,3742
3571,48.45078,-89.25186,68,3841
3571,48.45168,-89.254,69,4027
3571,48.45188,-89.25446,70,4064
3571,48.45187,-89.25449,71,4071
3571,48.4524099,-89.25624,72,4211
3571,48.45246,-89.2564099,73,4226
3571,48.45244,-89.25655,74,4236
3571,48.45222,-89.25711,75,4289
3571,48.45198,-89.25715,76,4298
3571,48.45076,-89.25594,77,4478
3571,48.45053,-89.25594,78,4486
3571,48.4499799,-89.2571999,79,4596
3571,48.44942,-89.2584099,80,4703
3571,48.44886,-89.25962,81,4814
3571,48.44874,-89.25996,82,4863
3571,48.44872,-89.2599599,83,4869
3571,48.4481499,-89.2611699,84,4981
3571,48.4480799,-89.26131,85,4989
3571,48.44776,-89.26203,86,5081
3571,48.4471299,-89.2633699,87,5185
3571,48.44676,-89.26418,88,5255
3571,48.4462,-89.2653699,89,5362
3571,48.44583,-89.2661299,90,5426
3571,48.4457799,-89.2661599,91,5434
3571,48.4457199,-89.2661599,92,5443
3571,48.44545,-89.26593,93,5477
3571,48.44481,-89.26526,94,5557
3571,48.44472,-89.2653099,95,5565
3571,48.44469,-89.26545,96,5573
3571,48.44469,-89.2667799,97,5675
3571,48.44477,-89.26732,98,5706
3571,48.44469,-89.26772,99,5723
3571,48.44469,-89.2691,100,5827
3571,48.44469,-89.27071,101,5942
3571,48.44469,-89.27211,102,6046
3571,48.4446999,-89.27347,103,6149
3571,48.44469,-89.2750299,104,6259
3571,48.4448,-89.27548,105,6320
3571,48.44469,-89.27592,106,6327
3571,48.44469,-89.2776199,107,6455
3571,48.44469,-89.27898,108,6555
3571,48.44482,-89.28006,109,6647
3571,48.44469,-89.2805099,110,6665
3571,48.44468,-89.28203,111,6772
3571,48.44469,-89.2831299,112,6851
3571,48.44469,-89.28453,113,6951
3571,48.4447299,-89.2846399,114,6961
3571,48.44481,-89.2846799,115,6969
3571,48.4449299,-89.2846799,116,6981
3571,48.44499,-89.28456,117,7013
3571,48.4452299,-89.28465,118,7026
3571,48.4462,-89.28463,119,7127
3571,48.4470899,-89.28462,120,7229
3571,48.44799,-89.28462,121,7329
3571,48.44797,-89.28458,122,7349
3571,48.4490699,-89.2846099,123,7454
3571,48.4499799,-89.2846099,124,7556
3571,48.45058,-89.28454,125,7647
3571,48.45056,-89.2845699,126,7657
3571,48.4514299,-89.28456,127,7757
3571,48.4524499,-89.2845,128,7871
3571,48.45252,-89.2844099,129,7879
3571,48.4525399,-89.28423,130,7889
3571,48.45248,-89.28318,131,7963
3571,48.45252,-89.282,132,8029
3571,48.45226,-89.2805999,133,8138
3571,48.45217,-89.28041,134,8175
3571,48.45203,-89.2782399,135,8316
3571,48.4520199,-89.27684,136,8423
3571,48.45201,-89.27531,137,8534
3571,48.45201,-89.27383,138,8642
3571,48.45197,-89.27321,139,8687
3571,48.4518899,-89.27288,140,8712
3571,48.45188,-89.27278,141,8721
3571,48.45191,-89.27258,142,8734
3571,48.45201,-89.27242,143,8747
3571,48.45221,-89.27192,144,8767
3572,48.43568,-89.21703,0,0
3572,48.4362299,-89.2167899,1,31
3572,48.4362999,-89.2168599,2,45
3572,48.43641,-89.21707,3,63
3572,48.43657,-89.21754,4,106
3572,48.43648,-89.21769,5,121
3572,48.43566,-89.21849,6,229
3572,48.4356,-89.2185299,7,240
3572,48.43546,-89.2186899,8,257
3572,48.4353799,-89.21875,9,269
3572,48.43461,-89.21964,10,373
3572,48.43447,-89.21986,11,400
3572,48.43425,-89.22,12,419
3572,48.4335,-89.2207599,13,525
3572,48.43322,-89.2210299,14,563
3572,48.43301,-89.22133,15,591
3572,48.43294,-89.22173,16,600
3572,48.4334799,-89.22292,17,706
3572,48.4338699,-89.22374,18,773
3572,48.43395,-89.22375,19,797
3572,48.43404,-89.22416,20,803
3572,48.43455,-89.2252899,21,906
3572,48.43476,-89.22555,22,957
3572,48.43487,-89.2259799,23,970
3572,48.4349,-89.2260499,24,977
3572,48.43491,-89.22619,25,986
3572,48.4349,-89.22627,26,993
3572,48.4348199,-89.2264,27,1005
3572,48.4340299,-89.2271999,28,1115
3572,48.43339,-89.22788,29,1218
3572,48.43336,-89.22794,30,1227
3572,48.4326199,-89.2286799,31,1331
3572,48.43204,-89.22926,32,1398
3572,48.4320599,-89.22928,33,1404
3572,48.43126,-89.2300199,34,1515
3572,48.4311699,-89.23013,35,1530
3572,48.43106,-89.2302199,36,1538
3572,48.43097,-89.23033,37,1546
3572,48.4305,-89.23094,38,1611
3572,48.43024,-89.2310699,39,1649
3572,48.42946,-89.23187,40,1754
3572,48.42863,-89.23275,41,1864
3572,48.42854,-89.23283,42,1870
3572,48.42846,-89.23295,43,1885
3572,48.42831,-89.2330999,44,1903
3572,48.42828,-89.23318,45,1910
3572,48.4282899,-89.23331,46,1921
3572,48.42876,-89.23477,47,2031
3572,48.4290799,-89.2359999,48,2142
3572,48.42921,-89.23678,49,2195
3572,48.42922,-89.2369799,50,2206
3572,48.4292099,-89.2370499,51,2213
3572,48.4292399,-89.23811,52,2294
3572,48.42928,-89.23825,53,2302
3572,48.42932,-89.2383,54,2308
3572,48.42943,-89.2383199,55,2317
3572,48.42958,-89.2383,56,2334
3572,48.4296299,-89.2383899,57,2346
3572,48.42997,-89.23968,58,2448
3572,48.43034,-89.2410199,59,2559
3572,48.43071,-89.2423299,60,2663
3572,48.43121,-89.24385,61,2783
3572,48.4312099,-89.2439999,62,2789
3572,48.4315399,-89.24531,63,2893
3572,48.43184,-89.24606,64,2959
3572,48.4317999,-89.24618,65,2967
3572,48.4321599,-89.24756,66,3083
3572,48.4326,-89.24902,67,3193
3572,48.4325899,-89.2490299,68,3201
3572,48.4329199,-89.2503699,69,3312
3572,48.4333,-89.25167,70,3405
3572,48.43333,-89.2517199,71,3413
3572,48.4337399,-89.2532299,72,3539
3572,48.43382,-89.25345,73,3555
3572,48.43487,-89.25458,74,3694
3572,48.4349,-89.2546399,75,3704
3572,48.43569,-89.2554899,76,3821
3572,48.4365299,-89.25636,77,3928
3572,48.43689,-89.25671,78,3969
3572,48.4379699,-89.25787,79,4109
3572,48.4387599,-89.2587099,80,4221
3572,48.43919,-89.25913,81,4276
3572,48.43995,-89.25995,82,4388
3572,48.44013,-89.26014,83,4402
3572,48.44105,-89.26108,84,4554
3572,48.4410299,-89.26112,85,4562
3572,48.4418099,-89.26195,86,4671
3572,48.44258,-89.26273,87,4774
3572,48.4433899,-89.2635699,88,4876
3572,48.44409,-89.26433,89,4978
3572,48.4446699,-89.2650499,90,5055
3572,48.44472,-89.26525,91,5075
3572,48.4446999,-89.2666499,92,5180
3572,48.44477,-89.26732,93,5220
3572,48.44469,-89.26772,94,5237
3572,48.44469,-89.2691,95,5341
3572,48.44469,-89.27071,96,5456
3572,48.44469,-89.27211,97,5560
3572,48.4446999,-89.27347,98,5663
3572,48.44469,-89.2750299,99,5773
3572,48.4448,-89.27548,100,5834
3572,48.44469,-89.27592,101,5841
3572,48.44469,-89.2776199,102,5969
3572,48.44469,-89.27898,103,6069
3572,48.44482,-89.28006,104,6161
3572,48.44469,-89.2805099,105,6179
3572,48.44468,-89.28203,106,6286
3572,48.44469,-89.2831299,107,6365
3572,48.44469,-89.28453,108,6465
3572,48.4447299,-89.2846399,109,6475
3572,48.44481,-89.2846799,110,6483
3572,48.4449299,-89.2846799,111,6495
3572,48.44499,-89.28456,112,6527
3572,48.4452299,-89.28465,113,6540
3572,48.4462,-89.28463,114,6641
3572,48.4470899,-89.28462,115,6743
3572,48.44799,-89.28462,116,6843
3572,48.44797,-89.28458,117,6863
3572,48.4490699,-89.2846099,118,6968
3572,48.4499799,-89.2846099,119,7070
3572,48.45058,-89.28454,120,7161
3572,48.45056,-89.2845699,121,7171
3572,48.4514299,-89.28456,122,7271
3572,48.4524499,-89.2845,123,7385
3572,48.45252,-89.2844099,124,7393
3572,48.4525399,-89.28423,125,7403
3572,48.45248,-89.28318,126,7477
3572,48.45252,-89.282,127,7543
3572,48.45226,-89.2805999,128,7652
3572,48.45217,-89.28041,129,7689
3572,48.45203,-89.2782399,130,7830
3572,48.4520199,-89.27684,131,7937
3572,48.45201,-89.27531,132,8048
3572,48.45201,-89.27383,133,8156
3572,48.45197,-89.27321,134,8201
3572,48.4518899,-89.27288,135,8226
3572,48.45188,-89.27278,136,8235
3572,48.45191,-89.27258,137,8248
3572,48.45201,-89.27242,138,8261
3572,48.45221,-89.27192,139,8281
3572,48.45229,-89.27188,140,8292
3572,48.45282,-89.2707499,141,8394
3572,48.4531399,-89.27006,142,8451
3572,48.4536999,-89.2688499,143,8564
3572,48.45383,-89.26839,144,8629
3572,48.45404,-89.26812,145,8642
3572,48.4546099,-89.2668799,146,8747
3572,48.45515,-89.26571,147,8858
3572,48.4556,-89.26456,148,8968
3572,48.45582,-89.26421,149,8978
3572,48.4558299,-89.2641199,150,8986
3572,48.45578,-89.2639999,151,8995
3572,48.4550699,-89.26303,152,9101
3572,48.45494,-89.26279,153,9150
3572,48.45489,-89.26274,154,9159
3572,48.4544,-89.26155,155,9271
3572,48.4538599,-89.26026,156,9373
3572,48.4536899,-89.2598899,157,9403
3572,48.45368,-89.25984,158,9411
3572,48.45321,-89.2585799,159,9513
3572,48.4529,-89.25774,160,9588
3572,48.45252,-89.2567099,161,9688
3572,48.45204,-89.2553899,162,9800
3572,48.45178,-89.25478,163,9837
3573,48.43568,-89.21703,0,0
3573,48.4353099,-89.2172899,1,21
3573,48.4352799,-89.21737,2,27
3573,48.43529,-89.2174799,3,34
3573,48.43572,-89.2183999,4,117
3573,48.43654,-89.2175799,5,226
3573,48.4366199,-89.2175799,6,236
3573,48.43678,-89.21782,7,260
3573,48.43735,-89.21906,8,367
3573,48.4373799,-89.2190899,9,374
3573,48.4379399,-89.22035,10,487
3573,48.43844,-89.22143,11,590
3573,48.43868,-89.22196,12,631
3573,48.4388,-89.22213,13,653
3573,48.43881,-89.22219,14,660
3573,48.43877,-89.22235,15,669
3573,48.43795,-89.22315,16,772
3573,48.4372,-89.22391,17,835
3573,48.43674,-89.22443,18,936
3573,48.43596,-89.22524,19,1037
3573,48.43532,-89.22589,20,1123
3573,48.43529,-89.22594,21,1130
3573,48.4352499,-89.22596,22,1137
3573,48.43448,-89.22676,23,1238
3573,48.43428,-89.2269699,24,1262
3573,48.43339,-89.22788,25,1379
3573,48.43336,-89.22794,26,1388
3573,48.4326199,-89.2286799,27,1492
3573,48.43204,-89.22926,28,1559
3573,48.4320599,-89.22928,29,1565
3573,48.43126,-89.2300199,30,1676
3573,48.4311699,-89.23013,31,1691
3573,48.43106,-89.2302199,32,1699
3573,48.43097,-89.23033,33,1707
3573,48.4305,-89.23094,34,1772
3573,48.43024,-89.2310699,35,1810
3573,48.42946,-89.23187,36,1915
3573,48.42863,-89.23275,37,2025
3573,48.4285499,-89.23286,38,2032
3573,48.42775,-89.23354,39,2138
3573,48.4268699,-89.23418,40,2250
3573,48.42646,-89.23442,41,2294
3573,48.4263499,-89.2345499,42,2304
3573,48.4254999,-89.23516,43,2414
3573,48.42466,-89.2357699,44,2518
3573,48.42403,-89.23616,45,2592
3573,48.42397,-89.2362599,46,2601
3573,48.42321,-89.2368099,47,2702
3573,48.4223,-89.23755,48,2818
3573,48.4222199,-89.23755,49,2826
3573,48.42134,-89.23817,50,2940
3573,48.4204799,-89.2388,51,3043
3573,48.4195899,-89.23943,52,3155
3573,48.41898,-89.23993,53,3227
3573,48.4180399,-89.24055,54,3334
3573,48.4170999,-89.24123,55,3440
3573,48.41677,-89.24144,56,3498
3573,48.4159399,-89.24208,57,3606
3573,48.41511,-89.24267,58,3707
3573,48.41484,-89.24296,59,3733
3573,48.41481,-89.24294,60,3739
3573,48.4140099,-89.2435,61,3841
3573,48.41317,-89.2441299,62,3946
3573,48.4129899,-89.2442699,63,3968
3573,48.41234,-89.24472,64,4046
3573,48.41153,-89.24531,65,4152
3573,48.41094,-89.24563,66,4213
3573,48.41006,-89.24567,67,4320
3573,48.40889,-89.24568,68,4425
3573,48.409,-89.2456499,69,4432
3573,48.40897,-89.2456399,70,4438
3573,48.4079999,-89.2455799,71,4550
3573,48.40701,-89.24554,72,4656
3573,48.40681,-89.24553,73,4678
3573,48.4067599,-89.2455,74,4686
3573,48.40671,-89.24544,75,4694
3573,48.4066499,-89.24524,76,4709
3573,48.40673,-89.24375,77,4823
3573,48.4067199,-89.24251,78,4917
3573,48.40654,-89.2412499,79,5004
3573,48.40651,-89.24116,80,5010
3573,48.4064299,-89.24104,81,5020
3573,48.40634,-89.24101,82,5033
3573,48.40552,-89.2413799,83,5133
3573,48.40517,-89.24163,84,5164
3573,48.4042899,-89.24191,85,5245
3573,48.40421,-89.2419999,86,5255
3573,48.4041899,-89.24215,87,5265
3573,48.40434,-89.24314,88,5337
3573,48.4042899,-89.2432,89,5346
3573,48.4038299,-89.24303,90,5391
3573,48.4037299,-89.24304,91,5407
3573,48.40349,-89.2433,92,5446
3573,48.4032399,-89.24342,93,5482
3573,48.40316,-89.24339,94,5489
3573,48.40313,-89.2433499,95,5495
3573,48.40293,-89.2422699,96,5572
3573,48.4028799,-89.24219,97,5579
3573,48.40284,-89.2421599,98,5585
3573,48.4016999,-89.24202,99,5710
3573,48.40162,-89.2420699,100,5717
3573,48.40159,-89.24212,101,5723
3573,48.40156,-89.2421999,102,5731
3573,48.40143,-89.2430799,103,5797
3573,48.4012999,-89.2435099,104,5832
3573,48.40103,-89.24405,105,5876
3573,48.40064,-89.24477,106,5950
3573,48.4005799,-89.24501,107,5971
3573,48.4005499,-89.24544,108,5998
3573,48.4005199,-89.2455199,109,6006
3573,48.4004799,-89.2455799,110,6013
3573,48.40037,-89.24563,111,6025
3573,48.39945,-89.2456099,112,6126
3573,48.39886,-89.24556,113,6190
3573,48.3988,-89.24562,114,6200
3573,48.39785,-89.2456099,115,6311
3573,48.39683,-89.24562,116,6422
3573,48.3959,-89.24559,117,6507
3573,48.39591,-89.24562,118,6517
3573,48.39502,-89.24559,119,6618
3573,48.3939,-89.24558,120,6734
3573,48.3929699,-89.24559,121,6846
3573,48.39203,-89.24559,122,6946
3573,48.39105,-89.24559,123,7056
3573,48.39032,-89.24559,124,7120
3573,48.39027,-89.2456,125,7130
3573,48.39022,-89.2455799,126,7138
3573,48.38931,-89.2455799,127,7245
3573,48.38833,-89.2456,128,7349
3573,48.38784,-89.24558,129,7391
3573,48.38783,-89.24559,130,7401
3573,48.38695,-89.24553,131,7504
3573,48.38599,-89.2455199,132,7607
3573,48.38503,-89.24555,133,7703
3573,48.3849899,-89.24557,134,7710
3573,48.3841399,-89.2455199,135,7811
3573,48.3831199,-89.2455199,136,7924
3573,48.38247,-89.24602,137,8021
3574,48.45221,-89.27192,0,0
3574,48.45229,-89.27188,1,11
3574,48.45282,-89.2707499,2,113
3574,48.4531399,-89.27006,3,170
3574,48.4536999,-89.2688499,4,283
3574,48.45383,-89.26839,5,348
3574,48.45404,-89.26812,6,361
3574,48.4546099,-89.2668799,7,466
3574,48.45515,-89.26571,8,577
3574,48.4556,-89.26456,9,687
3574,48.45582,-89.26421,10,697
3574,48.4558299,-89.2641199,11,705
3574,48.45578,-89.2639999,12,714
3574,48.4550699,-89.26303,13,820
3574,48.45494,-89.26279,14,869
3574,48.45489,-89.26274,15,878
3574,48.4544,-89.26155,16,990
3574,48.4538599,-89.26026,17,1092
3574,48.4536899,-89.2598899,18,1122
3574,48.45368,-89.25984,19,1130
3574,48.45321,-89.2585799,20,1232
3574,48.4529,-89.25774,21,1307
3574,48.45252,-89.2567099,22,1407
3574,48.45204,-89.2553899,23,1519
3574,48.45178,-89.25478,24,1556
3574,48.4517299,-89.25453,25,1576
3574,48.45128,-89.25328,26,1682
3574,48.45082,-89.25219,27,1776
3574,48.4505,-89.25176,28,1825
3574,48.4496899,-89.2510999,29,1929
3574,48.4488399,-89.25043,30,2033
3574,48.44821,-89.2499,31,2121
3574,48.4479,-89.2497499,32,2148
3574,48.44711,-89.2491199,33,2252
3574,48.44697,-89.24895,34,2272
3574,48.4459199,-89.24836,35,2397
3574,48.44502,-89.2479,36,2503
3574,48.44482,-89.24779,37,2517
3574,48.44443,-89.24752,38,2563
3574,48.44435,-89.24753,39,2570
3574,48.4435199,-89.24714,40,2672
3574,48.44308,-89.24697,41,2718
3574,48.44215,-89.24661,42,2831
3574,48.4414,-89.24625,43,2914
3574,48.4413,-89.24621,44,2925
3574,48.4411,-89.24599,45,2957
3574,48.4408899,-89.2455099,46,2997
3574,48.44082,-89.24521,47,3028
3574,48.4407299,-89.2439399,48,3114
3574,48.44074,-89.24383,49,3120
3574,48.44071,-89.24339,50,3156
3574,48.44049,-89.24247,51,3226
3574,48.4404699,-89.24245,52,3232
3574,48.44013,-89.2411499,53,3336
3574,48.44005,-89.24073,54,3363
3574,48.44002,-89.24068,55,3370
3574,48.43963,-89.23915,56,3487
3574,48.43923,-89.23778,57,3602
3574,48.43899,-89.23694,58,3667
3574,48.4383299,-89.23441,59,3856
3574,48.43822,-89.23392,60,3916
3574,48.4381299,-89.2334999,61,3923
3574,48.4380999,-89.23345,62,3929
3574,48.43766,-89.2318899,63,4058
3574,48.43741,-89.23088,64,4135
3574,48.43739,-89.23086,65,4144
3574,48.43726,-89.2304,66,4191
3574,48.43726,-89.2301199,67,4218
3574,48.4377099,-89.22895,68,4320
3574,48.43806,-89.228,69,4393
3574,48.43809,-89.22689,70,4450
3574,48.4380699,-89.2268699,71,4461
3574,48.43806,-89.2268099,72,4468
3574,48.4380699,-89.22662,73,4482
3574,48.43799,-89.2260499,74,4529
3574,48.43765,-89.22509,75,4607
3574,48.43706,-89.2241399,76,4700
3574,48.43704,-89.2240499,77,4708
3574,48.4370899,-89.2238799,78,4719
3574,48.43744,-89.22347,79,4771
3574,48.4375099,-89.2234499,80,4780
3574,48.43819,-89.2227399,81,4880
3574,48.4386899,-89.22222,82,4938
3574,48.4386899,-89.2221,83,4945
3574,48.43789,-89.22038,84,5102
3574,48.43769,-89.21992,85,5138
3574,48.43744,-89.21948,86,5185
3574,48.4368599,-89.21812,87,5298
3574,48.43677,-89.21792,88,5310
3574,48.43671,-89.21783,89,5318
3574,48.4366599,-89.21772,90,5327
3574,48.43664,-89.2176499,91,5335
3574,48.43621,-89.2167199,92,5422
3574,48.43612,-89.21664,93,5433
3574,48.43602,-89.2166299,94,5443
3574,48.43592,-89.21667,95,5457
3574,48.43568,-89.21703,96,5515
3576,48.46104,-89.23474,0,0
3576,48.46106,-89.2349099,1,11
3576,48.46113,-89.23497,2,18
3576,48.4611799,-89.23496,3,24
3576,48.46175,-89.2345199,4,101
3576,48.46182,-89.23444,5,107
3576,48.4618699,-89.23433,6,118
3576,48.4619299,-89.2340899,7,142
3576,48.46202,-89.23315,8,206
3576,48.46227,-89.23142,9,308
3576,48.46231,-89.23128,10,319
3576,48.46234,-89.23122,11,327
3576,48.4624599,-89.2311299,12,339
3576,48.46318,-89.2311,13,442
3576,48.46345,-89.23129,14,453
3576,48.4634699,-89.2314299,15,464
3576,48.4634399,-89.23283,16,573
3576,48.46343,-89.23355,17,619
3576,48.46342,-89.2352699,18,752
3576,48.4634,-89.23671,19,861
3576,48.4634,-89.23706,20,877
3576,48.4633799,-89.23841,21,976
3576,48.4634,-89.23874,22,1025
3576,48.46336,-89.24055,23,1128
3576,48.46337,-89.24133,24,1218
3576,48.4633499,-89.24137,25,1225
3576,48.46333,-89.2427,26,1329
3576,48.46332,-89.24419,27,1440
3576,48.4633,-89.2457399,28,1549
3576,48.4633,-89.24702,29,1635
3576,48.46327,-89.2486599,30,1735
3576,48.46327,-89.25005,31,1849
3576,48.4632499,-89.2500799,32,1857
3576,48.4632499,-89.25151,33,1969
3576,48.46323,-89.2529599,34,2079
3576,48.46324,-89.25375,35,2157
3576,48.4632199,-89.25532,36,2261
3576,48.46323,-89.25571,37,2303
3576,48.4632099,-89.2557899,38,2312
3576,48.46319,-89.25748,39,2435
3576,48.46317,-89.2582,40,2493
3576,48.46309,-89.2583,41,2504
3576,48.46263,-89.2583,42,2551
3576,48.46178,-89.25826,43,2651
3576,48.4609099,-89.25823,44,2751
3576,48.45984,-89.25822,45,2878
3576,48.4586799,-89.25816,46,2983
3576,48.4578299,-89.25813,47,3085
3576,48.4568499,-89.2580899,48,3187
3576,48.4568,-89.2581,49,3207
3576,48.45565,-89.25804,50,3324
3576,48.4551999,-89.2581499,51,3375
3576,48.4548,-89.25847,52,3425
3576,48.4539899,-89.2594299,53,3526
3576,48.45374,-89.2597299,54,3569
3576,48.45371,-89.25974,55,3575
3576,48.45357,-89.25962,56,3589
3576,48.45355,-89.25952,57,3600
3576,48.4530699,-89.25823,58,3707
3576,48.4529,-89.25774,59,3746
3576,48.45252,-89.2567099,60,3846
3576,48.45204,-89.2553899,61,3958
3576,48.45178,-89.25478,62,3995
3576,48.4517299,-89.25453,63,4015
3576,48.45128,-89.25328,64,4121
3576,48.45082,-89.25219,65,4215
3576,48.4505,-89.25176,66,4264
3576,48.4496899,-89.2510999,67,4368
3576,48.4488399,-89.25043,68,4472
3576,48.44821,-89.2499,69,4560
3576,48.4479,-89.2497499,70,4587
3576,48.44711,-89.2491199,71,4691
3576,48.44697,-89.24895,72,4711
3576,48.4459199,-89.24836,73,4836
3576,48.44502,-89.2479,74,4942
3576,48.44482,-89.24779,75,4956
3576,48.44443,-89.24752,76,5002
3576,48.44435,-89.24753,77,5009
3576,48.4435199,-89.24714,78,5111
3576,48.44308,-89.24697,79,5157
3576,48.44215,-89.24661,80,5270
3576,48.4414,-89.24625,81,5353
3576,48.4413,-89.24621,82,5364
3576,48.4411,-89.24599,83,5396
3576,48.4408899,-89.2455099,84,5436
3576,48.44082,-89.24521,85,5467
3576,48.4407299,-89.2439399,86,5553
3576,48.44074,-89.24383,87,5559
3576,48.44071,-89.24339,88,5595
3576,48.44049,-89.24247,89,5665
3576,48.4404699,-89.24245,90,5671
3576,48.44013,-89.2411499,91,5775
3576,48.44005,-89.24073,92,5802
3576,48.44002,-89.24068,93,5809
3576,48.43963,-89.23915,94,5926
3576,48.43923,-89.23778,95,6041
3576,48.43899,-89.23694,96,6106
3576,48.4383299,-89.23441,97,6295
3576,48.43822,-89.23392,98,6355
3576,48.4381299,-89.2334999,99,6362
3576,48.4380999,-89.23345,100,6368
3576,48.43766,-89.2318899,101,6497
3576,48.43741,-89.23088,102,6574
3576,48.43739,-89.23086,103,6583
3576,48.43726,-89.2304,104,6630
3576,48.43726,-89.2301199,105,6657
3576,48.4377099,-89.22895,106,6759
3576,48.43806,-89.228,107,6832
3576,48.43809,-89.22689,108,6889
3576,48.4380699,-89.2268699,109,6900
3576,48.43806,-89.2268099,110,6907
3576,48.4380699,-89.22662,111,6921
3576,48.43799,-89.2260499,112,6968
3576,48.43765,-89.22509,113,7046
3576,48.43706,-89.2241399,114,7139
3576,48.43704,-89.2240499,115,7147
3576,48.4370899,-89.2238799,116,7158
3576,48.43744,-89.22347,117,7210
3576,48.4375099,-89.2234499,118,7219
3576,48.43819,-89.2227399,119,7319
3576,48.4386899,-89.22222,120,7377
3576,48.4386899,-89.2221,121,7384
3576,48.43789,-89.22038,122,7541
3576,48.43769,-89.21992,123,7577
3576,48.43744,-89.21948,124,7624
3576,48.4368599,-89.21812,125,7737
3576,48.43677,-89.21792,126,7749
3576,48.43671,-89.21783,127,7757
3576,48.4366599,-89.21772,128,7766
3576,48.43664,-89.2176499,129,7774
3576,48.43621,-89.2167199,130,7861
3576,48.43612,-89.21664,131,7872
3576,48.43602,-89.2166299,132,7882
3576,48.43592,-89.21667,133,7896
3576,48.43568,-89.21703,134,7954
3577,48.43568,-89.21703,0,0
3577,48.4353099,-89.2172899,1,21
3577,48.4352799,-89.21737,2,27
3577,48.43529,-89.2174799,3,34
3577,48.43572,-89.2183999,4,117
3577,48.43654,-89.2175799,5,226
3577,48.4366199,-89.2175799,6,236
3577,48.43678,-89.21782,7,260
3577,48.43735,-89.21906,8,367
3577,48.4373799,-89.2190899,9,378
3577,48.4375,-89.21943,10,404
3577,48.43756,-89.2195199,11,413
3577,48.4376699,-89.2198,12,441
3577,48.43773,-89.21989,13,448
3577,48.43785,-89.21989,14,457
3577,48.43866,-89.2189,15,565
3577,48.43894,-89.21875,16,579
3577,48.43973,-89.21792,17,686
3577,48.4404699,-89.21713,18,789
3577,48.44088,-89.21656,19,868
3577,48.4416499,-89.21589,20,933
3577,48.44177,-89.2157,21,953
3577,48.44182,-89.21565,22,961
3577,48.4418799,-89.21562,23,969
3577,48.4420099,-89.21565,24,982
3577,48.44213,-89.2157699,25,997
3577,48.4427599,-89.2167599,26,1100
3577,48.44298,-89.21713,27,1134
3577,48.44305,-89.21711,28,1140
3577,48.44374,-89.2160999,29,1251
3577,48.44417,-89.2154,30,1329
3577,48.44423,-89.21539,31,1336
3577,48.44495,-89.21444,32,1450
3577,48.44571,-89.2133799,33,1561
3577,48.4460799,-89.21286,34,1612
3577,48.44613,-89.21284,35,1619
3577,48.44622,-89.2128899,36,1630
3577,48.4467699,-89.21379,37,1725
3577,48.44694,-89.21392,38,1743
3577,48.44752,-89.21387,39,1792
3577,48.44758,-89.2139699,40,1801
3577,48.44849,-89.2140299,41,1909
3577,48.44954,-89.21408,42,2023
3577,48.45047,-89.21414,43,2131
3577,48.45115,-89.21412,44,2207
3577,48.45217,-89.2142299,45,2316
3577,48.4531099,-89.21428,46,2416
3577,48.45344,-89.21431,47,2449
3577,48.45351,-89.21435,48,2460
3577,48.45355,-89.21447,49,2469
3577,48.45351,-89.2160999,50,2593
3577,48.45355,-89.21736,51,2688
3577,48.4534999,-89.21753,52,2697
3577,48.4534699,-89.21875,53,2799
3577,48.4534599,-89.21914,54,2816
3577,48.45344,-89.22051,55,2925
3577,48.45348,-89.22104,56,2962
3577,48.45344,-89.2212299,57,2976
3577,48.45342,-89.2226299,58,3082
3577,48.45334,-89.22344,59,3140
3577,48.4531999,-89.2249299,60,3254
3577,48.45315,-89.22541,61,3287
3577,48.45312,-89.22548,62,3293
3577,48.4530399,-89.2255199,63,3301
3577,48.45248,-89.22557,64,3361
3577,48.45131,-89.2254899,65,3464
3577,48.45033,-89.2255,66,3578
3577,48.45034,-89.22558,67,3604
3577,48.4501799,-89.22587,68,3613
3577,48.4502,-89.2272899,69,3719
3577,48.4502,-89.22773,70,3745
3577,48.45023,-89.2279199,71,3756
3577,48.4503099,-89.22796,72,3767
3577,48.45124,-89.22794,73,3875
3577,48.45204,-89.22791,74,3980
3577,48.4523199,-89.22784,75,3993
3577,48.4524799,-89.2277,76,4010
3577,48.45309,-89.2266,77,4117
3577,48.4531299,-89.22637,78,4132
3577,48.4531299,-89.22583,79,4170
3577,48.4531399,-89.2257499,80,4177
3577,48.4531399,-89.22554,81,4192
3577,48.45321,-89.22547,82,4203
3577,48.4541499,-89.22548,83,4308
3577,48.4549,-89.22542,84,4415
3577,48.4560299,-89.2254899,85,4515
3577,48.45687,-89.22545,86,4605
3577,48.4569099,-89.22548,87,4611
3577,48.4577999,-89.2254899,88,4714
3577,48.45879,-89.2254899,89,4822
3577,48.45887,-89.22546,90,4853
3577,48.45999,-89.2255,91,4957
3577,48.4601999,-89.22548,92,4980
3577,48.46025,-89.2253899,93,4988
3577,48.46027,-89.22435,94,5060
3577,48.46031,-89.22422,95,5075
3577,48.46043,-89.2241499,96,5088
3577,48.46075,-89.22408,97,5141
3577,48.4607899,-89.22413,98,5153
3577,48.4611099,-89.2241799,99,5188
3577,48.46146,-89.22413,100,5233
3577,48.4616699,-89.2240099,101,5255
3577,48.46186,-89.2237899,102,5278
3577,48.46194,-89.2236499,103,5295
3577,48.46238,-89.22245,104,5397
3577,48.4628199,-89.22124,105,5499
3577,48.4633099,-89.2199099,106,5608
3577,48.46362,-89.2186299,107,5708
3577,48.46364,-89.21779,108,5768
3577,48.46368,-89.21769,109,5775
3577,48.4637099,-89.21605,110,5900
3577,48.46372,-89.21461,111,6001
3577,48.46368,-89.21432,112,6023
3577,48.4636999,-89.21429,113,6030
3577,48.4637099,-89.21422,114,6036
3577,48.4637399,-89.2128899,115,6137
3577,48.46376,-89.2114399,116,6243
3577,48.46373,-89.20977,117,6362
3577,48.46373,-89.20939,118,6368
3577,48.46281,-89.2093699,119,6470
3577,48.46186,-89.20933,120,6575
3577,48.4616,-89.20936,121,6624
3577,48.46074,-89.20929,122,6697
3577,48.4606199,-89.20932,123,6708
3577,48.4605899,-89.2093999,124,6715
3577,48.4606,-89.21113,125,6841
3577,48.46064,-89.21156,126,6895
3577,48.46061,-89.21169,127,6906
3577,48.4606,-89.2118699,128,6923
3577,48.4605899,-89.2118999,129,6929
3577,48.46058,-89.21342,130,7035
3577,48.4605599,-89.2146,131,7117
3577,48.4605199,-89.21468,132,7128
3577,48.46041,-89.21471,133,7141
3577,48.46,-89.21468,134,7179
3578,48.40517,-89.24163,0,0
3578,48.4050099,-89.2416099,1,9
3578,48.40412,-89.24196,2,118
3578,48.4037299,-89.2420699,3,156
3578,48.40276,-89.24218,4,270
3578,48.40168,-89.24202,5,382
3578,48.40161,-89.24209,6,389
3578,48.40158,-89.2421999,7,399
3578,48.40151,-89.24291,8,455
3578,48.40135,-89.2435099,9,502
3578,48.4012,-89.24385,10,527
3578,48.4006799,-89.2447899,11,618
3578,48.4006199,-89.24514,12,641
3578,48.4006199,-89.2452799,13,654
3578,48.40066,-89.2454099,14,662
3578,48.4007099,-89.2454499,15,668
3578,48.40174,-89.2454799,16,786
3578,48.4028,-89.24541,17,897
3578,48.4037299,-89.24544,18,1003
3578,48.40467,-89.24542,19,1110
3578,48.4057099,-89.24544,20,1211
3578,48.4065599,-89.2454099,21,1311
3578,48.40755,-89.2454199,22,1417
3578,48.40852,-89.24543,23,1529
3578,48.40922,-89.24546,24,1603
3578,48.41008,-89.24547,25,1706
3578,48.41061,-89.24543,26,1759
3578,48.41067,-89.24546,27,1766
3578,48.41084,-89.24544,28,1787
3578,48.41169,-89.2449499,29,1891
3578,48.41254,-89.24432,30,1999
3578,48.41333,-89.24375,31,2102
3578,48.4142399,-89.24311,32,2203
3578,48.41503,-89.24249,33,2299
3578,48.41599,-89.24183,34,2424
3578,48.4161099,-89.24175,35,2433
3578,48.41705,-89.24102,36,2546
3578,48.41707,-89.2410199,37,2554
3578,48.41793,-89.24041,38,2668
3578,48.41879,-89.23976,39,2762
3578,48.4197499,-89.2391099,40,2871
3578,48.42023,-89.23872,41,2945
3578,48.42138,-89.23805,42,3085
3578,48.4216299,-89.23788,43,3115
3578,48.4217499,-89.2378699,44,3130
3578,48.4218599,-89.2379599,45,3143
3578,48.42201,-89.2381599,46,3164
3578,48.42214,-89.23825,47,3179
3578,48.42355,-89.2383299,48,3346
3578,48.4245099,-89.2383199,49,3447
3578,48.4254599,-89.23835,50,3548
3578,48.4262799,-89.2383299,51,3648
3578,48.42718,-89.23824,52,3742
3578,48.4272699,-89.2383,53,3753
3578,48.4280599,-89.23831,54,3839
3578,48.4281199,-89.23838,55,3845
3578,48.4281199,-89.23972,56,3943
3578,48.42811,-89.23979,57,3950
3578,48.4281199,-89.2399699,58,3963
3578,48.4281,-89.2402599,59,3982
3578,48.4281199,-89.2406199,60,4007
3578,48.42811,-89.2407499,61,4016
3578,48.4280599,-89.24083,62,4026
3578,48.4280199,-89.2408499,63,4032
3578,48.4270099,-89.2408499,64,4136
3578,48.4261,-89.24083,65,4242
3578,48.42518,-89.24083,66,4345
3578,48.42463,-89.24083,67,4402
3578,48.42359,-89.24087,68,4521
3578,48.42265,-89.24083,69,4631
3578,48.42194,-89.2409,70,4724
3578,48.42165,-89.2408499,71,4755
3578,48.4216199,-89.2409,72,4761
3578,48.42161,-89.24232,73,4868
3578,48.42136,-89.24328,74,4933
3578,48.4212999,-89.2433499,75,4943
3578,48.4210299,-89.24409,76,5010
3578,48.4209299,-89.24485,77,5065
3578,48.42091,-89.24629,78,5171
3578,48.42095,-89.24657,79,5208
3578,48.42088,-89.24816,80,5315
3578,48.4209,-89.24967,81,5414
3578,48.42085,-89.24966,82,5424
3578,48.4208099,-89.25135,83,5546
3578,48.4208399,-89.2519199,84,5594
3578,48.42099,-89.2527299,85,5650
3578,48.42099,-89.25285,86,5659
3578,48.42095,-89.25294,87,5666
3578,48.4201499,-89.25373,88,5780
3578,48.41968,-89.25466,89,5865
3578,48.4191899,-89.25626,90,5992
3578,48.41875,-89.2571999,91,6078
3578,48.4180099,-89.25797,92,6180
3578,48.4175199,-89.2582,93,6240
3578,48.4164399,-89.2582499,94,6351
3578,48.4155899,-89.25824,95,6444
3578,48.41553,-89.2581499,96,6455
3578,48.41551,-89.2580899,97,6462
3578,48.41553,-89.2548999,98,6694
3578,48.41553,-89.25476,99,6701
3578,48.4155499,-89.2546399,100,6715
3578,48.4156499,-89.25459,101,6725
3578,48.41616,-89.25451,102,6755
3578,48.4160399,-89.2545399,103,6764
3578,48.4163699,-89.2545799,104,6802
3578,48.4166399,-89.25449,105,6833
3578,48.4174199,-89.25368,106,6936
3578,48.4175,-89.2536499,107,6946
3578,48.4175499,-89.25367,108,6954
3578,48.41776,-89.25392,109,6982
3578,48.4177899,-89.254,110,6988
3578,48.41819,-89.25446,111,7051
3578,48.41879,-89.25483,112,7140
3578,48.4191599,-89.25515,113,7161
3578,48.4193299,-89.25521,114,7182
3578,48.4194,-89.25518,115,7190
3578,48.41944,-89.2551299,116,7197
3578,48.4197,-89.25432,117,7264
3578,48.42027,-89.25338,118,7360
3578,48.42092,-89.25286,119,7436
3578,48.42138,-89.25266,120,7488
3578,48.42142,-89.25269,121,7499
3578,48.4223499,-89.25271,122,7604
3578,48.42332,-89.25269,123,7710
3578,48.42366,-89.25268,124,7742
3578,48.42368,-89.2526699,125,7748
3578,48.4246,-89.2527299,126,7859
3578,48.42562,-89.25275,127,7967
3578,48.4260899,-89.2527299,128,8013
3578,48.4261599,-89.2527699,129,8020
3578,48.4261899,-89.25281,130,8027
3578,48.4262199,-89.2528999,131,8034
3578,48.42621,-89.2530999,132,8047
3578,48.42592,-89.25401,133,8123
3578,48.4258299,-89.25416,134,8135
3578,48.42531,-89.2558199,135,8268
3578,48.4249099,-89.2571999,136,8382
3578,48.4245,-89.2585799,137,8497
3578,48.4241,-89.25994,138,8604
3578,48.42368,-89.26126,139,8712
3578,48.42358,-89.2616299,140,8739
3578,48.4234899,-89.2617299,141,8750
3578,48.4234299,-89.26172,142,8757
3578,48.42272,-89.2611999,143,8844
3578,48.4226099,-89.2612099,144,8854
3578,48.42256,-89.26125,145,8861
3578,48.42211,-89.2621599,146,8942
3578,48.42206,-89.26221,147,8949
3578,48.42196,-89.2622599,148,8960
3578,48.42184,-89.2622599,149,8975
3578,48.42144,-89.26211,150,8995
3580,48.38247,-89.24602,0,0
3580,48.38248,-89.2456099,1,37
3580,48.3824999,-89.2455099,2,44
3580,48.3825599,-89.2454499,3,55
3580,48.38265,-89.24543,4,64
3580,48.38274,-89.24546,5,72
3580,48.38352,-89.24542,6,154
3580,48.38441,-89.24546,7,256
3580,48.3853799,-89.24543,8,366
3580,48.38609,-89.24544,9,438
3580,48.38612,-89.2454099,10,455
3580,48.38698,-89.2454199,11,561
3580,48.3879399,-89.2454199,12,666
3580,48.38907,-89.24545,13,766
3580,48.38908,-89.24544,14,773
3580,48.3899799,-89.24544,15,874
3580,48.39034,-89.24544,16,936
3580,48.3914299,-89.24544,17,1044
3580,48.3923499,-89.2454499,18,1144
3580,48.39331,-89.24544,19,1254
3580,48.39371,-89.24543,20,1286
3580,48.3937199,-89.24544,21,1297
3580,48.3950699,-89.2454499,22,1443
3580,48.3959899,-89.24544,23,1549
3580,48.39661,-89.24546,24,1600
3580,48.39666,-89.24543,25,1607
3580,48.39761,-89.24544,26,1719
3580,48.39851,-89.24545,27,1802
3580,48.39961,-89.24543,28,1928
3580,48.40002,-89.24542,29,1977
3580,48.40017,-89.24543,30,1983
3580,48.4002,-89.2454199,31,1989
3580,48.40113,-89.2454499,32,2102
3580,48.40221,-89.24544,33,2217
3580,48.4028,-89.24541,34,2284
3580,48.4037299,-89.24544,35,2390
3580,48.40467,-89.24542,36,2497
3580,48.4057099,-89.24544,37,2598
3580,48.4065599,-89.2454099,38,2698
3580,48.40755,-89.2454199,39,2804
3580,48.40852,-89.24543,40,2916
3580,48.40922,-89.24546,41,2990
3580,48.41008,-89.24547,42,3093
3580,48.41061,-89.24543,43,3146
3580,48.41067,-89.24546,44,3153
3580,48.41084,-89.24544,45,3174
3580,48.41169,-89.2449499,46,3278
3580,48.41254,-89.24432,47,3386
3580,48.41333,-89.24375,48,3489
3580,48.4142399,-89.24311,49,3590
3580,48.41503,-89.24249,50,3686
3580,48.41599,-89.24183,51,3811
3580,48.4161099,-89.24175,52,3820
3580,48.41705,-89.24102,53,3933
3580,48.41707,-89.2410199,54,3941
3580,48.41793,-89.24041,55,4055
3580,48.41879,-89.23976,56,4149
3580,48.4197499,-89.2391099,57,4258
3580,48.42023,-89.23872,58,4332
3580,48.4202399,-89.2387199,59,4341
3580,48.4210599,-89.2381299,60,4443
3580,48.42152,-89.2378,61,4494
3580,48.4224799,-89.23713,62,4597
3580,48.42316,-89.23664,63,4701
3580,48.4231699,-89.2366499,64,4710
3580,48.4239199,-89.2361,65,4810
3580,48.4248399,-89.23543,66,4920
3580,48.4256899,-89.23483,67,5020
3580,48.42612,-89.23452,68,5062
3580,48.42611,-89.2345,69,5072
3580,48.42686,-89.2339599,70,5181
3580,48.42718,-89.2337299,71,5212
3580,48.4281199,-89.23305,72,5323
3580,48.42862,-89.23261,73,5392
3580,48.42978,-89.23149,74,5532
3580,48.4301,-89.23109,75,5567
3580,48.43015,-89.23108,76,5576
3580,48.4309,-89.23033,77,5679
3580,48.43162,-89.22954,78,5768
3580,48.43166,-89.22947,79,5778
3580,48.43235,-89.22879,80,5878
3580,48.4333,-89.22781,81,5990
3580,48.43402,-89.22705,82,6090
3580,48.43474,-89.22631,83,6179
3580,48.43487,-89.2261799,84,6202
3580,48.4348799,-89.22607,85,6210
3580,48.43431,-89.22481,86,6322
3580,48.43397,-89.22407,87,6373
3580,48.43398,-89.2241499,88,6384
3580,48.4334799,-89.2229999,89,6487
3580,48.4329,-89.22177,90,6593
3580,48.43283,-89.2216199,91,6606
3580,48.4328199,-89.2214899,92,6614
3580,48.43287,-89.22137,93,6623
3580,48.43373,-89.22048,94,6744
3580,48.43452,-89.21959,95,6847
3580,48.43467,-89.21943,96,6864
3580,48.43471,-89.21941,97,6871
3580,48.4355399,-89.21852,98,6982
3580,48.43559,-89.21849,99,6988
3580,48.43566,-89.2183999,100,6995
3580,48.4356399,-89.21829,101,7005
3580,48.4354,-89.21786,102,7045
3580,48.43532,-89.2176499,103,7060
3580,48.4353399,-89.21754,104,7066
3580,48.4354,-89.21746,105,7077
3580,48.43549,-89.2174099,106,7087
3580,48.43568,-89.21703,107,7144
3581,48.43568,-89.21703,0,0
3581,48.4353099,-89.2172899,1,21
3581,48.4352799,-89.21737,2,27
3581,48.43529,-89.2174799,3,34
3581,48.43572,-89.2183999,4,117
3581,48.43654,-89.2175799,5,226
3581,48.4366199,-89.2175799,6,236
3581,48.43678,-89.21782,7,260
3581,48.43735,-89.21906,8,367
3581,48.4373799,-89.2190899,9,374
3581,48.4379399,-89.22035,10,487
3581,48.43844,-89.22143,11,590
3581,48.43868,-89.22196,12,631
3581,48.4388,-89.22213,13,653
3581,48.43881,-89.22219,14,660
3581,48.43877,-89.22235,15,669
3581,48.43795,-89.22315,16,772
3581,48.4372,-89.22391,17,835
3581,48.43674,-89.22443,18,936
3581,48.43596,-89.22524,19,1037
3581,48.43532,-89.22589,20,1123
3581,48.43529,-89.22594,21,1130
3581,48.4352499,-89.22596,22,1137
3581,48.43448,-89.22676,23,1238
3581,48.43428,-89.2269699,24,1262
3581,48.43339,-89.22788,25,1379
3581,48.43336,-89.22794,26,1388
3581,48.4326199,-89.2286799,27,1492
3581,48.43204,-89.22926,28,1559
3581,48.4320599,-89.22928,29,1565
3581,48.43126,-89.2300199,30,1676
3581,48.4311699,-89.23013,31,1691
3581,48.43106,-89.2302199,32,1699
3581,48.43097,-89.23033,33,1707
3581,48.4305,-89.23094,34,1772
3581,48.43024,-89.2310699,35,1810
3581,48.42946,-89.23187,36,1915
3581,48.42863,-89.23275,37,2025
3581,48.4285499,-89.23286,38,2032
3581,48.42775,-89.23354,39,2138
3581,48.4268699,-89.23418,40,2250
3581,48.42646,-89.23442,41,2294
3581,48.4263499,-89.2345499,42,2304
3581,48.4254999,-89.23516,43,2414
3581,48.42466,-89.2357699,44,2518
3581,48.42403,-89.23616,45,2592
3581,48.42397,-89.2362599,46,2601
3581,48.42321,-89.2368099,47,2702
3581,48.4223,-89.23755,48,2818
3581,48.4222199,-89.23755,49,2826
3581,48.42134,-89.23817,50,2940
3581,48.4204799,-89.2388,51,3043
3581,48.4195899,-89.23943,52,3155
3581,48.41898,-89.23993,53,3227
3581,48.4180399,-89.24055,54,3334
3581,48.4170999,-89.24123,55,3440
3581,48.41677,-89.24144,56,3498
3581,48.4159399,-89.24208,57,3606
3581,48.41511,-89.24267,58,3707
3581,48.41484,-89.24296,59,3733
3581,48.41481,-89.24294,60,3739
3581,48.4140099,-89.2435,61,3841
3581,48.41317,-89.2441299,62,3946
3581,48.4129899,-89.2442699,63,3968
3581,48.41234,-89.24472,64,4046
3581,48.41153,-89.24531,65,4152
3581,48.41094,-89.24563,66,4213
3581,48.41006,-89.24567,67,4320
3581,48.40889,-89.24568,68,4425
3581,48.4089899,-89.2456499,69,4435
3581,48.4080999,-89.2456399,70,4541
3581,48.40707,-89.2456499,71,4646
3581,48.40619,-89.24563,72,4748
3581,48.40533,-89.24562,73,4836
3581,48.40468,-89.24569,74,4906
3581,48.40461,-89.2456499,75,4913
3581,48.40434,-89.2456499,76,4951
3581,48.40427,-89.24563,77,4963
3581,48.40325,-89.24563,78,5077
3581,48.40224,-89.24562,79,5186
3581,48.40111,-89.24569,80,5304
3581,48.3998899,-89.24563,81,5439
3581,48.39886,-89.24556,82,5549
3581,48.3988,-89.24562,83,5559
3581,48.39785,-89.2456099,84,5670
3581,48.39683,-89.24562,85,5781
3581,48.3959,-89.24559,86,5866
3581,48.39591,-89.24562,87,5876
3581,48.39502,-89.24559,88,5977
3581,48.3939,-89.24558,89,6093
3581,48.3929699,-89.24559,90,6205
3581,48.39203,-89.24559,91,6305
3581,48.39105,-89.24559,92,6415
3581,48.39032,-89.24559,93,6479
3581,48.39027,-89.2456,94,6489
3581,48.39022,-89.2455799,95,6497
3581,48.38931,-89.2455799,96,6604
3581,48.38833,-89.2456,97,6708
3581,48.38784,-89.24558,98,6750
3581,48.38783,-89.24559,99,6760
3581,48.38695,-89.24553,100,6863
3581,48.38599,-89.2455199,101,6966
3581,48.38503,-89.24555,102,7062
3581,48.3849899,-89.24557,103,7069
3581,48.3841399,-89.2455199,104,7170
3581,48.3831199,-89.2455199,105,7283
3581,48.38247,-89.24602,106,7380
3582,48.46,-89.21468,0,0
3582,48.45915,-89.2146199,1,100
3582,48.4581899,-89.21458,2,205
3582,48.45765,-89.2145599,3,261
3582,48.45663,-89.21452,4,374
3582,48.4556999,-89.21444,5,488
3582,48.4547799,-89.2143899,6,589
3582,48.45419,-89.2144,7,646
3582,48.45309,-89.21431,8,752
3582,48.45213,-89.2142599,9,853
3582,48.45153,-89.21424,10,935
3582,48.4513899,-89.21421,11,953
3582,48.4513299,-89.2140999,12,965
3582,48.45134,-89.21261,13,1080
3582,48.4513599,-89.21104,14,1195
3582,48.4513699,-89.2095099,15,1302
3582,48.45134,-89.20902,16,1331
3582,48.45135,-89.20902,17,1341
3582,48.45138,-89.20876,18,1360
3582,48.4513999,-89.20729,19,1472
3582,48.4513999,-89.20703,20,1487
3582,48.45138,-89.20693,21,1495
3582,48.45134,-89.2068399,22,1504
3582,48.4506099,-89.20598,23,1607
3582,48.45032,-89.20565,24,1642
3582,48.45024,-89.2056699,25,1652
3582,48.44983,-89.2065,26,1732
3582,48.4491299,-89.20782,27,1836
3582,48.44853,-89.2089499,28,1953
3582,48.44848,-89.20901,29,1978
3582,48.4478899,-89.21028,30,2081
3582,48.4472299,-89.21135,31,2189
3582,48.44726,-89.21145,32,2210
3582,48.44704,-89.2115999,33,2223
3582,48.4463099,-89.21261,34,2333
3582,48.44589,-89.21319,35,2395
3582,48.44502,-89.21442,36,2506
3582,48.44442,-89.21537,37,2613
3582,48.44422,-89.21552,38,2627
3582,48.44357,-89.2163999,39,2714
3582,48.443,-89.2172499,40,2811
3582,48.44288,-89.2171799,41,2823
3582,48.44282,-89.2171199,42,2833
3582,48.44274,-89.21695,43,2867
3582,48.44199,-89.21579,44,2984
3582,48.44186,-89.21569,45,2999
3582,48.4418099,-89.2157,46,3006
3582,48.44107,-89.21654,47,3107
3582,48.44023,-89.21746,48,3217
3582,48.43933,-89.21838,49,3346
3582,48.43867,-89.21909,50,3426
3582,48.43857,-89.21923,51,3442
3582,48.4378099,-89.2199399,52,3542
3582,48.4377799,-89.21996,53,3548
3582,48.43769,-89.2199399,54,3557
3582,48.43765,-89.21989,55,3564
3582,48.43744,-89.21948,56,3607
3582,48.4368599,-89.21812,57,3720
3582,48.43677,-89.21792,58,3732
3582,48.43671,-89.21783,59,3740
3582,48.4366599,-89.21772,60,3749
3582,48.43664,-89.2176499,61,3757
3582,48.43621,-89.2167199,62,3844
3582,48.43612,-89.21664,63,3855
3582,48.43602,-89.2166299,64,3865
3582,48.43592,-89.21667,65,3879
3582,48.43568,-89.21703,66,3937
3583,48.43568,-89.21703,0,0
3583,48.4353099,-89.2172899,1,21
3583,48.4352799,-89.21737,2,27
3583,48.43529,-89.2174799,3,34
3583,48.43572,-89.2183999,4,117
3583,48.43654,-89.2175799,5,226
3583,48.4366199,-89.2175799,6,236
3583,48.43678,-89.21782,7,260
3583,48.43735,-89.21906,8,367
3583,48.4373799,-89.2190899,9,374
3583,48.4379399,-89.22035,10,487
3583,48.43844,-89.22143,11,590
3583,48.43868,-89.22196,12,631
3583,48.4388,-89.22213,13,653
3583,48.43881,-89.22219,14,660
3583,48.43877,-89.22235,15,669
3583,48.43795,-89.22315,16,772
3583,48.4372,-89.22391,17,835
3583,48.43674,-89.22443,18,936
3583,48.43596,-89.22524,19,1037
3583,48.43532,-89.22589,20,1123
3583,48.43529,-89.22594,21,1130
3583,48.4352499,-89.22596,22,1137
3583,48.43448,-89.22676,23,1238
3583,48.43428,-89.2269699,24,1262
3583,48.43339,-89.22788,25,1379
3583,48.43336,-89.22794,26,1388
3583,48.4326199,-89.2286799,27,1492
3583,48.43204,-89.22926,28,1559
3583,48.4320599,-89.22928,29,1565
3583,48.43126,-89.2300199,30,1676
3583,48.4311699,-89.23013,31,1691
3583,48.43106,-89.2302199,32,1699
3583,48.43097,-89.23033,33,1707
3583,48.4305,-89.23094,34,1772
3583,48.43024,-89.2310699,35,1810
3583,48.42946,-89.23187,36,1915
3583,48.42863,-89.23275,37,2025
3583,48.4285499,-89.23286,38,2032
3583,48.42775,-89.23354,39,2138
3583,48.4268699,-89.23418,40,2250
3583,48.42646,-89.23442,41,2294
3583,48.4263499,-89.2345499,42,2304
3583,48.4254999,-89.23516,43,2414
3583,48.42466,-89.2357699,44,2518
3583,48.42403,-89.23616,45,2592
3583,48.42397,-89.2362599,46,2601
3583,48.42321,-89.2368099,47,2702
3583,48.4223,-89.23755,48,2818
3583,48.4222199,-89.23755,49,2826
3583,48.42134,-89.23817,50,2940
3583,48.4204799,-89.2388,51,3043
3583,48.4195899,-89.23943,52,3155
3583,48.41898,-89.23993,53,3227
3583,48.4180399,-89.24055,54,3334
3583,48.4170999,-89.24123,55,3440
3583,48.41677,-89.24144,56,3498
3583,48.4159399,-89.24208,57,3606
3583,48.41511,-89.24267,58,3707
3583,48.41484,-89.24296,59,3733
3583,48.41481,-89.24294,60,3739
3583,48.4140099,-89.2435,61,3841
3583,48.41317,-89.2441299,62,3946
3583,48.4129899,-89.2442699,63,3968
3583,48.41234,-89.24472,64,4046
3583,48.41153,-89.24531,65,4152
3583,48.41094,-89.24563,66,4213
3583,48.41006,-89.24567,67,4320
3583,48.40889,-89.24568,68,4425
3583,48.4089899,-89.2456499,69,4435
3583,48.4080999,-89.2456399,70,4541
3583,48.40707,-89.2456499,71,4646
3583,48.40619,-89.24563,72,4748
3583,48.40533,-89.24562,73,4836
3583,48.40468,-89.24569,74,4906
3583,48.40461,-89.2456499,75,4913
3583,48.40434,-89.2456499,76,4951
3583,48.40427,-89.24563,77,4963
3583,48.40325,-89.24563,78,5077
3583,48.40224,-89.24562,79,5186
3583,48.40111,-89.24569,80,5304
3583,48.3998899,-89.24563,81,5439
3583,48.39886,-89.24556,82,5549
3583,48.3988,-89.24562,83,5559
3583,48.39785,-89.2456099,84,5670
3583,48.39683,-89.24562,85,5781
3583,48.3959,-89.24559,86,5866
3583,48.39591,-89.24562,87,5876
3583,48.39502,-89.24559,88,5977
3583,48.3939,-89.24558,89,6093
3583,48.3929699,-89.24559,90,6205
3583,48.39203,-89.24559,91,6305
3583,48.39105,-89.24559,92,6415
3583,48.39032,-89.24559,93,6479
3583,48.39027,-89.2456,94,6489
3583,48.39022,-89.2455799,95,6497
3583,48.38931,-89.2455799,96,6604
3583,48.38833,-89.2456,97,6708
3583,48.38784,-89.24558,98,6750
3583,48.38783,-89.24559,99,6760
3583,48.38695,-89.24553,100,6863
3583,48.38599,-89.2455199,101,6966
3583,48.38503,-89.24555,102,7062
3583,48.3849899,-89.24557,103,7069
3583,48.3841399,-89.2455199,104,7170
3583,48.3831199,-89.2455199,105,7283
3583,48.38247,-89.24602,106,7380
3585,48.43568,-89.21703,0,0
3585,48.4353099,-89.2172899,1,21
3585,48.4352799,-89.21737,2,27
3585,48.43529,-89.2174799,3,34
3585,48.43572,-89.2183999,4,117
3585,48.43654,-89.2175799,5,226
3585,48.4366199,-89.2175799,6,236
3585,48.43678,-89.21782,7,260
3585,48.43735,-89.21906,8,367
3585,48.43734,-89.2190899,9,375
3585,48.4378399,-89.22016,10,475
3585,48.4383699,-89.2213199,11,583
3585,48.4386899,-89.22202,12,639
3585,48.43887,-89.22206,13,659
3585,48.43986,-89.22105,14,795
3585,48.44043,-89.2204,15,864
3585,48.44045,-89.2203999,16,875
3585,48.4412,-89.21964,17,977
3585,48.4419799,-89.21884,18,1080
3585,48.44227,-89.21849,19,1114
3585,48.44236,-89.21844,20,1131
3585,48.44258,-89.2182399,21,1164
3585,48.4427599,-89.21792,22,1193
3585,48.44294,-89.2174099,23,1231
3585,48.44301,-89.2173499,24,1238
3585,48.4431,-89.21737,25,1248
3585,48.4436499,-89.2184999,26,1357
3585,48.44409,-89.21941,27,1427
3585,48.4440799,-89.21946,28,1435
3585,48.44413,-89.21957,29,1448
3585,48.44452,-89.22087,30,1556
3585,48.44489,-89.2221799,31,1657
3585,48.4453,-89.22365,32,1783
3585,48.44568,-89.22506,33,1883
3585,48.44567,-89.2250699,34,1889
3585,48.4461099,-89.22663,35,2021
3585,48.44643,-89.22773,36,2101
3585,48.44645,-89.22777,37,2108
3585,48.4467999,-89.2290699,38,2217
3585,48.44718,-89.2304799,39,2329
3585,48.44747,-89.23154,40,2408
3585,48.4474899,-89.23158,41,2414
3585,48.4478499,-89.2329099,42,2527
3585,48.44823,-89.2342599,43,2630
3585,48.44842,-89.23501,44,2685
3585,48.4484799,-89.23512,45,2702
3585,48.44849,-89.23522,46,2713
3585,48.4488299,-89.2365199,47,2818
3585,48.44914,-89.23758,48,2894
3585,48.4495,-89.23894,49,3012
3585,48.4498799,-89.24038,50,3121
3585,48.4502499,-89.2417399,51,3226
3585,48.45046,-89.24252,52,3309
3585,48.45055,-89.2430199,53,3346
3585,48.45055,-89.24313,54,3357
3585,48.45042,-89.24363,55,3394
3585,48.4499,-89.24477,56,3502
3585,48.44938,-89.24584,57,3596
3585,48.4488699,-89.24698,58,3704
3585,48.44829,-89.24822,59,3809
3585,48.44777,-89.2493599,60,3911
3585,48.44735,-89.25015,61,3983
3585,48.4473299,-89.2502799,62,3994
3585,48.44679,-89.2514199,63,4101
3585,48.44632,-89.2524,64,4190
3585,48.44554,-89.254,65,4343
3585,48.44492,-89.25519,66,4452
3585,48.4443399,-89.2563499,67,4557
3585,48.44371,-89.25767,68,4667
3585,48.4437,-89.25775,69,4673
3585,48.44305,-89.25908,70,4799
3585,48.4423999,-89.26013,71,4905
3585,48.4418,-89.26099,72,4993
3585,48.44179,-89.2610399,73,5000
3585,48.4411499,-89.2620299,74,5112
3585,48.4404299,-89.26309,75,5222
3585,48.43977,-89.26409,76,5314
3585,48.43973,-89.26418,77,5324
3585,48.4397,-89.26421,78,5330
3585,48.4390599,-89.2651799,79,5431
3585,48.43842,-89.26614,80,5531
3585,48.4377699,-89.26712,81,5633
3585,48.4371,-89.26809,82,5737
3585,48.43641,-89.2689799,83,5837
3585,48.43605,-89.26941,84,5875
3585,48.43605,-89.26942,85,5883
3585,48.4353399,-89.2702699,86,5996
3585,48.43514,-89.2705199,87,6012
3585,48.43441,-89.27139,88,6120
3585,48.4336,-89.2723,89,6227
3585,48.4335699,-89.27239,90,6235
3585,48.43286,-89.2730599,91,6339
3585,48.4319699,-89.2737,92,6453
3585,48.43106,-89.27415,93,6556
3585,48.4301199,-89.27444,94,6660
3585,48.4291799,-89.27455,95,6766
3585,48.42824,-89.27455,96,6866
3585,48.42792,-89.27459,97,6913
3585,48.42769,-89.27451,98,6934
3585,48.4267499,-89.27452,99,7036
3585,48.4258199,-89.2744999,100,7136
3585,48.4249399,-89.2744999,101,7225
3585,48.42489,-89.2743999,102,7234
3585,48.4248699,-89.27422,103,7250
3585,48.4248799,-89.27285,104,7347
3585,48.4248699,-89.27277,105,7353
3585,48.4248799,-89.2724999,106,7371
3585,48.4249399,-89.2724299,107,7379
3585,48.42503,-89.2723999,108,7387
3585,48.4258599,-89.2723999,109,7480
3585,48.42597,-89.2722999,110,7492
3585,48.426,-89.27222,111,7499
3585,48.42597,-89.27061,112,7620
3585,48.42597,-89.27016,113,7662
3585,48.4259599,-89.2698699,114,7669
3585,48.4259899,-89.26976,115,7678
3585,48.426,-89.26969,116,7685
3585,48.42594,-89.26832,117,7789
3585,48.4258899,-89.26811,118,7803
3585,48.4256999,-89.2677699,119,7836
3585,48.42551,-89.2676099,120,7859
3585,48.42544,-89.26758,121,7869
3585,48.42508,-89.2675999,122,7907
3585,48.42502,-89.2676399,123,7916
3585,48.42459,-89.26765,124,7963
3585,48.42411,-89.26742,125,8020
3585,48.4239,-89.26742,126,8043
3585,48.4236899,-89.2675099,127,8066
3585,48.4233999,-89.26782,128,8102
3585,48.42321,-89.26832,129,8144
3585,48.4231299,-89.2684299,130,8157
3585,48.4229699,-89.26847,131,8175
3585,48.42266,-89.2680999,132,8219
3585,48.42188,-89.26759,133,8311
3585,48.4218199,-89.26752,134,8319
3585,48.4217899,-89.26743,135,8328
3585,48.4217899,-89.26722,136,8342
3585,48.4221,-89.26626,137,8414
3585,48.42213,-89.26621,138,8424
3585,48.42214,-89.26615,139,8432
3585,48.42253,-89.2649799,140,8533
3585,48.42296,-89.2636299,141,8641
3585,48.4233299,-89.2623199,142,8749
3585,48.42345,-89.2618599,143,8779
3585,48.4234299,-89.26177,144,8787
3585,48.4233999,-89.2616899,145,8795
3585,48.42276,-89.2611999,146,8873
3585,48.4226399,-89.26119,147,8885
3585,48.4225799,-89.26122,148,8893
3585,48.42213,-89.26214,149,8973
3585,48.4220799,-89.2622,150,8982
3585,48.4219499,-89.26227,151,8995
3585,48.42144,-89.26211,152,9054
3588,48.45178,-89.25478,0,0
3588,48.4518,-89.25473,1,7
3588,48.4515999,-89.2541199,2,54
3588,48.4515299,-89.25403,3,63
3588,48.45144,-89.25409,4,70
3588,48.4513999,-89.25414,5,77
3588,48.4507099,-89.25561,6,212
3588,48.45065,-89.25573,7,219
3588,48.4500899,-89.2569399,8,334
3588,48.44955,-89.25813,9,435
3588,48.4489999,-89.25932,10,545
3588,48.44874,-89.25996,11,594
3588,48.44872,-89.2599599,12,600
3588,48.4481499,-89.2611699,13,712
3588,48.4480799,-89.26131,14,720
3588,48.44776,-89.26203,15,812
3588,48.4471299,-89.2633699,16,916
3588,48.44676,-89.26418,17,986
3588,48.4462,-89.2653699,18,1093
3588,48.44583,-89.2661299,19,1157
3588,48.4457799,-89.2661599,20,1165
3588,48.4457199,-89.2661599,21,1174
3588,48.44545,-89.26593,22,1208
3588,48.4454199,-89.2658599,23,1214
3588,48.44461,-89.2650499,24,1324
3588,48.4442999,-89.2647099,25,1361
3588,48.44357,-89.26394,26,1459
3588,48.4427699,-89.2630799,27,1575
3588,48.4419699,-89.2622499,28,1679
3588,48.4412499,-89.26151,29,1780
3588,48.44049,-89.2607,30,1885
3588,48.43983,-89.26003,31,1960
3588,48.4389499,-89.25905,32,2060
3588,48.43838,-89.25851,33,2161
3588,48.4374399,-89.25747,34,2265
3588,48.43665,-89.25665,35,2373
3588,48.43639,-89.25639,36,2433
3588,48.4356999,-89.25564,37,2537
3588,48.43486,-89.25476,38,2647
3588,48.4341,-89.25401,39,2741
3588,48.4340699,-89.25393,40,2750
3588,48.43349,-89.2533,41,2830
3588,48.4325499,-89.25299,42,2944
3588,48.4316999,-89.2527399,43,3039
3588,48.43076,-89.25278,44,3135
3588,48.4297299,-89.25276,45,3236
3588,48.42883,-89.25275,46,3340
3588,48.42873,-89.25284,47,3365
3588,48.4284899,-89.25276,48,3373
3588,48.4275999,-89.25275,49,3473
3588,48.4266399,-89.2527299,50,3579
3588,48.42634,-89.2527299,51,3607
3588,48.4262799,-89.25269,52,3614
3588,48.42624,-89.25258,53,3622
3588,48.42677,-89.25096,54,3779
3588,48.4268,-89.25094,55,3786
3588,48.42723,-89.2497099,56,3891
3588,48.4276599,-89.2484399,57,3993
3588,48.4279,-89.24772,58,4050
3588,48.42792,-89.2477099,59,4056
3588,48.42795,-89.24766,60,4062
3588,48.4283499,-89.24641,61,4171
3588,48.42844,-89.24615,62,4183
3588,48.42889,-89.2439699,63,4352
3588,48.42892,-89.24346,64,4381
3588,48.4289399,-89.24343,65,4387
3588,48.4289399,-89.24337,66,4394
3588,48.42896,-89.24329,67,4403
3588,48.4290699,-89.24185,68,4513
3588,48.4291399,-89.2402899,69,4627
3588,48.42916,-89.23881,70,4732
3588,48.42912,-89.23769,71,4817
3588,48.4290699,-89.2363199,72,4927
3588,48.4288,-89.23533,73,4999
3588,48.4288099,-89.23525,74,5006
3588,48.4287799,-89.23519,75,5012
3588,48.42844,-89.23387,76,5114
3588,48.42823,-89.2330699,77,5182
3588,48.42828,-89.2329699,78,5194
3588,48.42862,-89.23261,79,5241
3588,48.42978,-89.23149,80,5381
3588,48.4301,-89.23109,81,5416
3588,48.43015,-89.23108,82,5425
3588,48.4309,-89.23033,83,5528
3588,48.43162,-89.22954,84,5617
3588,48.43166,-89.22947,85,5627
3588,48.43235,-89.22879,86,5727
3588,48.4333,-89.22781,87,5839
3588,48.43402,-89.22705,88,5939
3588,48.43474,-89.22631,89,6028
3588,48.43487,-89.2261799,90,6051
3588,48.4348799,-89.22607,91,6059
3588,48.43431,-89.22481,92,6171
3588,48.43397,-89.22407,93,6222
3588,48.43398,-89.2241499,94,6233
3588,48.4334799,-89.2229999,95,6336
3588,48.4329,-89.22177,96,6442
3588,48.43283,-89.2216199,97,6455
3588,48.4328199,-89.2214899,98,6463
3588,48.43287,-89.22137,99,6472
3588,48.43373,-89.22048,100,6593
3588,48.43452,-89.21959,101,6696
3588,48.43467,-89.21943,102,6713
3588,48.43471,-89.21941,103,6720
3588,48.4355399,-89.21852,104,6831
3588,48.43559,-89.21849,105,6837
3588,48.43566,-89.2183999,106,6844
3588,48.4356399,-89.21829,107,6854
3588,48.4354,-89.21786,108,6894
3588,48.43532,-89.2176499,109,6909
3588,48.4353399,-89.21754,110,6915
3588,48.4354,-89.21746,111,6926
3588,48.43549,-89.2174099,112,6936
3588,48.43568,-89.21703,113,6993
3589,48.43568,-89.21703,0,0
3589,48.4353099,-89.2172899,1,21
3589,48.4352799,-89.21737,2,27
3589,48.43529,-89.2174799,3,34
3589,48.43572,-89.2183999,4,117
3589,48.43654,-89.2175799,5,226
3589,48.4366199,-89.2175799,6,236
3589,48.43678,-89.21782,7,260
3589,48.43735,-89.21906,8,367
3589,48.4373799,-89.2190899,9,374
3589,48.4379399,-89.22035,10,487
3589,48.43844,-89.22143,11,590
3589,48.43868,-89.22196,12,631
3589,48.4388,-89.22213,13,653
3589,48.43881,-89.22219,14,660
3589,48.43877,-89.22235,15,669
3589,48.43795,-89.22315,16,772
3589,48.4372,-89.22391,17,835
3589,48.43674,-89.22443,18,936
3589,48.43596,-89.22524,19,1037
3589,48.43532,-89.22589,20,1123
3589,48.43529,-89.22594,21,1130
3589,48.4352499,-89.22596,22,1137
3589,48.43448,-89.22676,23,1238
3589,48.43428,-89.2269699,24,1262
3589,48.43339,-89.22788,25,1379
3589,48.43336,-89.22794,26,1388
3589,48.4326199,-89.2286799,27,1492
3589,48.43204,-89.22926,28,1559
3589,48.4320599,-89.22928,29,1565
3589,48.43126,-89.2300199,30,1676
3589,48.4311699,-89.23013,31,1691
3589,48.43106,-89.2302199,32,1699
3589,48.43097,-89.23033,33,1707
3589,48.4305,-89.23094,34,1772
3589,48.43024,-89.2310699,35,1810
3589,48.42946,-89.23187,36,1915
3589,48.42863,-89.23275,37,2025
3589,48.4285499,-89.23286,38,2032
3589,48.42775,-89.23354,39,2138
3589,48.4268699,-89.23418,40,2250
3589,48.42646,-89.23442,41,2294
3589,48.4263499,-89.2345499,42,2304
3589,48.4254999,-89.23516,43,2414
3589,48.42466,-89.2357699,44,2518
3589,48.42403,-89.23616,45,2592
3589,48.42397,-89.2362599,46,2601
3589,48.42321,-89.2368099,47,2702
3589,48.4223,-89.23755,48,2818
3589,48.4222199,-89.23755,49,2826
3589,48.42134,-89.23817,50,2940
3589,48.4204799,-89.2388,51,3043
3589,48.4195899,-89.23943,52,3155
3589,48.41898,-89.23993,53,3227
3589,48.4180399,-89.24055,54,3334
3589,48.4170999,-89.24123,55,3440
3589,48.41677,-89.24144,56,3498
3589,48.4159399,-89.24208,57,3606
3589,48.41511,-89.24267,58,3707
3589,48.41484,-89.24296,59,3733
3589,48.41481,-89.24294,60,3739
3589,48.4140099,-89.2435,61,3841
3589,48.41317,-89.2441299,62,3946
3589,48.4129899,-89.2442699,63,3968
3589,48.41234,-89.24472,64,4046
3589,48.41153,-89.24531,65,4152
3589,48.41094,-89.24563,66,4213
3589,48.41006,-89.24567,67,4320
3589,48.40889,-89.24568,68,4425
3589,48.4089899,-89.2456499,69,4435
3589,48.4080999,-89.2456399,70,4541
3589,48.40707,-89.2456499,71,4646
3589,48.40619,-89.24563,72,4748
3589,48.40533,-89.24562,73,4836
3589,48.40468,-89.24569,74,4906
3589,48.40461,-89.2456499,75,4913
3589,48.40434,-89.2456499,76,4951
3589,48.40427,-89.24563,77,4963
3589,48.40325,-89.24563,78,5077
3589,48.40224,-89.24562,79,5186
3589,48.40111,-89.24569,80,5304
3589,48.3998899,-89.24563,81,5439
3589,48.39886,-89.24556,82,5549
3589,48.3988,-89.24562,83,5559
3589,48.39785,-89.2456099,84,5670
3589,48.39683,-89.24562,85,5781
3589,48.3959,-89.24559,86,5866
3589,48.39591,-89.24562,87,5876
3589,48.39502,-89.24559,88,5977
3589,48.3939,-89.24558,89,6093
3589,48.3929699,-89.24559,90,6205
3589,48.39203,-89.24559,91,6305
3589,48.39105,-89.24559,92,6415
3589,48.39032,-89.24559,93,6479
3589,48.39027,-89.2456,94,6489
3589,48.39022,-89.2455799,95,6497
3589,48.38931,-89.2455799,96,6604
3589,48.38833,-89.2456,97,6708
3589,48.38784,-89.24558,98,6750
3589,48.38783,-89.24559,99,6760
3589,48.38695,-89.24553,100,6863
3589,48.38599,-89.2455199,101,6966
3589,48.38503,-89.24555,102,7062
3589,48.3849899,-89.24557,103,7069
3589,48.3841399,-89.2455199,104,7170
3589,48.3831199,-89.2455199,105,7283
3589,48.38247,-89.24602,106,7380
3590,48.38247,-89.24602,0,0
3590,48.38248,-89.2456099,1,37
3590,48.3824999,-89.2455099,2,44
3590,48.3825599,-89.2454499,3,55
3590,48.38265,-89.24543,4,64
3590,48.38274,-89.24546,5,72
3590,48.38352,-89.24542,6,154
3590,48.38441,-89.24546,7,256
3590,48.3853799,-89.24543,8,366
3590,48.38609,-89.24544,9,438
3590,48.38612,-89.2454099,10,455
3590,48.38698,-89.2454199,11,561
3590,48.3879399,-89.2454199,12,666
3590,48.38907,-89.24545,13,766
3590,48.38908,-89.24544,14,773
3590,48.3899799,-89.24544,15,874
3590,48.39034,-89.24544,16,936
3590,48.3914299,-89.24544,17,1044
3590,48.3923499,-89.2454499,18,1144
3590,48.39331,-89.24544,19,1254
3590,48.39371,-89.24543,20,1286
3590,48.3937199,-89.24544,21,1297
3590,48.3950699,-89.2454499,22,1443
3590,48.3959899,-89.24544,23,1549
3590,48.39661,-89.24546,24,1600
3590,48.39666,-89.24543,25,1607
3590,48.39761,-89.24544,26,1719
3590,48.39851,-89.24545,27,1802
3590,48.39961,-89.24543,28,1928
3590,48.40002,-89.24542,29,1977
3590,48.4004799,-89.24533,30,2028
3590,48.4005,-89.2453,31,2034
3590,48.40054,-89.2451799,32,2042
3590,48.40063,-89.24471,33,2083
3590,48.40123,-89.2435799,34,2187
3590,48.40145,-89.24291,35,2242
3590,48.40155,-89.24209,36,2300
3590,48.40159,-89.24195,37,2310
3590,48.4016299,-89.24189,38,2317
3590,48.40168,-89.24186,39,2325
3590,48.40267,-89.2420999,40,2433
3590,48.4029199,-89.24211,41,2459
3590,48.40299,-89.24219,42,2468
3590,48.40317,-89.24324,43,2548
3590,48.40325,-89.2432799,44,2555
3590,48.4033399,-89.24323,45,2565
3590,48.40347,-89.24302,46,2589
3590,48.40348,-89.2430899,47,2601
3590,48.40372,-89.2429799,48,2629
3590,48.40411,-89.24311,49,2671
3590,48.40418,-89.2430899,50,2680
3590,48.40424,-89.2429899,51,2688
3590,48.4042599,-89.24291,52,2694
3590,48.4040899,-89.24208,53,2755
3590,48.40407,-89.2420299,54,2761
3590,48.4039699,-89.24199,55,2772
3590,48.4030499,-89.2421599,56,2877
3590,48.40202,-89.24209,57,2989
3590,48.40169,-89.24201,58,3021
3590,48.4016399,-89.24202,59,3027
3590,48.4015699,-89.24211,60,3035
3590,48.40151,-89.2428899,61,3098
3590,48.40136,-89.24347,62,3145
3590,48.40077,-89.2445899,63,3248
3590,48.4007199,-89.2447,64,3260
3590,48.4006499,-89.24494,65,3276
3590,48.40064,-89.24516,66,3289
3590,48.40067,-89.2453499,67,3303
3590,48.40074,-89.2454499,68,3315
3590,48.4016699,-89.24546,69,3417
3590,48.4026,-89.2454499,70,3519
3590,48.4028,-89.24541,71,3542
3590,48.4037299,-89.24544,72,3648
3590,48.40467,-89.24542,73,3755
3590,48.4057099,-89.24544,74,3856
3590,48.4065599,-89.2454099,75,3956
3590,48.40755,-89.2454199,76,4062
3590,48.40852,-89.24543,77,4174
3590,48.40922,-89.24546,78,4248
3590,48.41008,-89.24547,79,4351
3590,48.41061,-89.24543,80,4404
3590,48.41067,-89.24546,81,4411
3590,48.41084,-89.24544,82,4432
3590,48.41169,-89.2449499,83,4536
3590,48.41254,-89.24432,84,4644
3590,48.41333,-89.24375,85,4747
3590,48.4142399,-89.24311,86,4848
3590,48.41503,-89.24249,87,4944
3590,48.41599,-89.24183,88,5069
3590,48.4161099,-89.24175,89,5078
3590,48.41705,-89.24102,90,5191
3590,48.41707,-89.2410199,91,5199
3590,48.41793,-89.24041,92,5313
3590,48.41879,-89.23976,93,5407
3590,48.4197499,-89.2391099,94,5516
3590,48.42023,-89.23872,95,5590
3590,48.4202399,-89.2387199,96,5599
3590,48.4210599,-89.2381299,97,5701
3590,48.42152,-89.2378,98,5752
3590,48.4224799,-89.23713,99,5855
3590,48.42316,-89.23664,100,5959
3590,48.4231699,-89.2366499,101,5968
3590,48.4239199,-89.2361,102,6068
3590,48.4248399,-89.23543,103,6178
3590,48.4256899,-89.23483,104,6278
3590,48.42612,-89.23452,105,6320
3590,48.42611,-89.2345,106,6330
3590,48.42686,-89.2339599,107,6439
3590,48.42718,-89.2337299,108,6470
3590,48.4281199,-89.23305,109,6581
3590,48.42862,-89.23261,110,6650
3590,48.42978,-89.23149,111,6790
3590,48.4301,-89.23109,112,6825
3590,48.43015,-89.23108,113,6834
3590,48.4309,-89.23033,114,6937
3590,48.43162,-89.22954,115,7026
3590,48.43166,-89.22947,116,7036
3590,48.43235,-89.22879,117,7136
3590,48.4333,-89.22781,118,7248
3590,48.43402,-89.22705,119,7348
3590,48.43474,-89.22631,120,7437
3590,48.43487,-89.2261799,121,7460
3590,48.4348799,-89.22607,122,7468
3590,48.43431,-89.22481,123,7580
3590,48.43397,-89.22407,124,7631
3590,48.43398,-89.2241499,125,7642
3590,48.4334799,-89.2229999,126,7745
3590,48.4329,-89.22177,127,7851
3590,48.43283,-89.2216199,128,7864
3590,48.4328199,-89.2214899,129,7872
3590,48.43287,-89.22137,130,7881
3590,48.43373,-89.22048,131,8002
3590,48.43452,-89.21959,132,8105
3590,48.43467,-89.21943,133,8122
3590,48.43471,-89.21941,134,8129
3590,48.4355399,-89.21852,135,8240
3590,48.43559,-89.21849,136,8246
3590,48.43566,-89.2183999,137,8253
3590,48.4356399,-89.21829,138,8263
3590,48.4354,-89.21786,139,8303
3590,48.43532,-89.2176499,140,8318
3590,48.4353399,-89.21754,141,8324
3590,48.4354,-89.21746,142,8335
3590,48.43549,-89.2174099,143,8345
3590,48.43568,-89.21703,144,8402
3592,48.45221,-89.27192,0,0
3592,48.45229,-89.27188,1,11
3592,48.45282,-89.2707499,2,113
3592,48.4531399,-89.27006,3,170
3592,48.4536999,-89.2688499,4,283
3592,48.45383,-89.26839,5,348
3592,48.45404,-89.26812,6,361
3592,48.4546099,-89.2668799,7,466
3592,48.45515,-89.26571,8,577
3592,48.4556,-89.26456,9,687
3592,48.45582,-89.26421,10,697
3592,48.4558299,-89.2641199,11,705
3592,48.45578,-89.2639999,12,714
3592,48.4550699,-89.26303,13,820
3592,48.45494,-89.26279,14,869
3592,48.45489,-89.26274,15,878
3592,48.4544,-89.26155,16,990
3592,48.4538599,-89.26026,17,1092
3592,48.4536899,-89.2598899,18,1122
3592,48.45368,-89.25984,19,1130
3592,48.45321,-89.2585799,20,1232
3592,48.4529,-89.25774,21,1307
3592,48.45252,-89.2567099,22,1407
3592,48.45204,-89.2553899,23,1519
3592,48.45178,-89.25478,24,1556
3592,48.4517299,-89.25453,25,1576
3592,48.45128,-89.25328,26,1682
3592,48.45082,-89.25219,27,1776
3592,48.4505,-89.25176,28,1825
3592,48.4496899,-89.2510999,29,1929
3592,48.4488399,-89.25043,30,2033
3592,48.44821,-89.2499,31,2121
3592,48.4479,-89.2497499,32,2148
3592,48.44711,-89.2491199,33,2252
3592,48.44697,-89.24895,34,2272
3592,48.4459199,-89.24836,35,2397
3592,48.44502,-89.2479,36,2503
3592,48.44482,-89.24779,37,2517
3592,48.44443,-89.24752,38,2563
3592,48.44435,-89.24753,39,2570
3592,48.4435199,-89.24714,40,2672
3592,48.44308,-89.24697,41,2718
3592,48.44215,-89.24661,42,2831
3592,48.4414,-89.24625,43,2914
3592,48.44117,-89.24606,44,2930
3592,48.441,-89.2457499,45,2955
3592,48.4408899,-89.2454099,46,2988
3592,48.4407599,-89.24386,47,3096
3592,48.44074,-89.2434499,48,3126
3592,48.4407899,-89.24337,49,3138
3592,48.4416799,-89.2428499,50,3248
3592,48.44241,-89.24242,51,3324
3592,48.44249,-89.2423299,52,3335
3592,48.44252,-89.24221,53,3342
3592,48.44251,-89.24209,54,3349
3592,48.44213,-89.2409,55,3468
3592,48.442,-89.24032,56,3495
3592,48.44196,-89.24022,57,3504
3592,48.44189,-89.23991,58,3526
3592,48.44193,-89.2397699,59,3539
3592,48.44203,-89.23966,60,3551
3592,48.44287,-89.23916,61,3654
3592,48.44346,-89.2387899,62,3719
3592,48.44356,-89.2387799,63,3728
3592,48.44363,-89.2388499,64,3738
3592,48.44366,-89.2389099,65,3745
3592,48.44393,-89.23985,66,3841
3592,48.44425,-89.2412199,67,3922
3592,48.4442399,-89.24132,68,3928
3592,48.4441799,-89.2413799,69,3937
3592,48.44333,-89.2418699,70,4045
3592,48.4424399,-89.2424299,71,4154
3592,48.4420399,-89.24268,72,4196
3592,48.44111,-89.24324,73,4310
3592,48.4408299,-89.24342,74,4338
3592,48.4407599,-89.2434,75,4349
3592,48.4406899,-89.2433199,76,4357
3592,48.4406599,-89.24326,77,4363
3592,48.4404699,-89.24241,78,4426
3592,48.44049,-89.24247,79,4446
3592,48.4404699,-89.24245,80,4452
3592,48.44013,-89.2411499,81,4556
3592,48.44005,-89.24073,82,4583
3592,48.44002,-89.24068,83,4590
3592,48.43963,-89.23915,84,4707
3592,48.43923,-89.23778,85,4822
3592,48.43899,-89.23694,86,4887
3592,48.4383299,-89.23441,87,5076
3592,48.43822,-89.23392,88,5136
3592,48.4381299,-89.2334999,89,5143
3592,48.4380999,-89.23345,90,5149
3592,48.43766,-89.2318899,91,5278
3592,48.43741,-89.23088,92,5355
3592,48.43739,-89.23086,93,5364
3592,48.43726,-89.2304,94,5411
3592,48.43726,-89.2301199,95,5438
3592,48.4377099,-89.22895,96,5540
3592,48.43806,-89.228,97,5613
3592,48.43809,-89.22689,98,5670
3592,48.4380699,-89.2268699,99,5681
3592,48.43806,-89.2268099,100,5688
3592,48.4380699,-89.22662,101,5702
3592,48.43799,-89.2260499,102,5749
3592,48.43765,-89.22509,103,5827
3592,48.43706,-89.2241399,104,5920
3592,48.43704,-89.2240499,105,5928
3592,48.4370899,-89.2238799,106,5939
3592,48.43744,-89.22347,107,5991
3592,48.4375099,-89.2234499,108,6000
3592,48.43819,-89.2227399,109,6100
3592,48.4386899,-89.22222,110,6158
3592,48.4386899,-89.2221,111,6165
3592,48.43789,-89.22038,112,6322
3592,48.43769,-89.21992,113,6358
3592,48.43744,-89.21948,114,6405
3592,48.4368599,-89.21812,115,6518
3592,48.43677,-89.21792,116,6530
3592,48.43671,-89.21783,117,6538
3592,48.4366599,-89.21772,118,6547
3592,48.43664,-89.2176499,119,6555
3592,48.43621,-89.2167199,120,6642
3592,48.43612,-89.21664,121,6653
3592,48.43602,-89.2166299,122,6663
3592,48.43592,-89.21667,123,6677
3592,48.43568,-89.21703,124,6735
3593,48.43568,-89.21703,0,0
3593,48.43619,-89.2167599,1,53
3593,48.43624,-89.2167599,2,59
3593,48.43634,-89.21688,3,70
3593,48.43658,-89.2174199,4,117
3593,48.4366599,-89.2174499,5,124
3593,48.43671,-89.2174199,6,130
3593,48.43742,-89.21664,7,232
3593,48.4382399,-89.2157799,8,338
3593,48.43834,-89.21562,9,359
3593,48.43844,-89.21559,10,366
3593,48.43908,-89.2149,11,454
3593,48.43911,-89.2148499,12,460
3593,48.43914,-89.21474,13,468
3593,48.43914,-89.21435,14,498
3593,48.4392,-89.2141999,15,509
3593,48.4392499,-89.21415,16,516
3593,48.43936,-89.2141299,17,527
3593,48.4396099,-89.21425,18,558
3593,48.43969,-89.21425,19,568
3593,48.43986,-89.21418,20,585
3593,48.44025,-89.21386,21,632
3593,48.4408299,-89.21294,22,732
3593,48.44139,-89.21189,23,823
3593,48.442,-89.2107199,24,936
3593,48.44213,-89.21052,25,979
3593,48.4426699,-89.2094699,26,1082
3593,48.4432499,-89.20837,27,1185
3593,48.44348,-89.20792,28,1215
3593,48.44409,-89.2067799,29,1330
3593,48.44469,-89.20567,30,1429
3593,48.44468,-89.20564,31,1438
3593,48.4453299,-89.20443,32,1558
3593,48.44559,-89.20395,33,1594
3593,48.4456499,-89.20384,34,1607
3593,48.4456899,-89.2037299,35,1617
3593,48.4462699,-89.2027399,36,1719
3593,48.44656,-89.2021899,37,1762
3593,48.44682,-89.2017,38,1808
3593,48.44692,-89.20158,39,1824
3593,48.44699,-89.2015899,40,1835
3593,48.44741,-89.20199,41,1879
3593,48.4474199,-89.2020899,42,1889
3593,48.44744,-89.20213,43,1895
3593,48.44814,-89.20298,44,1997
3593,48.44892,-89.20391,45,2106
3593,48.44975,-89.20486,46,2217
3593,48.4502499,-89.20546,47,2288
3593,48.45032,-89.2054399,48,2296
3593,48.4504,-89.20535,49,2307
3593,48.4509699,-89.20424,50,2416
3593,48.45155,-89.20315,51,2517
3593,48.45173,-89.20272,52,2549
3593,48.4523099,-89.2017299,53,2660
3593,48.45293,-89.20053,54,2764
3593,48.45299,-89.20035,55,2800
3593,48.4530999,-89.1999899,56,2810
3593,48.45245,-89.19929,57,2922
3593,48.45154,-89.19814,58,3034
3593,48.45076,-89.1971899,59,3145
3593,48.45016,-89.1965099,60,3223
3593,48.45012,-89.19651,61,3253
3593,48.4498799,-89.19616,62,3290
3593,48.4498599,-89.1959499,63,3302
3593,48.4498799,-89.19586,64,3312
3593,48.45055,-89.19459,65,3435
3593,48.45129,-89.19317,66,3579
3593,48.45204,-89.1917799,67,3684
3593,48.4526799,-89.19054,68,3798
3593,48.45274,-89.19042,69,3820
3593,48.45276,-89.1903999,70,3830
3593,48.45338,-89.1892,71,3944
3593,48.45401,-89.18806,72,4050
3593,48.45454,-89.18703,73,4150
3593,48.45513,-89.1858699,74,4255
3593,48.45577,-89.18468,75,4367
3593,48.45633,-89.1836399,76,4468
3593,48.45693,-89.18287,77,4558
3593,48.4576699,-89.18238,78,4640
3593,48.45788,-89.1822899,79,4669
3593,48.45881,-89.18219,80,4770
3593,48.45886,-89.18221,81,4778
3593,48.4598599,-89.18222,82,4890
3593,48.4607899,-89.18221,83,4990
3593,48.46128,-89.18217,84,5039
3593,48.4622599,-89.1821999,85,5154
3593,48.46265,-89.18217,86,5216
3593,48.4635099,-89.1821899,87,5319
3593,48.4645299,-89.18218,88,5433
3593,48.46458,-89.18216,89,5462
3593,48.4657399,-89.1821599,90,5566
3593,48.46649,-89.18214,91,5671
3593,48.46737,-89.18214,92,5773
3593,48.4686,-89.1821,93,5887
3593,48.46855,-89.18214,94,5894
3593,48.4686299,-89.18214,95,5900
3593,48.4686899,-89.1821599,96,5908
3593,48.4695499,-89.18215,97,6009
3593,48.47055,-89.1821299,98,6117
3593,48.47146,-89.18212,99,6217
3593,48.47192,-89.18205,100,6294
3593,48.47318,-89.1820999,101,6394
3593,48.4741,-89.1820899,102,6503
3593,48.47422,-89.18202,103,6537
3593,48.47448,-89.1820999,104,6553
3593,48.4754599,-89.1820899,105,6656
3593,48.47627,-89.182,106,6769
3593,48.47632,-89.1820299,107,6779
3593,48.47659,-89.18208,108,6814
3593,48.47666,-89.1820599,109,6821
3593,48.47757,-89.18208,110,6925
3593,48.47868,-89.18251,111,7035
3594,48.46104,-89.23474,0,0
3594,48.46106,-89.2349099,1,11
3594,48.46113,-89.23497,2,18
3594,48.4611799,-89.23496,3,24
3594,48.46175,-89.2345199,4,101
3594,48.46182,-89.23444,5,107
3594,48.4618699,-89.23433,6,118
3594,48.4619299,-89.2340899,7,142
3594,48.46202,-89.23315,8,206
3594,48.46227,-89.23142,9,308
3594,48.46231,-89.23128,10,319
3594,48.46234,-89.23122,11,327
3594,48.4624599,-89.2311299,12,339
3594,48.46318,-89.2311,13,442
3594,48.46345,-89.23129,14,453
3594,48.4634699,-89.2314299,15,464
3594,48.4634399,-89.23283,16,573
3594,48.46343,-89.23355,17,619
3594,48.46342,-89.2352699,18,752
3594,48.4634,-89.23671,19,861
3594,48.4634,-89.23706,20,877
3594,48.4633799,-89.23841,21,976
3594,48.4634,-89.23874,22,1025
3594,48.46336,-89.24055,23,1128
3594,48.46337,-89.24133,24,1218
3594,48.4633499,-89.24137,25,1225
3594,48.46333,-89.2427,26,1329
3594,48.46332,-89.24419,27,1440
3594,48.4633,-89.2457399,28,1549
3594,48.4633,-89.24702,29,1635
3594,48.46327,-89.2486599,30,1735
3594,48.46327,-89.25005,31,1849
3594,48.4632499,-89.2500799,32,1857
3594,48.4632499,-89.25151,33,1969
3594,48.46323,-89.2529599,34,2079
3594,48.46324,-89.25375,35,2157
3594,48.4632199,-89.25532,36,2261
3594,48.46323,-89.25571,37,2303
3594,48.4632099,-89.2557899,38,2312
3594,48.46319,-89.25748,39,2435
3594,48.46317,-89.2582,40,2493
3594,48.46309,-89.2583,41,2504
3594,48.46263,-89.2583,42,2551
3594,48.46178,-89.25826,43,2651
3594,48.4609099,-89.25823,44,2751
3594,48.45984,-89.25822,45,2878
3594,48.4586799,-89.25816,46,2983
3594,48.4578299,-89.25813,47,3085
3594,48.4568499,-89.2580899,48,3187
3594,48.4568,-89.2581,49,3207
3594,48.45565,-89.25804,50,3324
3594,48.4551999,-89.2581499,51,3375
3594,48.4548,-89.25847,52,3425
3594,48.4539899,-89.2594299,53,3526
3594,48.45374,-89.2597299,54,3569
3594,48.45371,-89.25974,55,3575
3594,48.45357,-89.25962,56,3589
3594,48.45355,-89.25952,57,3600
3594,48.4530699,-89.25823,58,3707
3594,48.4529,-89.25774,59,3746
3594,48.45252,-89.2567099,60,3846
3594,48.45204,-89.2553899,61,3958
3594,48.45178,-89.25478,62,3995
3594,48.4517299,-89.25453,63,4015
3594,48.45128,-89.25328,64,4121
3594,48.45082,-89.25219,65,4215
3594,48.4505,-89.25176,66,4264
3594,48.4496899,-89.2510999,67,4368
3594,48.4488399,-89.25043,68,4472
3594,48.44821,-89.2499,69,4560
3594,48.4479,-89.2497499,70,4587
3594,48.44711,-89.2491199,71,4691
3594,48.44697,-89.24895,72,4711
3594,48.4459199,-89.24836,73,4836
3594,48.44502,-89.2479,74,4942
3594,48.44482,-89.24779,75,4956
3594,48.44443,-89.24752,76,5002
3594,48.44435,-89.24753,77,5009
3594,48.4435199,-89.24714,78,5111
3594,48.44308,-89.24697,79,5157
3594,48.44215,-89.24661,80,5270
3594,48.4414,-89.24625,81,5353
3594,48.4413,-89.24621,82,5364
3594,48.4411,-89.24599,83,5396
3594,48.4408899,-89.2455099,84,5436
3594,48.44082,-89.24521,85,5467
3594,48.4407299,-89.2439399,86,5553
3594,48.44074,-89.24383,87,5559
3594,48.44071,-89.24339,88,5595
3594,48.44049,-89.24247,89,5665
3594,48.4404699,-89.24245,90,5671
3594,48.44013,-89.2411499,91,5775
3594,48.44005,-89.24073,92,5802
3594,48.44002,-89.24068,93,5809
3594,48.43963,-89.23915,94,5926
3594,48.43923,-89.23778,95,6041
3594,48.43899,-89.23694,96,6106
3594,48.4383299,-89.23441,97,6295
3594,48.43822,-89.23392,98,6355
3594,48.4381299,-89.2334999,99,6362
3594,48.4380999,-89.23345,100,6368
3594,48.43766,-89.2318899,101,6497
3594,48.43741,-89.23088,102,6574
3594,48.43739,-89.23086,103,6583
3594,48.43726,-89.2304,104,6630
3594,48.43726,-89.2301199,105,6657
3594,48.4377099,-89.22895,106,6759
3594,48.43806,-89.228,107,6832
3594,48.43809,-89.22689,108,6889
3594,48.4380699,-89.2268699,109,6900
3594,48.43806,-89.2268099,110,6907
3594,48.4380699,-89.22662,111,6921
3594,48.43799,-89.2260499,112,6968
3594,48.43765,-89.22509,113,7046
3594,48.43706,-89.2241399,114,7139
3594,48.43704,-89.2240499,115,7147
3594,48.4370899,-89.2238799,116,7158
3594,48.43744,-89.22347,117,7210
3594,48.4375099,-89.2234499,118,7219
3594,48.43819,-89.2227399,119,7319
3594,48.4386899,-89.22222,120,7377
3594,48.4386899,-89.2221,121,7384
3594,48.43789,-89.22038,122,7541
3594,48.43769,-89.21992,123,7577
3594,48.43744,-89.21948,124,7624
3594,48.4368599,-89.21812,125,7737
3594,48.43677,-89.21792,126,7749
3594,48.43671,-89.21783,127,7757
3594,48.4366599,-89.21772,128,7766
3594,48.43664,-89.2176499,129,7774
3594,48.43621,-89.2167199,130,7861
3594,48.43612,-89.21664,131,7872
3594,48.43602,-89.2166299,132,7882
3594,48.43592,-89.21667,133,7896
3594,48.43568,-89.21703,134,7954
3595,48.38247,-89.24602,0,0
3595,48.38248,-89.2456099,1,37
3595,48.3824999,-89.2455099,2,44
3595,48.3825599,-89.2454499,3,55
3595,48.38265,-89.24543,4,64
3595,48.38274,-89.24546,5,72
3595,48.38352,-89.24542,6,154
3595,48.38441,-89.24546,7,256
3595,48.3853799,-89.24543,8,366
3595,48.38609,-89.24544,9,438
3595,48.38612,-89.2454099,10,455
3595,48.38698,-89.2454199,11,561
3595,48.3879399,-89.2454199,12,666
3595,48.38907,-89.24545,13,766
3595,48.38908,-89.24544,14,773
3595,48.3899799,-89.24544,15,874
3595,48.39034,-89.24544,16,936
3595,48.3914299,-89.24544,17,1044
3595,48.3923499,-89.2454499,18,1144
3595,48.39331,-89.24544,19,1254
3595,48.39371,-89.24543,20,1286
3595,48.3937199,-89.24544,21,1297
3595,48.3950699,-89.2454499,22,1443
3595,48.3959899,-89.24544,23,1549
3595,48.39661,-89.24546,24,1600
3595,48.39666,-89.24543,25,1607
3595,48.39761,-89.24544,26,1719
3595,48.39851,-89.24545,27,1802
3595,48.39961,-89.24543,28,1928
3595,48.40002,-89.24542,29,1977
3595,48.4004799,-89.24533,30,2028
3595,48.4005,-89.2453,31,2034
3595,48.40054,-89.2451799,32,2042
3595,48.40063,-89.24471,33,2083
3595,48.40123,-89.2435799,34,2187
3595,48.40145,-89.24291,35,2242
3595,48.40155,-89.24209,36,2300
3595,48.40159,-89.24195,37,2310
3595,48.4016299,-89.24189,38,2317
3595,48.40168,-89.24186,39,2325
3595,48.40267,-89.2420999,40,2433
3595,48.4029199,-89.24211,41,2459
3595,48.40299,-89.24219,42,2468
3595,48.40317,-89.24324,43,2548
3595,48.40325,-89.2432799,44,2555
3595,48.4033399,-89.24323,45,2565
3595,48.40347,-89.24302,46,2589
3595,48.40348,-89.2430899,47,2601
3595,48.40372,-89.2429799,48,2629
3595,48.40411,-89.24311,49,2671
3595,48.40418,-89.2430899,50,2680
3595,48.40424,-89.2429899,51,2688
3595,48.4042599,-89.24291,52,2694
3595,48.4040899,-89.24208,53,2755
3595,48.40407,-89.2420299,54,2761
3595,48.4039699,-89.24199,55,2772
3595,48.4030499,-89.2421599,56,2877
3595,48.40202,-89.24209,57,2989
3595,48.40169,-89.24201,58,3021
3595,48.4016399,-89.24202,59,3027
3595,48.4015699,-89.24211,60,3035
3595,48.40151,-89.2428899,61,3098
3595,48.40136,-89.24347,62,3145
3595,48.40077,-89.2445899,63,3248
3595,48.4007199,-89.2447,64,3260
3595,48.4006499,-89.24494,65,3276
3595,48.40064,-89.24516,66,3289
3595,48.40067,-89.2453499,67,3303
3595,48.40074,-89.2454499,68,3315
3595,48.4016699,-89.24546,69,3417
3595,48.4026,-89.2454499,70,3519
3595,48.4028,-89.24541,71,3542
3595,48.4037299,-89.24544,72,3648
3595,48.40467,-89.24542,73,3755
3595,48.4057099,-89.24544,74,3856
3595,48.4065599,-89.2454099,75,3956
3595,48.40755,-89.2454199,76,4062
3595,48.40852,-89.24543,77,4174
3595,48.40922,-89.24546,78,4248
3595,48.41008,-89.24547,79,4351
3595,48.41061,-89.24543,80,4404
3595,48.41067,-89.24546,81,4411
3595,48.41084,-89.24544,82,4432
3595,48.41169,-89.2449499,83,4536
3595,48.41254,-89.24432,84,4644
3595,48.41333,-89.24375,85,4747
3595,48.4142399,-89.24311,86,4848
3595,48.41503,-89.24249,87,4944
3595,48.41599,-89.24183,88,5069
3595,48.4161099,-89.24175,89,5078
3595,48.41705,-89.24102,90,5191
3595,48.41707,-89.2410199,91,5199
3595,48.41793,-89.24041,92,5313
3595,48.41879,-89.23976,93,5407
3595,48.4197499,-89.2391099,94,5516
3595,48.42023,-89.23872,95,5590
3595,48.4202399,-89.2387199,96,5599
3595,48.4210599,-89.2381299,97,5701
3595,48.42152,-89.2378,98,5752
3595,48.4224799,-89.23713,99,5855
3595,48.42316,-89.23664,100,5959
3595,48.4231699,-89.2366499,101,5968
3595,48.4239199,-89.2361,102,6068
3595,48.4248399,-89.23543,103,6178
3595,48.4256899,-89.23483,104,6278
3595,48.42612,-89.23452,105,6320
3595,48.42611,-89.2345,106,6330
3595,48.42686,-89.2339599,107,6439
3595,48.42718,-89.2337299,108,6470
3595,48.4281199,-89.23305,109,6581
3595,48.42862,-89.23261,110,6650
3595,48.42978,-89.23149,111,6790
3595,48.4301,-89.23109,112,6825
3595,48.43015,-89.23108,113,6834
3595,48.4309,-89.23033,114,6937
3595,48.43162,-89.22954,115,7026
3595,48.43166,-89.22947,116,7036
3595,48.43235,-89.22879,117,7136
3595,48.4333,-89.22781,118,7248
3595,48.43402,-89.22705,119,7348
3595,48.43474,-89.22631,120,7437
3595,48.43487,-89.2261799,121,7460
3595,48.4348799,-89.22607,122,7468
3595,48.43431,-89.22481,123,7580
3595,48.43397,-89.22407,124,7631
3595,48.43398,-89.2241499,125,7642
3595,48.4334799,-89.2229999,126,7745
3595,48.4329,-89.22177,127,7851
3595,48.43283,-89.2216199,128,7864
3595,48.4328199,-89.2214899,129,7872
3595,48.43287,-89.22137,130,7881
3595,48.43373,-89.22048,131,8002
3595,48.43452,-89.21959,132,8105
3595,48.43467,-89.21943,133,8122
3595,48.43471,-89.21941,134,8129
3595,48.4355399,-89.21852,135,8240
3595,48.43559,-89.21849,136,8246
3595,48.43566,-89.2183999,137,8253
3595,48.4356399,-89.21829,138,8263
3595,48.4354,-89.21786,139,8303
3595,48.43532,-89.2176499,140,8318
3595,48.4353399,-89.21754,141,8324
3595,48.4354,-89.21746,142,8335
3595,48.43549,-89.2174099,143,8345
3595,48.43568,-89.21703,144,8402
3596,48.38247,-89.24602,0,0
3596,48.38248,-89.2456099,1,37
3596,48.3824999,-89.2455099,2,44
3596,48.3825599,-89.2454499,3,55
3596,48.38265,-89.24543,4,64
3596,48.38274,-89.24546,5,72
3596,48.38352,-89.24542,6,154
3596,48.38441,-89.24546,7,256
3596,48.3853799,-89.24543,8,366
3596,48.38609,-89.24544,9,438
3596,48.38612,-89.2454099,10,455
3596,48.38698,-89.2454199,11,561
3596,48.3879399,-89.2454199,12,666
3596,48.38907,-89.24545,13,766
3596,48.38908,-89.24544,14,773
3596,48.3899799,-89.24544,15,874
3596,48.39034,-89.24544,16,936
3596,48.3914299,-89.24544,17,1044
3596,48.3923499,-89.2454499,18,1144
3596,48.39331,-89.24544,19,1254
3596,48.39371,-89.24543,20,1286
3596,48.3937199,-89.24544,21,1297
3596,48.3950699,-89.2454499,22,1443
3596,48.3959899,-89.24544,23,1549
3596,48.39661,-89.24546,24,1600
3596,48.39666,-89.24543,25,1607
3596,48.39761,-89.24544,26,1719
3596,48.39851,-89.24545,27,1802
3596,48.39961,-89.24543,28,1928
3596,48.40002,-89.24542,29,1977
3596,48.40017,-89.24543,30,1983
3596,48.4002,-89.2454199,31,1989
3596,48.40113,-89.2454499,32,2102
3596,48.40221,-89.24544,33,2217
3596,48.4028,-89.24541,34,2284
3596,48.4037299,-89.24544,35,2390
3596,48.40467,-89.24542,36,2497
3596,48.4057099,-89.24544,37,2598
3596,48.4065599,-89.2454099,38,2698
3596,48.40755,-89.2454199,39,2804
3596,48.40852,-89.24543,40,2916
3596,48.40922,-89.24546,41,2990
3596,48.41008,-89.24547,42,3093
3596,48.41061,-89.24543,43,3146
3596,48.41067,-89.24546,44,3153
3596,48.41084,-89.24544,45,3174
3596,48.41169,-89.2449499,46,3278
3596,48.41254,-89.24432,47,3386
3596,48.41333,-89.24375,48,3489
3596,48.4142399,-89.24311,49,3590
3596,48.41503,-89.24249,50,3686
3596,48.41599,-89.24183,51,3811
3596,48.4161099,-89.24175,52,3820
3596,48.41705,-89.24102,53,3933
3596,48.41707,-89.2410199,54,3941
3596,48.41793,-89.24041,55,4055
3596,48.41879,-89.23976,56,4149
3596,48.4197499,-89.2391099,57,4258
3596,48.42023,-89.23872,58,4332
3596,48.4202399,-89.2387199,59,4341
3596,48.4210599,-89.2381299,60,4443
3596,48.42152,-89.2378,61,4494
3596,48.4224799,-89.23713,62,4597
3596,48.42316,-89.23664,63,4701
3596,48.4231699,-89.2366499,64,4710
3596,48.4239199,-89.2361,65,4810
3596,48.4248399,-89.23543,66,4920
3596,48.4256899,-89.23483,67,5020
3596,48.42612,-89.23452,68,5062
3596,48.42611,-89.2345,69,5072
3596,48.42686,-89.2339599,70,5181
3596,48.42718,-89.2337299,71,5212
3596,48.4281199,-89.23305,72,5323
3596,48.42862,-89.23261,73,5392
3596,48.42978,-89.23149,74,5532
3596,48.4301,-89.23109,75,5567
3596,48.43015,-89.23108,76,5576
3596,48.4309,-89.23033,77,5679
3596,48.43162,-89.22954,78,5768
3596,48.43166,-89.22947,79,5778
3596,48.43235,-89.22879,80,5878
3596,48.4333,-89.22781,81,5990
3596,48.43402,-89.22705,82,6090
3596,48.43474,-89.22631,83,6179
3596,48.43487,-89.2261799,84,6202
3596,48.4348799,-89.22607,85,6210
3596,48.43431,-89.22481,86,6322
3596,48.43397,-89.22407,87,6373
3596,48.43398,-89.2241499,88,6384
3596,48.4334799,-89.2229999,89,6487
3596,48.4329,-89.22177,90,6593
3596,48.43283,-89.2216199,91,6606
3596,48.4328199,-89.2214899,92,6614
3596,48.43287,-89.22137,93,6623
3596,48.43373,-89.22048,94,6744
3596,48.43452,-89.21959,95,6847
3596,48.43467,-89.21943,96,6864
3596,48.43471,-89.21941,97,6871
3596,48.4355399,-89.21852,98,6982
3596,48.43559,-89.21849,99,6988
3596,48.43566,-89.2183999,100,6995
3596,48.4356399,-89.21829,101,7005
3596,48.4354,-89.21786,102,7045
3596,48.43532,-89.2176499,103,7060
3596,48.4353399,-89.21754,104,7066
3596,48.4354,-89.21746,105,7077
3596,48.43549,-89.2174099,106,7087
3596,48.43568,-89.21703,107,7144
3597,48.43568,-89.21703,0,0
3597,48.4362299,-89.2167899,1,31
3597,48.4362999,-89.2168599,2,45
3597,48.43641,-89.21707,3,63
3597,48.43657,-89.21754,4,106
3597,48.43648,-89.21769,5,121
3597,48.43566,-89.21849,6,229
3597,48.4356,-89.2185299,7,240
3597,48.43546,-89.2186899,8,257
3597,48.4353799,-89.21875,9,269
3597,48.43461,-89.21964,10,373
3597,48.43447,-89.21986,11,400
3597,48.43425,-89.22,12,419
3597,48.4335,-89.2207599,13,525
3597,48.43322,-89.2210299,14,563
3597,48.43301,-89.22133,15,591
3597,48.43294,-89.22173,16,600
3597,48.4334799,-89.22292,17,706
3597,48.4338699,-89.22374,18,773
3597,48.43395,-89.22375,19,797
3597,48.4338999,-89.2239,20,803
3597,48.43389,-89.22399,21,811
3597,48.4338399,-89.2241099,22,822
3597,48.43376,-89.2241499,23,832
3597,48.43307,-89.22488,24,932
3597,48.43225,-89.22573,25,1041
3597,48.43185,-89.22617,26,1085
3597,48.43178,-89.22619,27,1094
3597,48.4311099,-89.22691,28,1194
3597,48.43043,-89.22764,29,1286
3597,48.43033,-89.22767,30,1295
3597,48.4295399,-89.2284499,31,1407
3597,48.42895,-89.22911,32,1478
3597,48.4289,-89.2291399,33,1486
3597,48.42807,-89.22994,34,1600
3597,48.42758,-89.23052,35,1664
3597,48.42755,-89.23063,36,1671
3597,48.42787,-89.23146,37,1740
3597,48.42785,-89.2315299,38,1746
3597,48.4282,-89.2328399,39,1852
3597,48.4283,-89.23316,40,1875
3597,48.42876,-89.23477,41,1995
3597,48.4290799,-89.2359999,42,2106
3597,48.42921,-89.23678,43,2159
3597,48.4292099,-89.23689,44,2169
3597,48.42922,-89.23696,45,2175
3597,48.4292399,-89.23794,46,2245
3597,48.42923,-89.2379999,47,2252
3597,48.4292399,-89.23808,48,2260
3597,48.4292399,-89.2386,49,2301
3597,48.42922,-89.23874,50,2311
3597,48.4292399,-89.2401899,51,2423
3597,48.42922,-89.2406499,52,2450
3597,48.42917,-89.24214,53,2563
3597,48.42899,-89.24388,54,2676
3597,48.42885,-89.24519,55,2789
3597,48.42834,-89.24672,56,2901
3597,48.42817,-89.24724,57,2935
3597,48.42777,-89.2483999,58,3033
3597,48.4272999,-89.24976,59,3152
3597,48.42717,-89.25032,60,3194
3597,48.42659,-89.2519,61,3294
3597,48.42618,-89.25312,62,3394
3597,48.42592,-89.25401,63,3489
3597,48.4258299,-89.25416,64,3501
3597,48.42531,-89.2558199,65,3634
3597,48.4249099,-89.2571999,66,3748
3597,48.4245,-89.2585799,67,3863
3597,48.4241,-89.25994,68,3970
3597,48.42368,-89.26126,69,4078
3597,48.42358,-89.2616299,70,4105
3597,48.4234899,-89.2617299,71,4116
3597,48.4234299,-89.26172,72,4123
3597,48.42272,-89.2611999,73,4210
3597,48.4226099,-89.2612099,74,4220
3597,48.42256,-89.26125,75,4227
3597,48.42211,-89.2621599,76,4308
3597,48.42206,-89.26221,77,4315
3597,48.42196,-89.2622599,78,4326
3597,48.42184,-89.2622599,79,4341
3597,48.42144,-89.26211,80,4361
3597,48.4213299,-89.2619299,81,4368
3597,48.42138,-89.26182,82,4378
3597,48.42241,-89.26086,83,4503
3597,48.4226099,-89.26082,84,4521
3597,48.4234999,-89.26165,85,4633
3597,48.42354,-89.26175,86,4644
3597,48.42355,-89.26191,87,4656
3597,48.4231699,-89.2632099,88,4766
3597,48.42273,-89.2645799,89,4878
3597,48.42233,-89.26591,90,4983
3597,48.42229,-89.26633,91,5022
3597,48.4218499,-89.2675699,92,5125
3597,48.42161,-89.2683899,93,5180
3597,48.42131,-89.26963,94,5279
3597,48.42115,-89.27091,95,5378
3597,48.42108,-89.27103,96,5384
3597,48.42086,-89.27224,97,5486
3597,48.42056,-89.2739,98,5607
3597,48.4205399,-89.2739699,99,5613
3597,48.42049,-89.27432,100,5636
3597,48.42045,-89.2744599,101,5650
3597,48.4203799,-89.2745699,102,5662
3597,48.42032,-89.27462,103,5670
3597,48.42026,-89.27465,104,5679
3597,48.41955,-89.27459,105,5778
3597,48.41836,-89.27458,106,5884
3597,48.41741,-89.2745699,107,5993
3597,48.41636,-89.27458,108,6112
3597,48.41534,-89.27459,109,6237
3597,48.41423,-89.27458,110,6337
3597,48.4133,-89.2745699,111,6452
3597,48.41304,-89.27458,112,6469
3597,48.41215,-89.27459,113,6578
3597,48.41126,-89.2746299,114,6678
3597,48.4103699,-89.27462,115,6778
3597,48.40999,-89.27462,116,6846
3597,48.40903,-89.27461,117,6949
3597,48.40874,-89.27462,118,6968
3597,48.4077999,-89.27464,119,7083
3597,48.40711,-89.27466,120,7177
3597,48.40611,-89.27465,121,7282
3597,48.4051799,-89.2746599,122,7394
3597,48.4044,-89.27465,123,7474
3597,48.40349,-89.27465,124,7575
3597,48.40287,-89.27461,125,7647
3597,48.40291,-89.27464,126,7668
3597,48.40189,-89.2745599,127,7782
3597,48.4014999,-89.27455,128,7821
3597,48.4014399,-89.2744999,129,7828
3597,48.40142,-89.2744299,130,7834
3597,48.40142,-89.2727599,131,7958
3597,48.40145,-89.2717999,132,8030
3597,48.4015399,-89.27137,133,8060
3597,48.4015999,-89.2712199,134,8069
3597,48.40162,-89.27119,135,8077
3597,48.40174,-89.27093,136,8100
3597,48.40201,-89.2706,137,8142
3597,48.4022899,-89.2703899,138,8173
3597,48.40233,-89.2703299,139,8180
3597,48.40253,-89.2697699,140,8224
3597,48.40261,-89.26968,141,8236
3597,48.40297,-89.26967,142,8266
3598,48.43568,-89.21703,0,0
3598,48.4353099,-89.2172899,1,21
3598,48.4352799,-89.21737,2,27
3598,48.43529,-89.2174799,3,34
3598,48.43572,-89.2183999,4,117
3598,48.43654,-89.2175799,5,226
3598,48.4366199,-89.2175799,6,236
3598,48.43678,-89.21782,7,260
3598,48.43735,-89.21906,8,367
3598,48.4373799,-89.2190899,9,374
3598,48.4379399,-89.22035,10,487
3598,48.43844,-89.22143,11,590
3598,48.43868,-89.22196,12,631
3598,48.4388,-89.22213,13,653
3598,48.43881,-89.22219,14,660
3598,48.43877,-89.22235,15,669
3598,48.43795,-89.22315,16,772
3598,48.4372,-89.22391,17,835
3598,48.43674,-89.22443,18,936
3598,48.43596,-89.22524,19,1037
3598,48.43532,-89.22589,20,1123
3598,48.43529,-89.22594,21,1130
3598,48.4352499,-89.22596,22,1137
3598,48.43448,-89.22676,23,1238
3598,48.43428,-89.2269699,24,1262
3598,48.43339,-89.22788,25,1379
3598,48.43336,-89.22794,26,1388
3598,48.4326199,-89.2286799,27,1492
3598,48.43204,-89.22926,28,1559
3598,48.4320599,-89.22928,29,1565
3598,48.43126,-89.2300199,30,1676
3598,48.4311699,-89.23013,31,1691
3598,48.43106,-89.2302199,32,1699
3598,48.43097,-89.23033,33,1707
3598,48.4305,-89.23094,34,1772
3598,48.43024,-89.2310699,35,1810
3598,48.42946,-89.23187,36,1915
3598,48.42863,-89.23275,37,2025
3598,48.4285499,-89.23286,38,2032
3598,48.42775,-89.23354,39,2138
3598,48.4268699,-89.23418,40,2250
3598,48.42646,-89.23442,41,2294
3598,48.4263499,-89.2345499,42,2304
3598,48.4254999,-89.23516,43,2414
3598,48.42466,-89.2357699,44,2518
3598,48.42403,-89.23616,45,2592
3598,48.42397,-89.2362599,46,2601
3598,48.42321,-89.2368099,47,2702
3598,48.4223,-89.23755,48,2818
3598,48.4222199,-89.23755,49,2826
3598,48.42134,-89.23817,50,2940
3598,48.4204799,-89.2388,51,3043
3598,48.4195899,-89.23943,52,3155
3598,48.41898,-89.23993,53,3227
3598,48.4180399,-89.24055,54,3334
3598,48.4170999,-89.24123,55,3440
3598,48.41677,-89.24144,56,3498
3598,48.4159399,-89.24208,57,3606
3598,48.41511,-89.24267,58,3707
3598,48.41484,-89.24296,59,3733
3598,48.41481,-89.24294,60,3739
3598,48.4140099,-89.2435,61,3841
3598,48.41317,-89.2441299,62,3946
3598,48.4129899,-89.2442699,63,3968
3598,48.41234,-89.24472,64,4046
3598,48.41153,-89.24531,65,4152
3598,48.41094,-89.24563,66,4213
3598,48.41006,-89.24567,67,4320
3598,48.40889,-89.24568,68,4425
3598,48.409,-89.2456499,69,4432
3598,48.40897,-89.2456399,70,4438
3598,48.4079999,-89.2455799,71,4550
3598,48.40701,-89.24554,72,4656
3598,48.40681,-89.24553,73,4678
3598,48.4067599,-89.2455,74,4686
3598,48.40671,-89.24544,75,4694
3598,48.4066499,-89.24524,76,4709
3598,48.40673,-89.24375,77,4823
3598,48.4067199,-89.24251,78,4917
3598,48.40654,-89.2412499,79,5004
3598,48.40651,-89.24116,80,5010
3598,48.4064299,-89.24104,81,5020
3598,48.40634,-89.24101,82,5033
3598,48.40552,-89.2413799,83,5133
3598,48.40517,-89.24163,84,5164
3598,48.4042899,-89.24191,85,5245
3598,48.40421,-89.2419999,86,5255
3598,48.4041899,-89.24215,87,5265
3598,48.40434,-89.24314,88,5337
3598,48.4042899,-89.2432,89,5346
3598,48.4038299,-89.24303,90,5391
3598,48.4037299,-89.24304,91,5407
3598,48.40349,-89.2433,92,5446
3598,48.4032399,-89.24342,93,5482
3598,48.40316,-89.24339,94,5489
3598,48.40313,-89.2433499,95,5495
3598,48.40293,-89.2422699,96,5572
3598,48.4028799,-89.24219,97,5579
3598,48.40284,-89.2421599,98,5585
3598,48.4016999,-89.24202,99,5710
3598,48.40162,-89.2420699,100,5717
3598,48.40159,-89.24212,101,5723
3598,48.40156,-89.2421999,102,5731
3598,48.40143,-89.2430799,103,5797
3598,48.4012999,-89.2435099,104,5832
3598,48.40103,-89.24405,105,5876
3598,48.40064,-89.24477,106,5950
3598,48.4005799,-89.24501,107,5971
3598,48.4005499,-89.24544,108,5998
3598,48.4005199,-89.2455199,109,6006
3598,48.4004799,-89.2455799,110,6013
3598,48.40037,-89.24563,111,6025
3598,48.39945,-89.2456099,112,6126
3598,48.39886,-89.24556,113,6190
3598,48.3988,-89.24562,114,6200
3598,48.39785,-89.2456099,115,6311
3598,48.39683,-89.24562,116,6422
3598,48.3959,-89.24559,117,6507
3598,48.39591,-89.24562,118,6517
3598,48.39502,-89.24559,119,6618
3598,48.3939,-89.24558,120,6734
3598,48.3929699,-89.24559,121,6846
3598,48.39203,-89.24559,122,6946
3598,48.39105,-89.24559,123,7056
3598,48.39032,-89.24559,124,7120
3598,48.39027,-89.2456,125,7130
3598,48.39022,-89.2455799,126,7138
3598,48.38931,-89.2455799,127,7245
3598,48.38833,-89.2456,128,7349
3598,48.38784,-89.24558,129,7391
3598,48.38783,-89.24559,130,7401
3598,48.38695,-89.24553,131,7504
3598,48.38599,-89.2455199,132,7607
3598,48.38503,-89.24555,133,7703
3598,48.3849899,-89.24557,134,7710
3598,48.3841399,-89.2455199,135,7811
3598,48.3831199,-89.2455199,136,7924
3598,48.38247,-89.24602,137,8021
3599,48.42144,-89.26211,0,0
3599,48.4213299,-89.2619299,1,7
3599,48.42138,-89.26182,2,17
3599,48.42241,-89.26086,3,142
3599,48.4226099,-89.26082,4,160
3599,48.4234999,-89.26165,5,272
3599,48.42354,-89.26175,6,283
3599,48.42355,-89.26191,7,295
3599,48.4231699,-89.2632099,8,405
3599,48.42273,-89.2645799,9,517
3599,48.42233,-89.26591,10,622
3599,48.42229,-89.26633,11,661
3599,48.42196,-89.26736,12,737
3599,48.42196,-89.2674699,13,744
3599,48.422,-89.2675699,14,751
3599,48.4227699,-89.26815,15,849
3599,48.4228999,-89.26837,16,871
3599,48.42296,-89.26844,17,878
3599,48.4230399,-89.26844,18,888
3599,48.4231299,-89.26838,19,897
3599,48.42321,-89.2682599,20,908
3599,48.4233999,-89.26779,21,952
3599,48.42364,-89.2674999,22,982
3599,48.42378,-89.2674099,23,1002
3599,48.424,-89.26736,24,1026
3599,48.42429,-89.26742,25,1062
3599,48.4246399,-89.26759,26,1100
3599,48.4249999,-89.26759,27,1142
3599,48.42521,-89.26753,28,1165
3599,48.42548,-89.26756,29,1198
3599,48.4256299,-89.26765,30,1212
3599,48.42574,-89.2677699,31,1226
3599,48.4259199,-89.2680999,32,1260
3599,48.426,-89.2684199,33,1284
3599,48.42608,-89.27035,34,1437
3599,48.42601,-89.2707899,35,1464
3599,48.426,-89.2722299,36,1561
3599,48.42598,-89.27231,37,1568
3599,48.42591,-89.27241,38,1577
3599,48.42575,-89.27248,39,1596
3599,48.42506,-89.27245,40,1674
3599,48.42495,-89.27252,41,1685
3599,48.4249,-89.2726899,42,1700
3599,48.4249699,-89.2740999,43,1801
3599,48.42499,-89.2742699,44,1813
3599,48.42503,-89.27439,45,1823
3599,48.4250699,-89.27444,46,1831
3599,48.42617,-89.27442,47,1956
3599,48.4271399,-89.27442,48,2064
3599,48.42807,-89.27441,49,2164
3599,48.42835,-89.2744,50,2192
3599,48.42936,-89.2743999,51,2308
3599,48.43037,-89.27425,52,2420
3599,48.43083,-89.2740999,53,2467
3599,48.43184,-89.27362,54,2590
3599,48.4327,-89.27304,55,2692
3599,48.43309,-89.27267,56,2754
3599,48.43389,-89.2718399,57,2867
3599,48.43464,-89.27094,58,2970
3599,48.43542,-89.26999,59,3085
3599,48.43572,-89.26963,60,3135
3599,48.4366199,-89.2685599,61,3242
3599,48.43736,-89.26756,62,3356
3599,48.43798,-89.2666199,63,3456
3599,48.4386899,-89.2655399,64,3565
3599,48.4394099,-89.2644599,65,3671
3599,48.43976,-89.2639299,66,3720
3599,48.43975,-89.26391,67,3744
3599,48.43979,-89.2638999,68,3753
3599,48.4403999,-89.2629399,69,3853
3599,48.44105,-89.2619199,70,3953
3599,48.44179,-89.2608,71,4066
3599,48.4418099,-89.2607799,72,4074
3599,48.44252,-89.25975,73,4190
3599,48.4431199,-89.2587099,74,4294
3599,48.44375,-89.25735,75,4404
3599,48.44426,-89.25626,76,4513
3599,48.44484,-89.25511,77,4618
3599,48.4454,-89.2540199,78,4719
3599,48.44597,-89.2529299,79,4821
3599,48.44632,-89.2521,80,4888
3599,48.44639,-89.2520099,81,4899
3599,48.44694,-89.2508699,82,5004
3599,48.44717,-89.25028,83,5047
3599,48.44753,-89.2495799,84,5106
3599,48.44754,-89.24954,85,5112
3599,48.44809,-89.2483699,86,5220
3599,48.4486399,-89.24721,87,5326
3599,48.44895,-89.2465,88,5397
3599,48.4497599,-89.24485,89,5524
3599,48.45027,-89.24376,90,5624
3599,48.4504399,-89.2433,91,5658
3599,48.45047,-89.2430499,92,5679
3599,48.4504,-89.24257,93,5719
3599,48.45008,-89.24148,94,5820
3599,48.4496599,-89.23989,95,5923
3599,48.44932,-89.23863,96,6028
3599,48.44929,-89.23854,97,6056
3599,48.44891,-89.23723,98,6161
3599,48.44854,-89.23581,99,6281
3599,48.44809,-89.23417,100,6404
3599,48.4480499,-89.23404,101,6410
3599,48.4476899,-89.2327,102,6524
3599,48.44729,-89.23126,103,6631
3599,48.44727,-89.23122,104,6637
3599,48.4468699,-89.22974,105,6758
3599,48.4468299,-89.2295999,106,6765
3599,48.4465,-89.22835,107,6859
3599,48.44649,-89.22837,108,6865
3599,48.44617,-89.22718,109,6968
3599,48.4459,-89.22623,110,7032
3599,48.44551,-89.2247999,111,7155
3599,48.4451599,-89.2235,112,7256
3599,48.44521,-89.22363,113,7276
3599,48.44518,-89.2236,114,7283
3599,48.4448299,-89.22233,115,7389
3599,48.44448,-89.2210299,116,7491
3599,48.4441,-89.21976,117,7593
3599,48.44396,-89.21939,118,7624
3599,48.4439399,-89.2194,119,7635
3599,48.44343,-89.21825,120,7741
3599,48.44274,-89.21695,121,7850
3599,48.44199,-89.21579,122,7967
3599,48.44186,-89.21569,123,7982
3599,48.4418099,-89.2157,124,7989
3599,48.44107,-89.21654,125,8090
3599,48.44023,-89.21746,126,8200
3599,48.43933,-89.21838,127,8329
3599,48.43867,-89.21909,128,8409
3599,48.43857,-89.21923,129,8425
3599,48.4378099,-89.2199399,130,8525
3599,48.4377799,-89.21996,131,8531
3599,48.43769,-89.2199399,132,8540
3599,48.43765,-89.21989,133,8547
3599,48.43744,-89.21948,134,8590
3599,48.4368599,-89.21812,135,8703
3599,48.43677,-89.21792,136,8715
3599,48.43671,-89.21783,137,8723
3599,48.4366599,-89.21772,138,8732
3599,48.43664,-89.2176499,139,8740
3599,48.43621,-89.2167199,140,8827
3599,48.43612,-89.21664,141,8838
3599,48.43602,-89.2166299,142,8848
3599,48.43592,-89.21667,143,8862
3599,48.43568,-89.21703,144,8920
3600,48.38247,-89.24602,0,0
3600,48.38248,-89.2456099,1,37
3600,48.3824999,-89.2455099,2,44
3600,48.3825599,-89.2454499,3,55
3600,48.38265,-89.24543,4,64
3600,48.38274,-89.24546,5,72
3600,48.38352,-89.24542,6,154
3600,48.38441,-89.24546,7,256
3600,48.3853799,-89.24543,8,366
3600,48.38609,-89.24544,9,438
3600,48.38612,-89.2454099,10,455
3600,48.38698,-89.2454199,11,561
3600,48.3879399,-89.2454199,12,666
3600,48.38907,-89.24545,13,766
3600,48.38908,-89.24544,14,773
3600,48.3899799,-89.24544,15,874
3600,48.39034,-89.24544,16,936
3600,48.3914299,-89.24544,17,1044
3600,48.3923499,-89.2454499,18,1144
3600,48.39331,-89.24544,19,1254
3600,48.39371,-89.24543,20,1286
3600,48.3937199,-89.24544,21,1297
3600,48.3950699,-89.2454499,22,1443
3600,48.3959899,-89.24544,23,1549
3600,48.39661,-89.24546,24,1600
3600,48.39666,-89.24543,25,1607
3600,48.39761,-89.24544,26,1719
3600,48.39851,-89.24545,27,1802
3600,48.39961,-89.24543,28,1928
3600,48.40002,-89.24542,29,1977
3600,48.40017,-89.24543,30,1983
3600,48.4002,-89.2454199,31,1989
3600,48.40113,-89.2454499,32,2102
3600,48.40221,-89.24544,33,2217
3600,48.4028,-89.24541,34,2284
3600,48.4037299,-89.24544,35,2390
3600,48.40467,-89.24542,36,2497
3600,48.4057099,-89.24544,37,2598
3600,48.4065599,-89.2454099,38,2698
3600,48.40755,-89.2454199,39,2804
3600,48.40852,-89.24543,40,2916
3600,48.40922,-89.24546,41,2990
3600,48.41008,-89.24547,42,3093
3600,48.41061,-89.24543,43,3146
3600,48.41067,-89.24546,44,3153
3600,48.41084,-89.24544,45,3174
3600,48.41169,-89.2449499,46,3278
3600,48.41254,-89.24432,47,3386
3600,48.41333,-89.24375,48,3489
3600,48.4142399,-89.24311,49,3590
3600,48.41503,-89.24249,50,3686
3600,48.41599,-89.24183,51,3811
3600,48.4161099,-89.24175,52,3820
3600,48.41705,-89.24102,53,3933
3600,48.41707,-89.2410199,54,3941
3600,48.41793,-89.24041,55,4055
3600,48.41879,-89.23976,56,4149
3600,48.4197499,-89.2391099,57,4258
3600,48.42023,-89.23872,58,4332
3600,48.4202399,-89.2387199,59,4341
3600,48.4210599,-89.2381299,60,4443
3600,48.42152,-89.2378,61,4494
3600,48.4224799,-89.23713,62,4597
3600,48.42316,-89.23664,63,4701
3600,48.4231699,-89.2366499,64,4710
3600,48.4239199,-89.2361,65,4810
3600,48.4248399,-89.23543,66,4920
3600,48.4256899,-89.23483,67,5020
3600,48.42612,-89.23452,68,5062
3600,48.42611,-89.2345,69,5072
3600,48.42686,-89.2339599,70,5181
3600,48.42718,-89.2337299,71,5212
3600,48.4281199,-89.23305,72,5323
3600,48.42862,-89.23261,73,5392
3600,48.42978,-89.23149,74,5532
3600,48.4301,-89.23109,75,5567
3600,48.43015,-89.23108,76,5576
3600,48.4309,-89.23033,77,5679
3600,48.43162,-89.22954,78,5768
3600,48.43166,-89.22947,79,5778
3600,48.43235,-89.22879,80,5878
3600,48.4333,-89.22781,81,5990
3600,48.43402,-89.22705,82,6090
3600,48.43474,-89.22631,83,6179
3600,48.43487,-89.2261799,84,6202
3600,48.4348799,-89.22607,85,6210
3600,48.43431,-89.22481,86,6322
3600,48.43397,-89.22407,87,6373
3600,48.43398,-89.2241499,88,6384
3600,48.4334799,-89.2229999,89,6487
3600,48.4329,-89.22177,90,6593
3600,48.43283,-89.2216199,91,6606
3600,48.4328199,-89.2214899,92,6614
3600,48.43287,-89.22137,93,6623
3600,48.43373,-89.22048,94,6744
3600,48.43452,-89.21959,95,6847
3600,48.43467,-89.21943,96,6864
3600,48.43471,-89.21941,97,6871
3600,48.4355399,-89.21852,98,6982
3600,48.43559,-89.21849,99,6988
3600,48.43566,-89.2183999,100,6995
3600,48.4356399,-89.21829,101,7005
3600,48.4354,-89.21786,102,7045
3600,48.43532,-89.2176499,103,7060
3600,48.4353399,-89.21754,104,7066
3600,48.4354,-89.21746,105,7077
3600,48.43549,-89.2174099,106,7087
3600,48.43568,-89.21703,107,7144
3601,48.43568,-89.21703,0,0
3601,48.4362299,-89.2167899,1,31
3601,48.4362999,-89.2168599,2,45
3601,48.43641,-89.21707,3,63
3601,48.43657,-89.21754,4,106
3601,48.43648,-89.21769,5,121
3601,48.43566,-89.21849,6,229
3601,48.4356,-89.2185299,7,240
3601,48.43546,-89.2186899,8,257
3601,48.4353799,-89.21875,9,269
3601,48.43461,-89.21964,10,373
3601,48.43447,-89.21986,11,400
3601,48.43425,-89.22,12,419
3601,48.4335,-89.2207599,13,525
3601,48.43322,-89.2210299,14,563
3601,48.43301,-89.22133,15,591
3601,48.43294,-89.22173,16,600
3601,48.4334799,-89.22292,17,706
3601,48.4338699,-89.22374,18,773
3601,48.43395,-89.22375,19,797
3601,48.43404,-89.22416,20,803
3601,48.43455,-89.2252899,21,906
3601,48.43476,-89.22555,22,957
3601,48.43487,-89.2259799,23,970
3601,48.4349,-89.2260499,24,977
3601,48.43491,-89.22619,25,986
3601,48.4349,-89.22627,26,993
3601,48.4348199,-89.2264,27,1005
3601,48.4340299,-89.2271999,28,1115
3601,48.43339,-89.22788,29,1218
3601,48.43336,-89.22794,30,1227
3601,48.4326199,-89.2286799,31,1331
3601,48.43204,-89.22926,32,1398
3601,48.4320599,-89.22928,33,1404
3601,48.43126,-89.2300199,34,1515
3601,48.4311699,-89.23013,35,1530
3601,48.43106,-89.2302199,36,1538
3601,48.43097,-89.23033,37,1546
3601,48.4305,-89.23094,38,1611
3601,48.43024,-89.2310699,39,1649
3601,48.42946,-89.23187,40,1754
3601,48.42863,-89.23275,41,1864
3601,48.42854,-89.23283,42,1870
3601,48.42846,-89.23295,43,1885
3601,48.42831,-89.2330999,44,1903
3601,48.42828,-89.23318,45,1910
3601,48.4282899,-89.23331,46,1921
3601,48.42876,-89.23477,47,2031
3601,48.4290799,-89.2359999,48,2142
3601,48.42921,-89.23678,49,2195
3601,48.42922,-89.2369799,50,2206
3601,48.4292099,-89.2370499,51,2213
3601,48.4292399,-89.23811,52,2294
3601,48.42928,-89.23825,53,2302
3601,48.42932,-89.2383,54,2308
3601,48.42943,-89.2383199,55,2317
3601,48.42958,-89.2383,56,2334
3601,48.4296299,-89.2383899,57,2346
3601,48.42997,-89.23968,58,2448
3601,48.43034,-89.2410199,59,2559
3601,48.43071,-89.2423299,60,2663
3601,48.43121,-89.24385,61,2783
3601,48.4312099,-89.2439999,62,2789
3601,48.4315399,-89.24531,63,2893
3601,48.43184,-89.24606,64,2959
3601,48.4317999,-89.24618,65,2967
3601,48.4321599,-89.24756,66,3083
3601,48.4326,-89.24902,67,3193
3601,48.4325899,-89.2490299,68,3201
3601,48.4329199,-89.2503699,69,3312
3601,48.4333,-89.25167,70,3405
3601,48.43333,-89.2517199,71,3413
3601,48.4337399,-89.2532299,72,3539
3601,48.43382,-89.25345,73,3555
3601,48.43487,-89.25458,74,3694
3601,48.4349,-89.2546399,75,3704
3601,48.43569,-89.2554899,76,3821
3601,48.4365299,-89.25636,77,3928
3601,48.43689,-89.25671,78,3969
3601,48.43779,-89.25768,79,4073
3601,48.43851,-89.2584499,80,4170
3601,48.43874,-89.25867,81,4205
3601,48.4388299,-89.2586399,82,4214
3601,48.43891,-89.2585099,83,4228
3601,48.43908,-89.25796,84,4289
3601,48.4398,-89.25655,85,4400
3601,48.43993,-89.2562799,86,4415
3601,48.44058,-89.2548999,87,4542
3601,48.44062,-89.25489,88,4549
3601,48.4407299,-89.25496,89,4562
3601,48.44144,-89.25566,90,4672
3601,48.4414799,-89.2557599,91,4683
3601,48.4422099,-89.25656,92,4788
3601,48.44317,-89.25745,93,4908
3602,48.43568,-89.21703,0,0
3602,48.4362299,-89.2167899,1,31
3602,48.4362999,-89.2168599,2,45
3602,48.43641,-89.21707,3,63
3602,48.43657,-89.21754,4,106
3602,48.43648,-89.21769,5,121
3602,48.43566,-89.21849,6,229
3602,48.4356,-89.2185299,7,240
3602,48.43546,-89.2186899,8,257
3602,48.4353799,-89.21875,9,269
3602,48.43461,-89.21964,10,373
3602,48.43447,-89.21986,11,400
3602,48.43425,-89.22,12,419
3602,48.4335,-89.2207599,13,525
3602,48.43322,-89.2210299,14,563
3602,48.43301,-89.22133,15,591
3602,48.43294,-89.22173,16,600
3602,48.4334799,-89.22292,17,706
3602,48.4338699,-89.22374,18,773
3602,48.43395,-89.22375,19,797
3602,48.4338999,-89.2239,20,803
3602,48.43389,-89.22399,21,811
3602,48.4338399,-89.2241099,22,822
3602,48.43376,-89.2241499,23,832
3602,48.43307,-89.22488,24,932
3602,48.43225,-89.22573,25,1041
3602,48.43185,-89.22617,26,1085
3602,48.43178,-89.22619,27,1094
3602,48.4311099,-89.22691,28,1194
3602,48.43043,-89.22764,29,1286
3602,48.43033,-89.22767,30,1295
3602,48.4295399,-89.2284499,31,1407
3602,48.42895,-89.22911,32,1478
3602,48.4289,-89.2291399,33,1486
3602,48.42807,-89.22994,34,1600
3602,48.42758,-89.23052,35,1664
3602,48.42755,-89.23063,36,1671
3602,48.42787,-89.23146,37,1740
3602,48.42785,-89.2315299,38,1746
3602,48.4282,-89.2328399,39,1852
3602,48.4283,-89.23316,40,1875
3602,48.42876,-89.23477,41,1995
3602,48.4290799,-89.2359999,42,2106
3602,48.42921,-89.23678,43,2159
3602,48.4292099,-89.23689,44,2169
3602,48.42922,-89.23696,45,2175
3602,48.4292399,-89.23794,46,2245
3602,48.42923,-89.2379999,47,2252
3602,48.4292399,-89.23808,48,2260
3602,48.4292399,-89.2386,49,2301
3602,48.42922,-89.23874,50,2311
3602,48.4292399,-89.2401899,51,2423
3602,48.42922,-89.2406499,52,2450
3602,48.42917,-89.24214,53,2563
3602,48.42899,-89.24388,54,2676
3602,48.42885,-89.24519,55,2789
3602,48.42834,-89.24672,56,2901
3602,48.42817,-89.24724,57,2935
3602,48.42777,-89.2483999,58,3033
3602,48.4272999,-89.24976,59,3152
3602,48.42717,-89.25032,60,3194
3602,48.42659,-89.2519,61,3294
3602,48.42618,-89.25312,62,3394
3602,48.42592,-89.25401,63,3489
3602,48.4258299,-89.25416,64,3501
3602,48.42531,-89.2558199,65,3634
3602,48.4249099,-89.2571999,66,3748
3602,48.4245,-89.2585799,67,3863
3602,48.4241,-89.25994,68,3970
3602,48.42368,-89.26126,69,4078
3602,48.42358,-89.2616299,70,4105
3602,48.4234899,-89.2617299,71,4116
3602,48.4234299,-89.26172,72,4123
3602,48.42272,-89.2611999,73,4210
3602,48.4226099,-89.2612099,74,4220
3602,48.42256,-89.26125,75,4227
3602,48.42211,-89.2621599,76,4308
3602,48.42206,-89.26221,77,4315
3602,48.42196,-89.2622599,78,4326
3602,48.42184,-89.2622599,79,4341
3602,48.42144,-89.26211,80,4361
3602,48.4213299,-89.2619299,81,4368
3602,48.42138,-89.26182,82,4378
3602,48.42241,-89.26086,83,4503
3602,48.4226099,-89.26082,84,4521
3602,48.4234999,-89.26165,85,4633
3602,48.42354,-89.26175,86,4644
3602,48.42355,-89.26191,87,4656
3602,48.4231699,-89.2632099,88,4766
3602,48.42273,-89.2645799,89,4878
3602,48.42233,-89.26591,90,4983
3602,48.42229,-89.26633,91,5022
3602,48.4218499,-89.2675699,92,5125
3602,48.42161,-89.2683899,93,5180
3602,48.42131,-89.26963,94,5279
3602,48.42115,-89.27091,95,5378
3602,48.42108,-89.27103,96,5384
3602,48.42086,-89.27224,97,5486
3602,48.42056,-89.2739,98,5607
3602,48.4205399,-89.2739699,99,5613
3602,48.42049,-89.27432,100,5636
3602,48.42045,-89.2744599,101,5650
3602,48.4203799,-89.2745699,102,5662
3602,48.42032,-89.27462,103,5670
3602,48.42026,-89.27465,104,5679
3602,48.41955,-89.27459,105,5778
3602,48.41836,-89.27458,106,5884
3602,48.41741,-89.2745699,107,5993
3602,48.41636,-89.27458,108,6112
3602,48.41534,-89.27459,109,6237
3602,48.41423,-89.27458,110,6337
3602,48.4133,-89.2745699,111,6452
3602,48.41304,-89.27458,112,6469
3602,48.41215,-89.27459,113,6578
3602,48.41126,-89.2746299,114,6678
3602,48.4103699,-89.27462,115,6778
3602,48.40999,-89.27462,116,6846
3602,48.40903,-89.27461,117,6949
3602,48.40874,-89.27462,118,6968
3602,48.4077999,-89.27464,119,7083
3602,48.40711,-89.27466,120,7177
3602,48.40611,-89.27465,121,7282
3602,48.4051799,-89.2746599,122,7394
3602,48.4044,-89.27465,123,7474
3602,48.40349,-89.27465,124,7575
3602,48.40287,-89.27461,125,7647
3602,48.40291,-89.27464,126,7668
3602,48.40189,-89.2745599,127,7782
3602,48.4014999,-89.27455,128,7821
3602,48.4014399,-89.2744999,129,7828
3602,48.40142,-89.2744299,130,7834
3602,48.40142,-89.2727599,131,7958
3602,48.40145,-89.2717999,132,8030
3602,48.4015399,-89.27137,133,8060
3602,48.4015999,-89.2712199,134,8069
3602,48.40162,-89.27119,135,8077
3602,48.40174,-89.27093,136,8100
3602,48.40201,-89.2706,137,8142
3602,48.4022899,-89.2703899,138,8173
3602,48.40233,-89.2703299,139,8180
3602,48.40253,-89.2697699,140,8224
3602,48.40261,-89.26968,141,8236
3602,48.40297,-89.26967,142,8266
3603,48.47868,-89.18251,0,0
3603,48.4786399,-89.1826,1,7
3603,48.4786399,-89.18409,2,117
3603,48.47865,-89.18494,3,176
3603,48.47863,-89.1850799,4,188
3603,48.4786,-89.18513,5,194
3603,48.47852,-89.1852,6,204
3603,48.47757,-89.18519,7,310
3603,48.47696,-89.18518,8,379
3603,48.47597,-89.1851799,9,490
3603,48.47501,-89.18516,10,593
3603,48.47392,-89.1852,11,701
3603,48.4738799,-89.1851499,12,707
3603,48.4737799,-89.18517,13,724
3603,48.4737499,-89.18523,14,731
3603,48.4735899,-89.18655,15,831
3603,48.47349,-89.18764,16,904
3603,48.4734499,-89.1877399,17,911
3603,48.4732599,-89.18898,18,1012
3603,48.47325,-89.1891199,19,1024
3603,48.47294,-89.1904,20,1135
3603,48.47275,-89.19065,21,1141
3603,48.47261,-89.1906999,22,1157
3603,48.47167,-89.1907299,23,1262
3603,48.47071,-89.19072,24,1369
3603,48.47059,-89.19076,25,1406
3603,48.46923,-89.1907299,26,1537
3603,48.46913,-89.19076,27,1568
3603,48.46887,-89.1904599,28,1582
3603,48.4688899,-89.1890899,29,1683
3603,48.46886,-89.18809,30,1771
3603,48.46887,-89.18808,31,1778
3603,48.46887,-89.18802,32,1784
3603,48.46888,-89.18795,33,1792
3603,48.46887,-89.18631,34,1914
3603,48.46887,-89.18516,35,1995
3603,48.4688299,-89.18504,36,2002
3603,48.46875,-89.18501,37,2010
3603,48.46845,-89.18512,38,2050
3603,48.4683299,-89.18506,39,2057
3603,48.4674199,-89.18503,40,2163
3603,48.46726,-89.1851,41,2205
3603,48.46703,-89.18503,42,2212
3603,48.46605,-89.18501,43,2324
3603,48.46561,-89.18508,44,2388
3603,48.4645299,-89.1849899,45,2488
3603,48.4644299,-89.1849799,46,2498
3603,48.4643599,-89.18501,47,2507
3603,48.46432,-89.1851099,48,2513
3603,48.46441,-89.18591,49,2598
3603,48.46435,-89.1862599,50,2609
3603,48.46437,-89.18752,51,2694
3603,48.4643599,-89.1876,52,2700
3603,48.4642999,-89.18769,53,2708
3603,48.4642599,-89.18772,54,2715
3603,48.46384,-89.18776,55,2788
3603,48.4627599,-89.1876699,56,2888
3603,48.46238,-89.18771,57,2945
3603,48.46149,-89.18766,58,3050
3603,48.4611,-89.18771,59,3099
3603,48.4609499,-89.1876499,60,3111
3603,48.46002,-89.18762,61,3223
3603,48.45962,-89.18766,62,3271
3603,48.45848,-89.18759,63,3380
3603,48.45835,-89.18766,64,3404
3603,48.45833,-89.18763,65,3412
3603,48.45752,-89.1875399,66,3508
3603,48.45714,-89.1873,67,3542
3603,48.45716,-89.1872799,68,3549
3603,48.4564,-89.18658,69,3651
3603,48.4561499,-89.18635,70,3676
3603,48.4554999,-89.18579,71,3758
3603,48.45542,-89.18576,72,3769
3603,48.4553299,-89.18583,73,3780
3603,48.4551,-89.18618,74,3845
3603,48.4544799,-89.18737,75,3945
3603,48.45388,-89.1884999,76,4051
3603,48.45322,-89.1897499,77,4165
3603,48.45267,-89.1907899,78,4265
3603,48.45206,-89.1919399,79,4371
3603,48.4514999,-89.19302,80,4472
3603,48.45131,-89.19342,81,4504
3603,48.4512599,-89.1934799,82,4510
3603,48.4507099,-89.1944999,83,4613
3603,48.45053,-89.19483,84,4638
3603,48.4505099,-89.19492,85,4646
3603,48.4497899,-89.19623,86,4770
3603,48.44972,-89.19652,87,4794
3603,48.4495,-89.19679,88,4823
3603,48.4489299,-89.1978899,89,4922
3603,48.4483099,-89.1990399,90,5036
3603,48.44828,-89.19929,91,5067
3603,48.4481199,-89.19944,92,5078
3603,48.4475199,-89.2005099,93,5188
3603,48.44705,-89.20141,94,5267
3603,48.44702,-89.2014999,95,5273
3603,48.4470299,-89.2016599,96,5282
3603,48.44741,-89.20199,97,5323
3603,48.4474199,-89.2020899,98,5333
3603,48.44744,-89.20213,99,5339
3603,48.44814,-89.20298,100,5441
3603,48.44892,-89.20391,101,5550
3603,48.44975,-89.20486,102,5661
3603,48.4502499,-89.20546,103,5732
3603,48.45032,-89.2054399,104,5740
3603,48.4504,-89.20535,105,5751
3603,48.4509699,-89.20424,106,5860
3603,48.45155,-89.20315,107,5961
3603,48.45173,-89.20272,108,5993
3603,48.4523099,-89.2017299,109,6104
3603,48.45293,-89.20053,110,6208
3603,48.45299,-89.20035,111,6244
3603,48.4530999,-89.1999899,112,6254
3603,48.45245,-89.19929,113,6366
3603,48.4516299,-89.1982399,114,6469
3603,48.45155,-89.19816,115,6476
3603,48.45125,-89.1978,116,6520
3603,48.4511999,-89.1977799,117,6526
3603,48.45115,-89.1977799,118,6533
3603,48.45105,-89.1978899,119,6543
3603,48.4505,-89.19899,120,6649
3603,48.45034,-89.19935,121,6681
3603,48.4496,-89.20122,122,6849
3603,48.4491599,-89.20247,123,6949
3603,48.4487999,-89.20349,124,7027
3603,48.44873,-89.20362,125,7042
3603,48.44866,-89.2035999,126,7050
3603,48.44863,-89.2035599,127,7056
3603,48.44853,-89.20349,128,7068
3603,48.44784,-89.20266,129,7171
3603,48.44713,-89.20183,130,7259
3603,48.4470899,-89.20181,131,7269
3603,48.4469599,-89.2016599,132,7287
3603,48.44692,-89.2016599,133,7293
3603,48.44685,-89.2017199,134,7301
3603,48.44618,-89.2031,135,7421
3603,48.44557,-89.2042,136,7535
3603,48.44487,-89.20558,137,7654
3603,48.44471,-89.20584,138,7683
3603,48.44468,-89.20592,139,7693
3603,48.44409,-89.2069799,140,7798
3603,48.44358,-89.20802,141,7882
3603,48.44341,-89.20824,142,7907
3603,48.44338,-89.2083,143,7914
3603,48.44328,-89.20841,144,7928
3603,48.4429599,-89.20899,145,7983
3603,48.44275,-89.20957,146,8031
3603,48.4421399,-89.2107199,147,8147
3603,48.44163,-89.2117,148,8227
3603,48.44159,-89.21173,149,8236
3603,48.44156,-89.2117699,150,8243
3603,48.44098,-89.2129199,151,8345
3603,48.4408899,-89.21304,152,8359
3603,48.44087,-89.2131,153,8366
3603,48.44042,-89.2138999,154,8444
3603,48.44018,-89.21411,155,8467
3603,48.4401099,-89.21419,156,8479
3603,48.43989,-89.2143299,157,8505
3603,48.4395799,-89.21441,158,8540
3603,48.4395099,-89.2144599,159,8550
3603,48.4392899,-89.2148,160,8588
3603,48.4384999,-89.21557,161,8693
3603,48.4383,-89.21586,162,8734
3603,48.4371199,-89.217,163,8874
3603,48.4367299,-89.2174099,164,8928
3603,48.4366199,-89.21746,165,8938
3603,48.43658,-89.2174499,166,8944
3603,48.4364999,-89.21736,167,8954
3603,48.43622,-89.21675,168,9007
3603,48.43612,-89.21665,169,9021
3603,48.43601,-89.21664,170,9032
3603,48.43589,-89.2166899,171,9043
3603,48.43568,-89.21703,172,9120
3604,48.40297,-89.26967,0,0
3604,48.403,-89.26979,1,13
3604,48.403,-89.2701599,2,39
3604,48.40294,-89.27028,3,50
3604,48.40287,-89.27031,4,59
3604,48.4025799,-89.27031,5,90
3604,48.4021199,-89.2705299,6,139
3604,48.40184,-89.27081,7,175
3604,48.40165,-89.27114,8,208
3604,48.40149,-89.2716399,9,252
3604,48.4014399,-89.2735399,10,395
3604,48.4014699,-89.27375,11,409
3604,48.40148,-89.27441,12,453
3604,48.40151,-89.2744999,13,462
3604,48.40168,-89.27455,14,480
3604,48.40266,-89.27449,15,586
3604,48.40309,-89.27447,16,628
3604,48.4041599,-89.2744699,17,729
3604,48.4051399,-89.27435,18,832
3604,48.40612,-89.27441,19,945
3604,48.40623,-89.27437,20,981
3604,48.40739,-89.2744599,21,1083
3604,48.4083299,-89.2744699,22,1187
3604,48.40924,-89.27445,23,1287
3604,48.41031,-89.2744699,24,1408
3604,48.41033,-89.27448,25,1432
3604,48.4115099,-89.27445,26,1548
3604,48.4124599,-89.27445,27,1651
3604,48.4134499,-89.27445,28,1765
3604,48.4143399,-89.27445,29,1865
3604,48.41533,-89.27444,30,1970
3604,48.41544,-89.27442,31,1995
3604,48.4155199,-89.2744599,32,2003
3604,48.4155499,-89.27445,33,2010
3604,48.41645,-89.27445,34,2119
3604,48.41743,-89.27445,35,2226
3604,48.4184,-89.27445,36,2336
3604,48.4193,-89.27444,37,2421
3604,48.4193299,-89.2744299,38,2428
3604,48.42023,-89.2743999,39,2531
3604,48.4212599,-89.27442,40,2646
3604,48.42217,-89.27442,41,2748
3604,48.4230999,-89.2744299,42,2852
3604,48.42383,-89.27438,43,2928
3604,48.4239599,-89.2744299,44,2939
3604,48.42475,-89.27438,45,3027
3604,48.4248099,-89.27436,46,3033
3604,48.42489,-89.2742399,47,3043
3604,48.42492,-89.2741699,48,3051
3604,48.4248799,-89.2725299,49,3169
3604,48.42492,-89.2724599,50,3176
3604,48.4250099,-89.27241,51,3188
3604,48.42578,-89.27241,52,3275
3604,48.4259,-89.2723599,53,3285
3604,48.42595,-89.27231,54,3292
3604,48.42601,-89.27216,55,3303
3604,48.4259899,-89.2707599,56,3408
3604,48.4259599,-89.2702599,57,3442
3604,48.42597,-89.27016,58,3462
3604,48.4259599,-89.2698699,59,3469
3604,48.4259899,-89.26976,60,3478
3604,48.426,-89.26969,61,3485
3604,48.42594,-89.26832,62,3589
3604,48.4258899,-89.26811,63,3603
3604,48.4256999,-89.2677699,64,3636
3604,48.42551,-89.2676099,65,3659
3604,48.42544,-89.26758,66,3669
3604,48.42508,-89.2675999,67,3707
3604,48.42502,-89.2676399,68,3716
3604,48.42459,-89.26765,69,3763
3604,48.42411,-89.26742,70,3820
3604,48.4239,-89.26742,71,3843
3604,48.4236899,-89.2675099,72,3866
3604,48.4233999,-89.26782,73,3902
3604,48.42321,-89.26832,74,3944
3604,48.4231299,-89.2684299,75,3957
3604,48.4229699,-89.26847,76,3975
3604,48.42266,-89.2680999,77,4019
3604,48.42188,-89.26759,78,4111
3604,48.4218199,-89.26752,79,4119
3604,48.4217899,-89.26743,80,4128
3604,48.4217899,-89.26722,81,4142
3604,48.4221,-89.26626,82,4214
3604,48.42213,-89.26621,83,4224
3604,48.42214,-89.26615,84,4232
3604,48.42253,-89.2649799,85,4333
3604,48.42296,-89.2636299,86,4441
3604,48.4233299,-89.2623199,87,4549
3604,48.42345,-89.2618599,88,4579
3604,48.4234299,-89.26177,89,4587
3604,48.4233999,-89.2616899,90,4595
3604,48.42276,-89.2611999,91,4673
3604,48.4226399,-89.26119,92,4685
3604,48.4225799,-89.26122,93,4693
3604,48.42213,-89.26214,94,4773
3604,48.4220799,-89.2622,95,4782
3604,48.4219499,-89.26227,96,4795
3604,48.42144,-89.26211,97,4854
3604,48.4213299,-89.2619299,98,4861
3604,48.42138,-89.26182,99,4871
3604,48.42241,-89.26086,100,4996
3604,48.42265,-89.26083,101,5026
3604,48.4226799,-89.2608399,102,5036
3604,48.4229699,-89.2612099,103,5077
3604,48.4233599,-89.26148,104,5120
3604,48.4235599,-89.2614299,105,5141
3604,48.4240499,-89.2599299,106,5272
3604,48.42444,-89.2584799,107,5385
3604,48.4248099,-89.2572299,108,5491
3604,48.4252299,-89.25583,109,5599
3604,48.42551,-89.25491,110,5661
3604,48.4255299,-89.2546999,111,5668
3604,48.4259899,-89.2532599,112,5788
3604,48.4265,-89.2517799,113,5921
3604,48.42677,-89.25096,114,5978
3604,48.4268,-89.25094,115,5985
3604,48.42723,-89.2497099,116,6090
3604,48.4276599,-89.2484399,117,6192
3604,48.4279,-89.24772,118,6249
3604,48.42792,-89.2477099,119,6255
3604,48.42795,-89.24766,120,6261
3604,48.4283499,-89.24641,121,6370
3604,48.42844,-89.24615,122,6382
3604,48.42889,-89.2439699,123,6551
3604,48.42892,-89.24346,124,6580
3604,48.4289399,-89.24343,125,6586
3604,48.4289399,-89.24337,126,6593
3604,48.42896,-89.24329,127,6602
3604,48.4290699,-89.24185,128,6712
3604,48.4291399,-89.2402899,129,6826
3604,48.42916,-89.23881,130,6931
3604,48.42912,-89.23769,131,7016
3604,48.4290699,-89.2363199,132,7126
3604,48.4288,-89.23533,133,7198
3604,48.42879,-89.2352099,134,7205
3604,48.42841,-89.23384,135,7319
3604,48.42799,-89.23236,136,7421
3604,48.42797,-89.2323799,137,7429
3604,48.42754,-89.2306799,138,7565
3604,48.4275299,-89.2305799,139,7572
3604,48.4275699,-89.23046,140,7585
3604,48.4275999,-89.2304,141,7593
3604,48.42798,-89.22994,142,7643
3604,48.42824,-89.2297299,143,7671
3604,48.4289799,-89.22898,144,7774
3604,48.42979,-89.22809,145,7882
3604,48.42982,-89.2280899,146,7889
3604,48.4306,-89.22734,147,7997
3604,48.43146,-89.2265,148,8112
3604,48.43228,-89.22556,149,8207
3604,48.4323299,-89.2255499,150,8221
3604,48.4329199,-89.2249699,151,8301
3604,48.43293,-89.22486,152,8309
3604,48.4324599,-89.2237899,153,8409
3604,48.43189,-89.22268,154,8504
3604,48.4318599,-89.22258,155,8512
3604,48.43188,-89.22245,156,8524
3604,48.43195,-89.2223,157,8537
3604,48.43266,-89.22154,158,8616
3604,48.4326899,-89.2214799,159,8622
3604,48.43365,-89.22058,160,8750
3604,48.4336999,-89.2204999,161,8762
3604,48.43452,-89.21959,162,8873
3604,48.43467,-89.21943,163,8890
3604,48.43471,-89.21941,164,8897
3604,48.4355399,-89.21852,165,9008
3604,48.43559,-89.21849,166,9014
3604,48.43566,-89.2183999,167,9021
3604,48.4356399,-89.21829,168,9031
3604,48.4354,-89.21786,169,9071
3604,48.43532,-89.2176499,170,9086
3604,48.4353399,-89.21754,171,9092
3604,48.4354,-89.21746,172,9103
3604,48.43549,-89.2174099,173,9113
3604,48.43568,-89.21703,174,9170
3605,48.43568,-89.21703,0,0
3605,48.4353099,-89.2172899,1,21
3605,48.4352799,-89.21737,2,27
3605,48.43529,-89.2174799,3,34
3605,48.43572,-89.2183999,4,117
3605,48.43654,-89.2175799,5,226
3605,48.4366199,-89.2175799,6,236
3605,48.43678,-89.21782,7,260
3605,48.43735,-89.21906,8,367
3605,48.4373799,-89.2190899,9,374
3605,48.4379399,-89.22035,10,487
3605,48.43844,-89.22143,11,590
3605,48.43868,-89.22196,12,631
3605,48.4388,-89.22213,13,653
3605,48.43881,-89.22219,14,660
3605,48.43877,-89.22235,15,669
3605,48.43795,-89.22315,16,772
3605,48.4372,-89.22391,17,835
3605,48.4373099,-89.2238199,18,846
3605,48.43713,-89.22409,19,876
3605,48.43714,-89.2241799,20,884
3605,48.4373199,-89.22443,21,906
3605,48.43736,-89.2245099,22,916
3605,48.4374799,-89.22466,23,933
3605,48.4378,-89.22525,24,994
3605,48.43811,-89.2263399,25,1083
3605,48.43817,-89.22685,26,1110
3605,48.43815,-89.22801,27,1177
3605,48.43798,-89.2285099,28,1216
3605,48.43751,-89.22974,29,1337
3605,48.43747,-89.2297899,30,1343
3605,48.43742,-89.22991,31,1356
3605,48.4373499,-89.2302,32,1380
3605,48.43736,-89.23043,33,1401
3605,48.43782,-89.23213,34,1536
3605,48.4379999,-89.23283,35,1587
3605,48.4380399,-89.23292,36,1596
3605,48.43828,-89.2338,37,1693
3605,48.4382999,-89.23384,38,1700
3605,48.43861,-89.23509,39,1803
3605,48.4388899,-89.2363899,40,1907
3605,48.4391,-89.23697,41,1955
3605,48.43954,-89.2384199,42,2065
3605,48.43961,-89.23871,43,2088
3605,48.43995,-89.2400599,44,2197
3605,48.44001,-89.24028,45,2217
3605,48.4400099,-89.2402599,46,2224
3605,48.44045,-89.24197,47,2355
3605,48.4404699,-89.2419399,48,2363
3605,48.44077,-89.24326,49,2467
3605,48.44084,-89.24458,50,2569
3605,48.4409599,-89.2454099,51,2629
3605,48.4411199,-89.24582,52,2664
3605,48.44137,-89.2461399,53,2700
3605,48.44147,-89.24622,54,2714
3605,48.44194,-89.24633,55,2756
3605,48.442,-89.24641,56,2765
3605,48.44291,-89.24677,57,2877
3605,48.44365,-89.24704,58,2969
3605,48.4437199,-89.24704,59,2977
3605,48.44472,-89.24752,60,3096
3605,48.4447299,-89.24754,61,3104
3605,48.4456199,-89.2480099,62,3212
3605,48.4465099,-89.2484699,63,3318
3605,48.44725,-89.249,64,3397
3605,48.4482,-89.24977,65,3521
3605,48.44912,-89.2504099,66,3626
3605,48.45006,-89.25114,67,3742
3605,48.45078,-89.25186,68,3841
3605,48.45168,-89.254,69,4027
3605,48.45188,-89.25446,70,4064
3605,48.45187,-89.2545099,71,4071
3605,48.45237,-89.25591,72,4191
3605,48.4527,-89.2567999,73,4263
3605,48.4527799,-89.25685,74,4272
3605,48.4529099,-89.2568099,75,4285
3605,48.4531299,-89.2566,76,4314
3605,48.45359,-89.25565,77,4402
3605,48.45418,-89.25452,78,4510
3605,48.45436,-89.2541799,79,4534
3605,48.45497,-89.25285,80,4656
3605,48.45513,-89.25255,81,4666
3605,48.45519,-89.25232,82,4681
3605,48.4552399,-89.2513199,83,4759
3605,48.45519,-89.2509899,84,4782
3605,48.45479,-89.24957,85,4917
3605,48.4548,-89.2494799,86,4924
3605,48.45479,-89.24941,87,4930
3605,48.45479,-89.2492199,88,4944
3605,48.45496,-89.2485599,89,4998
3605,48.45502,-89.24845,90,5010
3605,48.45519,-89.24791,91,5050
3605,48.45525,-89.2479399,92,5059
3605,48.45575,-89.24688,93,5162
3605,48.45622,-89.2458,94,5247
3605,48.4563199,-89.2457799,95,5253
3605,48.45702,-89.24458,96,5376
3605,48.45752,-89.24336,97,5476
3605,48.45756,-89.24333,98,5486
3605,48.4579999,-89.2426599,99,5561
3605,48.45817,-89.24252,100,5584
3605,48.45844,-89.2424299,101,5616
3605,48.45938,-89.2424599,102,5717
3605,48.45971,-89.24238,103,5743
3605,48.4600599,-89.2424899,104,5750
3605,48.46017,-89.24248,105,5764
3605,48.46087,-89.2420399,106,5843
3605,48.46222,-89.24189,107,6023
3605,48.46244,-89.2419999,108,6033
3605,48.4632399,-89.24205,109,6119
3605,48.4633,-89.24201,110,6126
3605,48.46333,-89.2419399,111,6132
3605,48.4633399,-89.24185,112,6140
3605,48.46328,-89.24141,113,6190
3605,48.4633099,-89.2412799,114,6200
3605,48.4633399,-89.23979,115,6318
3605,48.46332,-89.23866,116,6432
3605,48.46336,-89.2383899,117,6448
3605,48.4633799,-89.23696,118,6554
3605,48.4633799,-89.23684,119,6563
3605,48.46332,-89.2366799,120,6573
3605,48.46326,-89.23664,121,6580
3605,48.46269,-89.23667,122,6640
3605,48.46182,-89.23663,123,6740
3605,48.46151,-89.23661,124,6767
3605,48.461,-89.2366,125,6828
3605,48.4605499,-89.23684,126,6884
3605,48.46031,-89.23681,127,6911
3605,48.4600299,-89.2368199,128,6921
3605,48.45932,-89.23634,129,7029
3605,48.4591099,-89.23618,130,7035
3605,48.4590499,-89.23608,131,7047
3605,48.459,-89.2359599,132,7053
3605,48.45896,-89.2356999,133,7078
3605,48.45896,-89.23556,134,7089
3605,48.45922,-89.23455,135,7182
3605,48.4595999,-89.2338999,136,7227
3605,48.45978,-89.2337899,137,7245
3605,48.45988,-89.2337599,138,7258
3605,48.46044,-89.23382,139,7334
3605,48.46053,-89.23405,140,7343
3605,48.46061,-89.2341199,141,7353
3605,48.46104,-89.23474,142,7394
3606,48.44317,-89.25745,0,0
3606,48.4434899,-89.2578899,1,48
3606,48.44351,-89.258,2,56
3606,48.44351,-89.2580799,3,62
3606,48.44291,-89.25926,4,174
3606,48.4424399,-89.26001,5,245
3606,48.44172,-89.2610099,6,353
3606,48.4414499,-89.26142,7,396
3606,48.4414199,-89.26145,8,403
3606,48.4413199,-89.26148,9,413
3606,48.44113,-89.26138,10,436
3606,48.44038,-89.26057,11,539
3606,48.43983,-89.26003,12,604
3606,48.4389499,-89.25905,13,704
3606,48.43838,-89.25851,14,805
3606,48.4374399,-89.25747,15,909
3606,48.43665,-89.25665,16,1017
3606,48.43639,-89.25639,17,1077
3606,48.4356999,-89.25564,18,1181
3606,48.43486,-89.25476,19,1291
3606,48.4341,-89.25401,20,1385
3606,48.4340699,-89.25393,21,1394
3606,48.43349,-89.2533,22,1474
3606,48.4325499,-89.25299,23,1588
3606,48.4316999,-89.2527399,24,1683
3606,48.43076,-89.25278,25,1779
3606,48.4297299,-89.25276,26,1880
3606,48.42883,-89.25275,27,1984
3606,48.42873,-89.25284,28,2009
3606,48.4284899,-89.25276,29,2017
3606,48.4275999,-89.25275,30,2117
3606,48.4266399,-89.2527299,31,2223
3606,48.42634,-89.2527299,32,2251
3606,48.4262799,-89.25269,33,2258
3606,48.42624,-89.25258,34,2266
3606,48.42677,-89.25096,35,2423
3606,48.4268,-89.25094,36,2430
3606,48.42723,-89.2497099,37,2535
3606,48.4276599,-89.2484399,38,2637
3606,48.4279,-89.24772,39,2694
3606,48.42792,-89.2477099,40,2700
3606,48.42795,-89.24766,41,2706
3606,48.4283499,-89.24641,42,2815
3606,48.42844,-89.24615,43,2827
3606,48.42889,-89.2439699,44,2996
3606,48.42892,-89.24346,45,3025
3606,48.4289399,-89.24343,46,3031
3606,48.4289399,-89.24337,47,3038
3606,48.42896,-89.24329,48,3047
3606,48.4290699,-89.24185,49,3157
3606,48.4291399,-89.2402899,50,3271
3606,48.42916,-89.23881,51,3376
3606,48.42912,-89.23769,52,3461
3606,48.4290699,-89.2363199,53,3571
3606,48.4288,-89.23533,54,3643
3606,48.4288099,-89.23525,55,3650
3606,48.4287799,-89.23519,56,3656
3606,48.42844,-89.23387,57,3758
3606,48.42823,-89.2330699,58,3826
3606,48.42828,-89.2329699,59,3838
3606,48.42862,-89.23261,60,3885
3606,48.42978,-89.23149,61,4025
3606,48.4301,-89.23109,62,4060
3606,48.43015,-89.23108,63,4069
3606,48.4309,-89.23033,64,4172
3606,48.43162,-89.22954,65,4261
3606,48.43166,-89.22947,66,4271
3606,48.43235,-89.22879,67,4371
3606,48.4333,-89.22781,68,4483
3606,48.43402,-89.22705,69,4583
3606,48.43474,-89.22631,70,4672
3606,48.43487,-89.2261799,71,4695
3606,48.4348799,-89.22607,72,4703
3606,48.43431,-89.22481,73,4815
3606,48.43397,-89.22407,74,4866
3606,48.43398,-89.2241499,75,4877
3606,48.4334799,-89.2229999,76,4980
3606,48.4329,-89.22177,77,5086
3606,48.43283,-89.2216199,78,5099
3606,48.4328199,-89.2214899,79,5107
3606,48.43287,-89.22137,80,5116
3606,48.43373,-89.22048,81,5237
3606,48.43452,-89.21959,82,5340
3606,48.43467,-89.21943,83,5357
3606,48.43471,-89.21941,84,5364
3606,48.4355399,-89.21852,85,5475
3606,48.43559,-89.21849,86,5481
3606,48.43566,-89.2183999,87,5488
3606,48.4356399,-89.21829,88,5498
3606,48.4354,-89.21786,89,5538
3606,48.43532,-89.2176499,90,5553
3606,48.4353399,-89.21754,91,5559
3606,48.4354,-89.21746,92,5570
3606,48.43549,-89.2174099,93,5580
3606,48.43568,-89.21703,94,5637
3608,48.40349,-89.2433,0,0
3608,48.4032399,-89.24339,1,28
3608,48.40316,-89.2433499,2,39
3608,48.4031099,-89.24323,3,49
3608,48.4029499,-89.2423599,4,107
3608,48.40289,-89.24221,5,122
3608,48.4028499,-89.24218,6,129
3608,48.4017999,-89.24205,7,245
3608,48.40172,-89.24202,8,253
3608,48.4016399,-89.2420399,9,263
3608,48.40159,-89.2421599,10,273
3608,48.40151,-89.2429,11,339
3608,48.40136,-89.24346,12,377
3608,48.40069,-89.24474,13,491
3608,48.40066,-89.2448299,14,497
3608,48.4006199,-89.2452499,15,525
3608,48.40064,-89.24537,16,536
3608,48.40074,-89.24544,17,547
3608,48.4016399,-89.2454499,18,660
3608,48.4028,-89.24541,19,751
3608,48.4037299,-89.24544,20,857
3608,48.40467,-89.24542,21,964
3608,48.4057099,-89.24544,22,1065
3608,48.4065599,-89.2454099,23,1165
3608,48.40755,-89.2454199,24,1271
3608,48.40852,-89.24543,25,1383
3608,48.40922,-89.24546,26,1457
3608,48.41008,-89.24547,27,1560
3608,48.41061,-89.24543,28,1613
3608,48.41067,-89.24546,29,1620
3608,48.41084,-89.24544,30,1641
3608,48.41169,-89.2449499,31,1745
3608,48.41254,-89.24432,32,1853
3608,48.41333,-89.24375,33,1956
3608,48.4142399,-89.24311,34,2057
3608,48.41503,-89.24249,35,2153
3608,48.41599,-89.24183,36,2278
3608,48.4161099,-89.24175,37,2287
3608,48.41705,-89.24102,38,2400
3608,48.41707,-89.2410199,39,2408
3608,48.41793,-89.24041,40,2522
3608,48.41879,-89.23976,41,2616
3608,48.4197499,-89.2391099,42,2725
3608,48.42023,-89.23872,43,2799
3608,48.42138,-89.23805,44,2939
3608,48.4216299,-89.23788,45,2969
3608,48.4217499,-89.2378699,46,2984
3608,48.4218599,-89.2379599,47,2997
3608,48.42201,-89.2381599,48,3018
3608,48.42214,-89.23825,49,3033
3608,48.42355,-89.2383299,50,3200
3608,48.4245099,-89.2383199,51,3301
3608,48.4254599,-89.23835,52,3402
3608,48.4262799,-89.2383299,53,3502
3608,48.42718,-89.23824,54,3596
3608,48.4272699,-89.2383,55,3607
3608,48.4280599,-89.23831,56,3693
3608,48.4281199,-89.23838,57,3699
3608,48.4281199,-89.23972,58,3797
3608,48.42811,-89.23979,59,3804
3608,48.4281199,-89.2399699,60,3817
3608,48.4281,-89.2402599,61,3836
3608,48.4281199,-89.2406199,62,3861
3608,48.42811,-89.2407499,63,3870
3608,48.4280599,-89.24083,64,3880
3608,48.4280199,-89.2408499,65,3886
3608,48.4270099,-89.2408499,66,3990
3608,48.4261,-89.24083,67,4096
3608,48.42518,-89.24083,68,4199
3608,48.42463,-89.24083,69,4256
3608,48.42359,-89.24087,70,4375
3608,48.42265,-89.24083,71,4485
3608,48.42194,-89.2409,72,4578
3608,48.42165,-89.2408499,73,4609
3608,48.4216199,-89.2409,74,4615
3608,48.42161,-89.24232,75,4722
3608,48.42136,-89.24328,76,4787
3608,48.4212999,-89.2433499,77,4797
3608,48.4210299,-89.24409,78,4864
3608,48.4209299,-89.24485,79,4919
3608,48.42091,-89.24629,80,5025
3608,48.42095,-89.24657,81,5062
3608,48.42088,-89.24816,82,5169
3608,48.4209,-89.24967,83,5268
3608,48.42085,-89.24966,84,5278
3608,48.4208099,-89.25135,85,5400
3608,48.4208399,-89.2519199,86,5448
3608,48.42099,-89.2527299,87,5504
3608,48.42099,-89.25285,88,5513
3608,48.42095,-89.25294,89,5520
3608,48.4201499,-89.25373,90,5634
3608,48.41968,-89.25466,91,5719
3608,48.4191899,-89.25626,92,5846
3608,48.41875,-89.2571999,93,5932
3608,48.4180099,-89.25797,94,6034
3608,48.4175199,-89.2582,95,6094
3608,48.4164399,-89.2582499,96,6205
3608,48.4155899,-89.25824,97,6298
3608,48.41553,-89.2581499,98,6309
3608,48.41551,-89.2580899,99,6316
3608,48.41553,-89.2548999,100,6548
3608,48.41553,-89.25476,101,6555
3608,48.4155499,-89.2546399,102,6569
3608,48.4156499,-89.25459,103,6579
3608,48.41616,-89.25451,104,6609
3608,48.4160399,-89.2545399,105,6618
3608,48.4163699,-89.2545799,106,6656
3608,48.4166399,-89.25449,107,6687
3608,48.4174199,-89.25368,108,6790
3608,48.4175,-89.2536499,109,6800
3608,48.4175499,-89.25367,110,6808
3608,48.41776,-89.25392,111,6836
3608,48.4177899,-89.254,112,6842
3608,48.41819,-89.25446,113,6905
3608,48.41879,-89.25483,114,6994
3608,48.4191599,-89.25515,115,7015
3608,48.4193299,-89.25521,116,7036
3608,48.4194,-89.25518,117,7044
3608,48.41944,-89.2551299,118,7051
3608,48.4197,-89.25432,119,7118
3608,48.42027,-89.25338,120,7214
3608,48.42092,-89.25286,121,7290
3608,48.42138,-89.25266,122,7342
3608,48.42142,-89.25269,123,7353
3608,48.4223499,-89.25271,124,7458
3608,48.42332,-89.25269,125,7564
3608,48.42366,-89.25268,126,7596
3608,48.42368,-89.2526699,127,7602
3608,48.4246,-89.2527299,128,7713
3608,48.42562,-89.25275,129,7821
3608,48.4260899,-89.2527299,130,7867
3608,48.4261599,-89.2527699,131,7874
3608,48.4261899,-89.25281,132,7881
3608,48.4262199,-89.2528999,133,7888
3608,48.42621,-89.2530999,134,7901
3608,48.42592,-89.25401,135,7977
3608,48.4258299,-89.25416,136,7989
3608,48.42531,-89.2558199,137,8122
3608,48.4249099,-89.2571999,138,8236
3608,48.4245,-89.2585799,139,8351
3608,48.4241,-89.25994,140,8458
3608,48.42368,-89.26126,141,8566
3608,48.42358,-89.2616299,142,8593
3608,48.4234899,-89.2617299,143,8604
3608,48.4234299,-89.26172,144,8611
3608,48.42272,-89.2611999,145,8698
3608,48.4226099,-89.2612099,146,8708
3608,48.42256,-89.26125,147,8715
3608,48.42211,-89.2621599,148,8796
3608,48.42206,-89.26221,149,8803
3608,48.42196,-89.2622599,150,8814
3608,48.42184,-89.2622599,151,8829
3608,48.42144,-89.26211,152,8849
3615,48.36516,-89.28197,0,0
3615,48.36511,-89.28232,1,16
3615,48.36515,-89.28366,2,123
3615,48.36511,-89.2839199,3,140
3615,48.3650999,-89.28537,4,249
3615,48.36516,-89.28573,5,292
3615,48.3651299,-89.28577,6,298
3615,48.36509,-89.28709,7,399
3615,48.36515,-89.28841,8,496
3615,48.3650999,-89.28879,9,521
3615,48.36511,-89.28886,10,529
3615,48.3650999,-89.2895599,11,584
3615,48.3650699,-89.2895999,12,592
3615,48.3649699,-89.2896599,13,599
3615,48.36423,-89.28956,14,698
3615,48.36335,-89.28952,15,798
3615,48.3623399,-89.28952,16,907
3615,48.3620499,-89.28951,17,934
3615,48.36112,-89.28952,18,1043
3615,48.3601499,-89.2894999,19,1144
3615,48.3596199,-89.28955,20,1208
3615,48.35908,-89.2898599,21,1277
3615,48.3586299,-89.2904499,22,1339
3615,48.35846,-89.29108,23,1402
3615,48.35826,-89.29141,24,1417
3615,48.3578,-89.2926799,25,1521
3615,48.3573199,-89.29398,26,1626
3615,48.35711,-89.29479,27,1710
3615,48.35694,-89.29517,28,1726
3615,48.35691,-89.29664,29,1836
3615,48.35698,-89.2971,30,1894
3615,48.3569199,-89.29867,31,1994
3615,48.3569199,-89.30015,32,2109
3615,48.35697,-89.30087,33,2174
3615,48.3569199,-89.30262,34,2279
3615,48.3569199,-89.3040699,35,2391
3615,48.3569199,-89.30554,36,2495
3615,48.35694,-89.30596,37,2523
3615,48.3569899,-89.3060399,38,2529
3615,48.35708,-89.3060799,39,2541
3615,48.35715,-89.30594,40,2570
3615,48.35744,-89.30605,41,2576
3615,48.3591899,-89.30603,42,2769
3615,48.36012,-89.30605,43,2872
3615,48.3602099,-89.30616,44,2885
3615,48.36023,-89.3063099,45,2895
3615,48.3602099,-89.3069999,46,2941
3615,48.36002,-89.3083,47,3041
3615,48.35983,-89.30948,48,3136
3615,48.3593899,-89.31184,49,3317
3615,48.3590899,-89.31269,50,3389
3615,48.35865,-89.3134299,51,3465
3615,48.35825,-89.31384,52,3514
3615,48.3578399,-89.31411,53,3567
3615,48.35546,-89.31429,54,3833
3615,48.35468,-89.31429,55,3914
3615,48.35375,-89.3143,56,4016
3615,48.35306,-89.3143499,57,4097
3615,48.35291,-89.3144399,58,4110
3615,48.3528299,-89.31453,59,4122
3615,48.35278,-89.3147,60,4135
3615,48.35278,-89.31485,61,4148
3615,48.35352,-89.31876,62,4468
3615,48.35375,-89.32041,63,4575
3615,48.3538799,-89.32171,64,4676
3615,48.35395,-89.32323,65,4792
3615,48.3540099,-89.32438,66,4868
3615,48.35405,-89.32469,67,4919
3615,48.35409,-89.32635,68,5021
3615,48.35415,-89.32789,69,5131
3615,48.3542,-89.32822,70,5173
3615,48.3542399,-89.3298699,71,5276
3615,48.3543,-89.33036,72,5339
3615,48.3543399,-89.3319099,73,5441
3615,48.35442,-89.33302,74,5542
3615,48.35448,-89.3346999,75,5649
3615,48.35471,-89.3360099,76,5743
3615,48.35503,-89.3374599,77,5861
3615,48.3551,-89.33765,78,5898
3615,48.3554199,-89.33914,79,5998
3615,48.3557399,-89.3405699,80,6108
3615,48.35593,-89.34124,81,6174
3615,48.35626,-89.3428999,82,6282
3615,48.35656,-89.34397,83,6391
3615,48.35659,-89.3443499,84,6399
3615,48.3568999,-89.34575,85,6511
3615,48.3570199,-89.3468,86,6591
3615,48.35698,-89.34823,87,6696
3615,48.35697,-89.3493,88,6793
3615,48.35695,-89.35089,89,6893
3615,48.3569199,-89.35097,90,6901
3615,48.35688,-89.35103,91,6908
3615,48.35655,-89.3510799,92,6944
3615,48.35641,-89.35116,93,6959
3615,48.35596,-89.3516699,94,7023
3615,48.3556499,-89.3517699,95,7061
3615,48.3554799,-89.3517699,96,7072
3615,48.3551599,-89.35163,97,7116
3615,48.35501,-89.3514999,98,7133
3615,48.35449,-89.3507199,99,7215
3615,48.3541699,-89.3505499,100,7253
3615,48.35385,-89.35054,101,7290
3615,48.35353,-89.3506799,102,7327
3615,48.3533799,-89.3508099,103,7343
3615,48.35311,-89.35125,104,7385
3615,48.35303,-89.35158,105,7410
3615,48.3529899,-89.35329,106,7538
3615,48.35294,-89.3534799,107,7552
3615,48.35281,-89.35373,108,7576
3615,48.3526199,-89.35389,109,7599
3615,48.35255,-89.35392,110,7609
3615,48.35114,-89.35398,111,7766
3615,48.3508199,-89.35409,112,7799
3615,48.3499999,-89.35464,113,7899
3615,48.34906,-89.3555799,114,8031
3615,48.34857,-89.35588,115,8086
3615,48.34792,-89.3559999,116,8162
3615,48.34779,-89.3559699,117,8171
3615,48.34765,-89.35589,118,8189
3615,48.34749,-89.35573,119,8214
3615,48.34739,-89.3555,120,8235
3615,48.34733,-89.35497,121,8273
3615,48.3472099,-89.3546299,122,8300
3615,48.3472099,-89.35455,123,8306
3615,48.34723,-89.35441,124,8314
3615,48.34725,-89.35435,125,8320
3615,48.3472799,-89.3542899,126,8326
3615,48.34735,-89.3542299,127,8334
3615,48.34731,-89.35428,128,8359
3615,48.34742,-89.35468,129,8367
3615,48.34735,-89.35506,130,8398
3615,48.3473699,-89.3553799,131,8421
3615,48.34753,-89.35575,132,8449
3615,48.34758,-89.35582,133,8458
3615,48.34794,-89.35599,134,8497
3615,48.34802,-89.35599,135,8507
3615,48.3488499,-89.3557099,136,8602
3615,48.34979,-89.3547199,137,8732
3615,48.35077,-89.3539999,138,8851
3615,48.3511799,-89.35388,139,8895
3615,48.3516699,-89.35388,140,8949
3615,48.3517399,-89.35386,141,8959
3615,48.3525299,-89.35388,142,9049
3615,48.35268,-89.35381,143,9064
3615,48.35281,-89.35368,144,9080
3615,48.3529199,-89.35349,145,9102
3615,48.35297,-89.35326,146,9118
3615,48.35298,-89.35172,147,9235
3615,48.3530199,-89.3514699,148,9252
3615,48.35314,-89.35113,149,9279
3615,48.3533099,-89.35084,150,9308
3615,48.3536099,-89.3505799,151,9347
3615,48.35385,-89.35048,152,9374
3615,48.35428,-89.35054,153,9421
3615,48.35452,-89.35071,154,9455
3615,48.3548899,-89.3512699,155,9507
3615,48.35495,-89.3513699,156,9519
3615,48.35518,-89.3515999,157,9548
3615,48.3553499,-89.3516999,158,9573
3615,48.3557099,-89.3517299,159,9608
3615,48.3558,-89.35171,160,9620
3615,48.35613,-89.35149,161,9662
3615,48.35639,-89.3511499,162,9701
3615,48.35646,-89.35109,163,9707
3615,48.35677,-89.351,164,9741
3615,48.3569299,-89.3510399,165,9757
3615,48.35703,-89.35161,166,9822
3615,48.35714,-89.35332,167,9925
3615,48.3572599,-89.35478,168,10040
3615,48.35733,-89.35497,169,10063
3615,48.35743,-89.3566599,170,10181
3615,48.35755,-89.35741,171,10249
3615,48.35766,-89.3593799,172,10379
3615,48.35779,-89.3609199,173,10493
3615,48.35786,-89.36105,174,10524
3615,48.35796,-89.36278,175,10630
3615,48.3580699,-89.36422,176,10742
3615,48.3582,-89.3656799,177,10855
3615,48.35828,-89.36584,178,10880
3615,48.35825,-89.36623,179,10888
3615,48.35838,-89.3676599,180,10998
3615,48.3584999,-89.36909,181,11100
3615,48.35851,-89.3692599,182,11108
3615,48.3586399,-89.37069,183,11219
3615,48.35879,-89.37172,184,11314
3615,48.3587599,-89.3720599,185,11322
3615,48.3588899,-89.3734999,186,11433
3615,48.3590299,-89.37496,187,11539
3615,48.3591599,-89.3764499,188,11653
3615,48.3592899,-89.37795,189,11758
3615,48.3594199,-89.3792399,190,11858
3615,48.3595499,-89.38071,191,11964
3615,48.3596899,-89.38221,192,12081
3615,48.35988,-89.38305,193,12153
3615,48.35984,-89.3834799,194,12169
3615,48.35996,-89.38481,195,12271
3615,48.3600799,-89.38632,196,12379
3615,48.3602,-89.38773,197,12480
3615,48.3602699,-89.38842,198,12528
3615,48.3603099,-89.38855,199,12539
3615,48.36038,-89.38861,200,12546
3615,48.3616199,-89.3885599,201,12688
3615,48.36235,-89.38855,202,12765
3615,48.3624699,-89.38851,203,12778
3615,48.36234,-89.38849,204,12798
3615,48.36249,-89.3881699,205,12807
3615,48.3624699,-89.38675,206,12908
3615,48.3624799,-89.3854099,207,13011
3615,48.3624699,-89.38524,208,13019
3615,48.3624699,-89.38373,209,13138
3615,48.3624699,-89.38232,210,13238
3615,48.3624699,-89.3819699,211,13261
3615,48.36242,-89.38168,212,13308
3615,48.36246,-89.37998,213,13413
3615,48.36246,-89.37854,214,13524
3615,48.36241,-89.37736,215,13626
3615,48.3624699,-89.377,216,13641
3615,48.36246,-89.3755599,217,13744
3615,48.36246,-89.37414,218,13852
3615,48.36246,-89.3726,219,13964
3615,48.36244,-89.3725,220,13986
3615,48.36246,-89.37096,221,14089
3615,48.36246,-89.3693999,222,14201
3615,48.36242,-89.36828,223,14304
3615,48.36245,-89.36671,224,14404
3615,48.36245,-89.36531,225,14511
3615,48.3624399,-89.36396,226,14615
3615,48.36245,-89.3624299,227,14725
3615,48.36242,-89.36128,228,14827
3615,48.3624399,-89.3596499,229,14929
3615,48.36245,-89.35821,230,15040
3615,48.3624399,-89.35677,231,15143
3615,48.3624399,-89.3553,232,15255
3615,48.36245,-89.3538699,233,15356
3615,48.36248,-89.35291,234,15426
3615,48.36246,-89.35136,235,15531
3615,48.36246,-89.34998,236,15637
3615,48.36246,-89.3483599,237,15752
3615,48.36246,-89.34699,238,15854
3615,48.36246,-89.34604,239,15918
3615,48.3624699,-89.3459599,240,15925
3615,48.3625699,-89.3458599,241,15936
3615,48.3628,-89.34583,242,15979
3615,48.3644099,-89.3458899,243,16133
3615,48.3657199,-89.3458899,244,16278
3615,48.36706,-89.34588,245,16430
3615,48.3680899,-89.34584,246,16539
3615,48.36827,-89.3458899,247,16558
3615,48.3683199,-89.3459199,248,16567
3615,48.3684,-89.34608,249,16582
3615,48.3684199,-89.3480899,250,16727
3615,48.36839,-89.34833,251,16744
3615,48.3683499,-89.3484,252,16751
3615,48.36824,-89.3484899,253,16763
3615,48.36692,-89.3484499,254,16912
3615,48.36561,-89.34846,255,17059
3615,48.3653999,-89.34846,256,17080
3615,48.36532,-89.3484899,257,17094
3615,48.36394,-89.34847,258,17245
3615,48.36264,-89.34853,259,17414
3615,48.3624699,-89.3488199,260,17422
3615,48.3624799,-89.35021,261,17531
3615,48.3624799,-89.35171,262,17640
3615,48.36251,-89.35252,263,17725
3615,48.3624699,-89.3545199,264,17860
3615,48.3624699,-89.3559399,265,17964
3615,48.3624799,-89.35681,266,18021
3615,48.3624699,-89.3582399,267,18134
3615,48.3624699,-89.3595499,268,18223
3615,48.3624699,-89.36087,269,18319
3615,48.36253,-89.3610199,270,18331
3615,48.36262,-89.36104,271,18340
3615,48.36355,-89.36097,272,18465
3615,48.3646399,-89.3609899,273,18568
3615,48.36551,-89.36098,274,18670
3615,48.3664099,-89.3609599,275,18776
3615,48.36657,-89.36096,276,18815
3615,48.3677299,-89.36095,277,18919
3615,48.3685499,-89.3609599,278,19020
3615,48.36962,-89.3609599,279,19136
3615,48.37054,-89.36097,280,19240
3615,48.37145,-89.3609599,281,19342
3615,48.37154,-89.36093,282,19367
3615,48.37274,-89.36097,283,19468
3615,48.3736299,-89.3609599,284,19571
3615,48.37447,-89.3609,285,19690
3615,48.3755699,-89.36095,286,19797
3615,48.3765499,-89.36095,287,19901
3615,48.37752,-89.36095,288,20011
3615,48.37764,-89.36089,289,20035
3615,48.37873,-89.36095,290,20135
3615,48.37966,-89.36095,291,20235
3615,48.38038,-89.36089,292,20333
3615,48.3808199,-89.3609299,293,20359
3615,48.3808899,-89.3608899,294,20369
3615,48.3809499,-89.36082,295,20379
3615,48.3810499,-89.36061,296,20397
3615,48.38123,-89.35923,297,20507
3615,48.38143,-89.3576099,298,20630
3615,48.3815799,-89.35619,299,20733
3615,48.3817399,-89.3547499,300,20848
3615,48.38172,-89.3533,301,20948
3615,48.3816799,-89.3530199,302,20961
3615,48.3813799,-89.3516399,303,21075
3615,48.3811,-89.35057,304,21150
3615,48.38103,-89.35039,305,21188
3615,48.3808499,-89.34889,306,21295
3615,48.38084,-89.3483599,307,21319
3615,48.38083,-89.3470099,308,21437
3615,48.38083,-89.3453399,309,21558
3615,48.38084,-89.3439199,310,21660
3615,48.38084,-89.34249,311,21772
3615,48.38084,-89.3422,312,21785
3615,48.38078,-89.34208,313,21810
3615,48.38084,-89.34029,314,21915
3615,48.38083,-89.33882,315,22028
3615,48.38081,-89.33806,316,22090
3615,48.3808199,-89.33635,317,22210
3615,48.38083,-89.33501,318,22304
3615,48.38079,-89.33498,319,22327
3615,48.38081,-89.33487,320,22338
3615,48.38083,-89.3336199,321,22439
3615,48.3808,-89.33226,322,22541
3615,48.38075,-89.33131,323,22627
3615,48.3807899,-89.3297399,324,22732
3615,48.3808,-89.32832,325,22844
3615,48.38081,-89.32747,326,22894
3615,48.3808199,-89.3257999,327,23027
3615,48.3808199,-89.3241999,328,23142
3615,48.3808199,-89.3232,329,23209
3615,48.38079,-89.3221,330,23306
3615,48.3808499,-89.3216699,331,23328
3615,48.38083,-89.3201199,332,23441
3615,48.38084,-89.3190699,333,23513
3615,48.38083,-89.31764,334,23621
3615,48.38084,-89.31621,335,23728
3615,48.3808,-89.31557,336,23789
3615,48.38081,-89.3139199,337,23899
3615,48.38078,-89.3124799,338,24007
3615,48.38078,-89.31102,339,24109
3615,48.3807599,-89.30885,340,24270
3615,48.38074,-89.30845,341,24324
3615,48.38077,-89.3083099,342,24330
3615,48.38077,-89.3070899,343,24432
3615,48.38078,-89.30566,344,24534
3615,48.38078,-89.30533,345,24554
3615,48.38074,-89.30479,346,24592
3615,48.38075,-89.3030499,347,24697
3615,48.3807199,-89.3016799,348,24801
3615,48.38074,-89.2999099,349,24929
3615,48.38077,-89.2986,350,25031
3615,48.38077,-89.29713,351,25139
3615,48.38078,-89.29612,352,25228
3615,48.38077,-89.2943599,353,25355
3615,48.38078,-89.2927,354,25474
3615,48.38078,-89.2925499,355,25485
3615,48.38077,-89.29247,356,25493
3615,48.38077,-89.29112,357,25594
3615,48.38077,-89.2897599,358,25688
3615,48.3807599,-89.2896899,359,25694
3615,48.38068,-89.28962,360,25704
3615,48.38014,-89.28961,361,25759
3615,48.3800999,-89.2896299,362,25766
3615,48.37924,-89.28962,363,25868
3615,48.37826,-89.28961,364,25968
3615,48.37824,-89.28962,365,25975
3615,48.37821,-89.28961,366,25981
3615,48.37722,-89.28961,367,26095
3615,48.3763299,-89.28961,368,26197
3615,48.37569,-89.28967,369,26261
3615,48.37451,-89.28961,370,26366
3615,48.3735299,-89.28961,371,26482
3615,48.37265,-89.28969,372,26597
3615,48.3715699,-89.2897299,373,26697
3615,48.37064,-89.2897299,374,26806
3615,48.3696299,-89.2896999,375,26914
3615,48.3694699,-89.28968,376,26930
3615,48.36942,-89.28964,377,26938
3615,48.36938,-89.28949,378,26950
3615,48.3693999,-89.28859,379,27021
3615,48.36938,-89.2884499,380,27036
3615,48.36939,-89.2881,381,27074
3615,48.36941,-89.28639,382,27181
3615,48.36939,-89.28547,383,27267
3615,48.36941,-89.2836199,384,27375
3615,48.36941,-89.2821499,385,27486
3615,48.36939,-89.28187,386,27521
3615,48.3692999,-89.2815199,387,27531
3615,48.36919,-89.2815599,388,27542
3615,48.3674899,-89.28157,389,27729
3615,48.36741,-89.28161,390,27764
3615,48.3673699,-89.28163,391,27773
3615,48.36646,-89.28157,392,27877
3615,48.36594,-89.2816,393,27928
3615,48.36516,-89.28197,394,28026
3616,48.38247,-89.24602,0,0
3616,48.3821299,-89.2455499,1,14
3616,48.3820999,-89.24556,2,20
3616,48.38088,-89.24556,3,151
3616,48.3808499,-89.2456499,4,157
3616,48.38088,-89.2457499,5,163
3616,48.3809,-89.2459099,6,174
3616,48.3809,-89.2463999,7,210
3616,48.3809199,-89.24655,8,219
3616,48.381,-89.2466299,9,227
3616,48.38189,-89.24658,10,330
3616,48.38244,-89.24661,11,387
3616,48.38248,-89.24671,12,395
3616,48.3824999,-89.24812,13,502
3616,48.38256,-89.24942,14,597
3616,48.3825299,-89.2495,15,605
3616,48.3824999,-89.2508999,16,708
3616,48.3824999,-89.2510599,17,719
3616,48.38249,-89.25114,18,726
3616,48.38256,-89.25182,19,771
3616,48.38254,-89.25184,20,779
3616,48.38248,-89.2544699,21,976
3616,48.38248,-89.25591,22,1077
3616,48.38249,-89.2565099,23,1123
3616,48.3824599,-89.2566099,24,1132
3616,48.3823999,-89.2566799,25,1141
3616,48.38123,-89.25678,26,1277
3616,48.38103,-89.2567,27,1290
3616,48.38005,-89.25669,28,1404
3616,48.37904,-89.2566799,29,1516
3616,48.3780999,-89.2566799,30,1617
3616,48.37781,-89.25672,31,1672
3616,48.3777399,-89.25669,32,1679
3616,48.3768499,-89.2566399,33,1785
3616,48.37615,-89.25672,34,1856
3616,48.37496,-89.25665,35,1992
3616,48.3743899,-89.2566699,36,2051
3616,48.37434,-89.2567699,37,2061
3616,48.37441,-89.25764,38,2150
3616,48.3743599,-89.25784,39,2162
3616,48.3743299,-89.2592299,40,2269
3616,48.37441,-89.25984,41,2312
3616,48.37437,-89.26011,42,2330
3616,48.37434,-89.2612999,43,2411
3616,48.3743199,-89.26139,44,2419
3616,48.37424,-89.2614699,45,2427
3616,48.37332,-89.26145,46,2532
3616,48.37247,-89.2614399,47,2618
3616,48.37181,-89.26151,48,2696
3616,48.37172,-89.26148,49,2719
3616,48.37083,-89.26146,50,2824
3616,48.36987,-89.26145,51,2933
3616,48.36875,-89.26153,52,3045
3616,48.3686099,-89.2614699,53,3051
3616,48.3684199,-89.2614699,54,3068
3616,48.36836,-89.2614999,55,3082
3616,48.36833,-89.26162,56,3090
3616,48.3683499,-89.263,57,3193
3616,48.3683499,-89.26391,58,3251
3616,48.36842,-89.26436,59,3312
3616,48.36839,-89.2644499,60,3319
3616,48.3683799,-89.26451,61,3327
3616,48.36836,-89.2658599,62,3436
3616,48.36837,-89.2673699,63,3541
3616,48.3684,-89.26763,64,3582
3616,48.36839,-89.26762,65,3589
3616,48.36836,-89.2691,66,3702
3616,48.36836,-89.2695799,67,3734
3616,48.36842,-89.26991,68,3755
3616,48.36836,-89.27024,69,3762
3616,48.3683499,-89.2715799,70,3860
3616,48.36836,-89.27275,71,3942
3616,48.36833,-89.2728199,72,3948
3616,48.3683,-89.2728599,73,3955
3616,48.36803,-89.27294,74,4004
3616,48.36712,-89.27287,75,4108
3616,48.36613,-89.27285,76,4215
3616,48.36565,-89.27293,77,4264
3616,48.3654899,-89.27288,78,4284
3616,48.36514,-89.2729,79,4320
3616,48.3650999,-89.27298,80,4328
3616,48.36508,-89.27304,81,4334
3616,48.36515,-89.27391,82,4411
3616,48.36509,-89.2743999,83,4447
3616,48.36516,-89.27557,84,4548
3616,48.36511,-89.2759,85,4559
3616,48.3650999,-89.27733,86,4666
3616,48.36516,-89.27816,87,4725
3616,48.36512,-89.2782999,88,4737
3616,48.36511,-89.27848,89,4747
3616,48.3650999,-89.27851,90,4754
3616,48.36509,-89.2799199,91,4865
3616,48.3650999,-89.28147,92,4968
3616,48.36516,-89.28197,93,5021
3616,48.36511,-89.28232,94,5037
3616,48.36515,-89.28366,95,5144
3616,48.36511,-89.2839199,96,5161
3616,48.3650999,-89.28537,97,5270
3616,48.36516,-89.28573,98,5313
3616,48.3651299,-89.28577,99,5319
3616,48.36509,-89.28709,100,5420
3616,48.36515,-89.28841,101,5517
3616,48.3650999,-89.28879,102,5542
3616,48.36511,-89.28886,103,5550
3616,48.3650999,-89.2895599,104,5605
3616,48.3650699,-89.2895999,105,5613
3616,48.3649699,-89.2896599,106,5620
3616,48.36423,-89.28956,107,5719
3616,48.36335,-89.28952,108,5819
3616,48.3623399,-89.28952,109,5928
3616,48.3620499,-89.28951,110,5955
3616,48.36112,-89.28952,111,6064
3616,48.3601499,-89.2894999,112,6165
3616,48.3596199,-89.28955,113,6229
3616,48.35908,-89.2898599,114,6298
3616,48.3586299,-89.2904499,115,6360
3616,48.35846,-89.29108,116,6423
3616,48.35826,-89.29141,117,6438
3616,48.3578,-89.2926799,118,6542
3616,48.3573199,-89.29398,119,6647
3616,48.35711,-89.29479,120,6731
3616,48.35694,-89.29517,121,6747
3616,48.35691,-89.29664,122,6857
3616,48.35698,-89.2971,123,6915
3616,48.3569199,-89.29867,124,7015
3616,48.3569199,-89.30015,125,7130
3616,48.35697,-89.30087,126,7195
3616,48.3569199,-89.30262,127,7300
3616,48.3569199,-89.3040699,128,7412
3616,48.3569199,-89.30554,129,7516
3616,48.35694,-89.30596,130,7544
3616,48.3569899,-89.3060399,131,7550
3616,48.35708,-89.3060799,132,7562
3616,48.35715,-89.30594,133,7591
3616,48.35744,-89.30605,134,7597
3616,48.3591899,-89.30603,135,7790
3616,48.36012,-89.30605,136,7893
3616,48.3602099,-89.30616,137,7906
3616,48.36023,-89.3063099,138,7916
3616,48.3602099,-89.3069999,139,7962
3616,48.36002,-89.3083,140,8062
3616,48.35983,-89.30948,141,8157
3616,48.3593899,-89.31184,142,8338
3616,48.3590899,-89.31269,143,8410
3616,48.35865,-89.3134299,144,8486
3616,48.35825,-89.31384,145,8535
3616,48.3578399,-89.31411,146,8588
3616,48.35546,-89.31429,147,8854
3616,48.35468,-89.31429,148,8935
3616,48.35375,-89.3143,149,9037
3616,48.35306,-89.3143499,150,9118
3616,48.35291,-89.3144399,151,9131
3616,48.3528299,-89.31453,152,9143
3616,48.35278,-89.3147,153,9156
3616,48.35278,-89.31485,154,9169
3616,48.35352,-89.31876,155,9489
3616,48.35375,-89.32041,156,9596
3616,48.3538799,-89.32171,157,9697
3616,48.35395,-89.32323,158,9813
3616,48.3540099,-89.32438,159,9889
3616,48.35405,-89.32469,160,9940
3616,48.35409,-89.32635,161,10042
3616,48.35415,-89.32789,162,10152
3616,48.3542,-89.32822,163,10194
3616,48.3542399,-89.3298699,164,10297
3616,48.3543,-89.33036,165,10360
3616,48.3543399,-89.3319099,166,10462
3616,48.35442,-89.33302,167,10563
3616,48.35448,-89.3346999,168,10670
3616,48.35471,-89.3360099,169,10764
3616,48.35503,-89.3374599,170,10882
3616,48.3551,-89.33765,171,10919
3616,48.3554199,-89.33914,172,11019
3616,48.3557399,-89.3405699,173,11129
3616,48.35593,-89.34124,174,11195
3616,48.35626,-89.3428999,175,11303
3616,48.35656,-89.34397,176,11412
3616,48.35659,-89.3443499,177,11420
3616,48.3568999,-89.34575,178,11532
3616,48.3570199,-89.3468,179,11612
3616,48.35698,-89.34823,180,11717
3616,48.35697,-89.3493,181,11814
3616,48.35695,-89.35089,182,11914
3616,48.3569199,-89.35097,183,11922
3616,48.35688,-89.35103,184,11929
3616,48.35655,-89.3510799,185,11965
3616,48.35641,-89.35116,186,11980
3616,48.35596,-89.3516699,187,12044
3616,48.3556499,-89.3517699,188,12082
3616,48.3554799,-89.3517699,189,12093
3616,48.3551599,-89.35163,190,12137
3616,48.35501,-89.3514999,191,12154
3616,48.35449,-89.3507199,192,12236
3616,48.3541699,-89.3505499,193,12274
3616,48.35385,-89.35054,194,12311
3616,48.35353,-89.3506799,195,12348
3616,48.3533799,-89.3508099,196,12364
3616,48.35311,-89.35125,197,12406
3616,48.35303,-89.35158,198,12431
3616,48.3529899,-89.35329,199,12559
3616,48.35294,-89.3534799,200,12573
3616,48.35281,-89.35373,201,12597
3616,48.3526199,-89.35389,202,12620
3616,48.35255,-89.35392,203,12630
3616,48.35114,-89.35398,204,12787
3616,48.3508199,-89.35409,205,12820
3616,48.3499999,-89.35464,206,12920
3616,48.34906,-89.3555799,207,13052
3616,48.34857,-89.35588,208,13107
3616,48.34792,-89.3559999,209,13183
3616,48.34779,-89.3559699,210,13192
3616,48.34765,-89.35589,211,13210
3616,48.34749,-89.35573,212,13235
3616,48.34739,-89.3555,213,13256
3616,48.34733,-89.35497,214,13294
3616,48.3472099,-89.3546299,215,13321
3616,48.3472099,-89.35455,216,13327
3616,48.34723,-89.35441,217,13335
3616,48.34725,-89.35435,218,13341
3616,48.3472799,-89.3542899,219,13347
3616,48.34735,-89.3542299,220,13355
3616,48.34731,-89.35428,221,13380
3616,48.34742,-89.35468,222,13388
3616,48.34735,-89.35506,223,13419
3616,48.3473699,-89.3553799,224,13442
3616,48.34753,-89.35575,225,13470
3616,48.34758,-89.35582,226,13479
3616,48.34794,-89.35599,227,13518
3616,48.34802,-89.35599,228,13528
3616,48.3488499,-89.3557099,229,13623
3616,48.34979,-89.3547199,230,13753
3616,48.35077,-89.3539999,231,13872
3616,48.3511799,-89.35388,232,13916
3616,48.3516699,-89.35388,233,13970
3616,48.3517399,-89.35386,234,13980
3616,48.3525299,-89.35388,235,14070
3616,48.35268,-89.35381,236,14085
3616,48.35281,-89.35368,237,14101
3616,48.3529199,-89.35349,238,14123
3616,48.35297,-89.35326,239,14139
3616,48.35298,-89.35172,240,14256
3616,48.3530199,-89.3514699,241,14273
3616,48.35314,-89.35113,242,14300
3616,48.3533099,-89.35084,243,14329
3616,48.3536099,-89.3505799,244,14368
3616,48.35385,-89.35048,245,14395
3616,48.35428,-89.35054,246,14442
3616,48.35452,-89.35071,247,14476
3616,48.3548899,-89.3512699,248,14528
3616,48.35495,-89.3513699,249,14540
3616,48.35518,-89.3515999,250,14569
3616,48.3553499,-89.3516999,251,14594
3616,48.3557099,-89.3517299,252,14629
3616,48.3558,-89.35171,253,14641
3616,48.35613,-89.35149,254,14683
3616,48.35639,-89.3511499,255,14722
3616,48.35646,-89.35109,256,14728
3616,48.35677,-89.351,257,14762
3616,48.3569299,-89.3510399,258,14778
3616,48.35703,-89.35161,259,14843
3616,48.35714,-89.35332,260,14946
3616,48.3572599,-89.35478,261,15061
3616,48.35733,-89.35497,262,15084
3616,48.35743,-89.3566599,263,15202
3616,48.35755,-89.35741,264,15270
3616,48.35766,-89.3593799,265,15400
3616,48.35779,-89.3609199,266,15514
3616,48.35786,-89.36105,267,15545
3616,48.35796,-89.36278,268,15651
3616,48.3580699,-89.36422,269,15763
3616,48.3582,-89.3656799,270,15876
3616,48.35828,-89.36584,271,15901
3616,48.35825,-89.36623,272,15909
3616,48.35838,-89.3676599,273,16019
3616,48.3584999,-89.36909,274,16121
3616,48.35851,-89.3692599,275,16129
3616,48.3586399,-89.37069,276,16240
3616,48.35879,-89.37172,277,16335
3616,48.3587599,-89.3720599,278,16343
3616,48.3588899,-89.3734999,279,16454
3616,48.3590299,-89.37496,280,16560
3616,48.3591599,-89.3764499,281,16674
3616,48.3592899,-89.37795,282,16779
3616,48.3594199,-89.3792399,283,16879
3616,48.3595499,-89.38071,284,16985
3616,48.3596899,-89.38221,285,17102
3616,48.35988,-89.38305,286,17174
3616,48.35984,-89.3834799,287,17190
3616,48.35996,-89.38481,288,17292
3616,48.3600799,-89.38632,289,17400
3616,48.3602,-89.38773,290,17501
3616,48.3602699,-89.38842,291,17549
3616,48.3603099,-89.38855,292,17560
3616,48.36038,-89.38861,293,17567
3616,48.3616199,-89.3885599,294,17709
3616,48.36235,-89.38855,295,17786
3616,48.3624699,-89.38851,296,17799
3616,48.36234,-89.38849,297,17819
3616,48.36249,-89.3881699,298,17828
3616,48.3624699,-89.38675,299,17929
3616,48.3624799,-89.3854099,300,18032
3616,48.3624699,-89.38524,301,18040
3616,48.3624699,-89.38373,302,18159
3616,48.3624699,-89.38232,303,18259
3616,48.3624699,-89.3819699,304,18282
3616,48.36242,-89.38168,305,18329
3616,48.36246,-89.37998,306,18434
3616,48.36246,-89.37854,307,18545
3616,48.36241,-89.37736,308,18647
3616,48.3624699,-89.377,309,18662
3616,48.36246,-89.3755599,310,18765
3616,48.36246,-89.37414,311,18873
3616,48.36246,-89.3726,312,18985
3616,48.36244,-89.3725,313,19007
3616,48.36246,-89.37096,314,19110
3616,48.36246,-89.3693999,315,19222
3616,48.36242,-89.36828,316,19325
3616,48.36245,-89.36671,317,19425
3616,48.36245,-89.36531,318,19532
3616,48.3624399,-89.36396,319,19636
3616,48.36245,-89.3624299,320,19746
3616,48.36242,-89.36128,321,19848
3616,48.3624399,-89.3596499,322,19950
3616,48.36245,-89.35821,323,20061
3616,48.3624399,-89.35677,324,20164
3616,48.3624399,-89.3553,325,20276
3616,48.36245,-89.3538699,326,20377
3616,48.36248,-89.35291,327,20447
3616,48.36246,-89.35136,328,20552
3616,48.36246,-89.34998,329,20658
3616,48.36246,-89.3483599,330,20773
3616,48.36246,-89.34699,331,20875
3616,48.36246,-89.34604,332,20939
3616,48.3624699,-89.3459599,333,20946
3616,48.3625699,-89.3458599,334,20957
3616,48.3628,-89.34583,335,21000
3616,48.3644099,-89.3458899,336,21154
3616,48.3657199,-89.3458899,337,21299
3616,48.36706,-89.34588,338,21451
3616,48.3680899,-89.34584,339,21560
3616,48.36827,-89.3458899,340,21579
3616,48.3683199,-89.3459199,341,21588
3616,48.3684,-89.34608,342,21603
3616,48.3684199,-89.3480899,343,21748
3616,48.36839,-89.34833,344,21765
3616,48.3683499,-89.3484,345,21772
3616,48.36824,-89.3484899,346,21784
3616,48.36692,-89.3484499,347,21933
3616,48.36561,-89.34846,348,22080
3616,48.3653999,-89.34846,349,22101
3616,48.36532,-89.3484899,350,22115
3616,48.36394,-89.34847,351,22266
3616,48.36264,-89.34853,352,22435
3616,48.3624699,-89.3488199,353,22443
3616,48.3624799,-89.35021,354,22552
3616,48.3624799,-89.35171,355,22661
3616,48.36251,-89.35252,356,22746
3616,48.3624699,-89.3545199,357,22881
3616,48.3624699,-89.3559399,358,22985
3616,48.3624799,-89.35681,359,23042
3616,48.3624699,-89.3582399,360,23155
3616,48.3624699,-89.3595499,361,23244
3616,48.3624699,-89.36087,362,23340
3616,48.36253,-89.3610199,363,23352
3616,48.36262,-89.36104,364,23361
3616,48.36355,-89.36097,365,23486
3616,48.3646399,-89.3609899,366,23589
3616,48.36551,-89.36098,367,23691
3616,48.3664099,-89.3609599,368,23797
3616,48.36657,-89.36096,369,23836
3616,48.3677299,-89.36095,370,23940
3616,48.3685499,-89.3609599,371,24041
3616,48.36962,-89.3609599,372,24157
3616,48.37054,-89.36097,373,24261
3616,48.37145,-89.3609599,374,24363
3616,48.37154,-89.36093,375,24388
3616,48.37274,-89.36097,376,24489
3616,48.3736299,-89.3609599,377,24592
3616,48.37447,-89.3609,378,24711
3616,48.3755699,-89.36095,379,24818
3616,48.3765499,-89.36095,380,24922
3616,48.37752,-89.36095,381,25032
3616,48.37764,-89.36089,382,25056
3616,48.37873,-89.36095,383,25156
3616,48.37966,-89.36095,384,25256
3616,48.38038,-89.36089,385,25354
3616,48.3808199,-89.3609299,386,25380
3616,48.3808899,-89.3608899,387,25390
3616,48.3809499,-89.36082,388,25400
3616,48.3810499,-89.36061,389,25418
3616,48.38123,-89.35923,390,25528
3616,48.38143,-89.3576099,391,25651
3616,48.3815799,-89.35619,392,25754
3616,48.3817399,-89.3547499,393,25869
3616,48.38172,-89.3533,394,25969
3616,48.3816799,-89.3530199,395,25982
3616,48.3813799,-89.3516399,396,26096
3616,48.3811,-89.35057,397,26171
3616,48.38103,-89.35039,398,26209
3616,48.3808499,-89.34889,399,26316
3616,48.38084,-89.3483599,400,26340
3616,48.38083,-89.3470099,401,26458
3616,48.38083,-89.3453399,402,26579
3616,48.38084,-89.3439199,403,26681
3616,48.38084,-89.34249,404,26793
3616,48.38084,-89.3422,405,26806
3616,48.38078,-89.34208,406,26831
3616,48.38084,-89.34029,407,26936
3616,48.38083,-89.33882,408,27049
3616,48.38081,-89.33806,409,27111
3616,48.3808199,-89.33635,410,27231
3616,48.38083,-89.33501,411,27325
3616,48.38079,-89.33498,412,27348
3616,48.38081,-89.33487,413,27359
3616,48.38083,-89.3336199,414,27460
3616,48.3808,-89.33226,415,27562
3616,48.38075,-89.33131,416,27648
3616,48.3807899,-89.3297399,417,27753
3616,48.3808,-89.32832,418,27865
3616,48.38081,-89.32747,419,27915
3616,48.3808199,-89.3257999,420,28048
3616,48.3808199,-89.3241999,421,28163
3616,48.3808199,-89.3232,422,28230
3616,48.38079,-89.3221,423,28327
3616,48.3808499,-89.3216699,424,28349
3616,48.38083,-89.3201199,425,28462
3616,48.38084,-89.3190699,426,28534
3616,48.38083,-89.31764,427,28642
3616,48.38084,-89.31621,428,28749
3616,48.3808,-89.31557,429,28810
3616,48.38081,-89.3139199,430,28920
3616,48.38078,-89.3124799,431,29028
3616,48.38078,-89.31102,432,29130
3616,48.3807599,-89.30885,433,29291
3616,48.38074,-89.30845,434,29345
3616,48.38077,-89.3083099,435,29351
3616,48.38077,-89.3070899,436,29453
3616,48.38078,-89.30566,437,29555
3616,48.38078,-89.30533,438,29575
3616,48.38074,-89.30479,439,29613
3616,48.38075,-89.3030499,440,29718
3616,48.3807199,-89.3016799,441,29822
3616,48.38074,-89.2999099,442,29950
3616,48.38077,-89.2986,443,30052
3616,48.38077,-89.29713,444,30160
3616,48.38078,-89.29612,445,30249
3616,48.38077,-89.2943599,446,30376
3616,48.38078,-89.2927,447,30495
3616,48.38078,-89.2925499,448,30506
3616,48.38077,-89.29247,449,30514
3616,48.38077,-89.29112,450,30615
3616,48.38077,-89.2897599,451,30709
3616,48.3807599,-89.2896899,452,30715
3616,48.38068,-89.28962,453,30725
3616,48.38014,-89.28961,454,30780
3616,48.3800999,-89.2896299,455,30787
3616,48.37924,-89.28962,456,30889
3616,48.37826,-89.28961,457,30989
3616,48.37824,-89.28962,458,30996
3616,48.37821,-89.28961,459,31002
3616,48.37722,-89.28961,460,31116
3616,48.3763299,-89.28961,461,31218
3616,48.37569,-89.28967,462,31282
3616,48.37451,-89.28961,463,31387
3616,48.3735299,-89.28961,464,31503
3616,48.37265,-89.28969,465,31618
3616,48.3715699,-89.2897299,466,31718
3616,48.37064,-89.2897299,467,31827
3616,48.3696299,-89.2896999,468,31935
3616,48.3694699,-89.28968,469,31951
3616,48.36942,-89.28964,470,31959
3616,48.36938,-89.28949,471,31971
3616,48.3693999,-89.28859,472,32042
3616,48.36938,-89.2884499,473,32057
3616,48.36939,-89.2881,474,32095
3616,48.36941,-89.28639,475,32202
3616,48.36939,-89.28547,476,32288
3616,48.36941,-89.2836199,477,32396
3616,48.36941,-89.2821499,478,32507
3616,48.36939,-89.28187,479,32542
3616,48.3692999,-89.2815199,480,32552
3616,48.36919,-89.2815599,481,32563
3616,48.3674899,-89.28157,482,32750
3616,48.36741,-89.28161,483,32785
3616,48.3673699,-89.28163,484,32794
3616,48.36646,-89.28157,485,32898
3616,48.36594,-89.2816,486,32949
3616,48.36516,-89.28197,487,33047
3617,48.40297,-89.26967,0,0
3617,48.40296,-89.26969,1,7
3617,48.403,-89.26986,2,19
3617,48.40299,-89.27021,3,42
3617,48.40293,-89.2702699,4,52
3617,48.40247,-89.2703299,5,102
3617,48.4020899,-89.2705599,6,150
3617,48.40181,-89.27087,7,186
3617,48.4016999,-89.27107,8,205
3617,48.40166,-89.2710899,9,212
3617,48.40156,-89.27107,10,221
3617,48.4014999,-89.27103,11,229
3617,48.40136,-89.27083,12,251
3617,48.40093,-89.27061,13,297
3617,48.4009,-89.27058,14,303
3617,48.4008499,-89.27047,15,317
3617,48.4006,-89.2690099,16,424
3617,48.4006,-89.26891,17,433
3617,48.40057,-89.26873,18,450
3617,48.4004899,-89.26861,19,462
3617,48.4004199,-89.26857,20,470
3617,48.40028,-89.2686,21,483
3617,48.39994,-89.26883,22,517
3617,48.39932,-89.2688,23,586
3617,48.39919,-89.2688499,24,601
3617,48.39915,-89.26907,25,619
3617,48.3991699,-89.2703999,26,722
3617,48.39916,-89.27189,27,828
3617,48.39923,-89.27326,28,928
3617,48.39928,-89.27405,29,980
3617,48.39926,-89.27413,30,988
3617,48.39926,-89.27546,31,1095
3617,48.3993299,-89.27629,32,1152
3617,48.39963,-89.27715,33,1225
3617,48.4002199,-89.27842,34,1337
3617,48.40031,-89.27872,35,1359
3617,48.4004,-89.27984,36,1442
3617,48.40037,-89.28025,37,1468
3617,48.4003899,-89.28032,38,1479
3617,48.4003899,-89.28161,39,1593
3617,48.4003899,-89.28318,40,1700
3617,48.40038,-89.28369,41,1721
3617,48.40037,-89.2837599,42,1727
3617,48.40037,-89.28384,43,1735
3617,48.40038,-89.2838799,44,1741
3617,48.4003899,-89.2851599,45,1842
3617,48.40038,-89.2869,46,1953
3617,48.40038,-89.2868699,47,1960
3617,48.40038,-89.28692,48,1966
3617,48.4003899,-89.2869699,49,1973
3617,48.4003899,-89.28775,50,2040
3617,48.4003,-89.2883499,51,2080
3617,48.4002,-89.28862,52,2101
3617,48.4000199,-89.2890099,53,2143
3617,48.3998599,-89.2892299,54,2164
3617,48.3994699,-89.28952,55,2212
3617,48.39888,-89.2896,56,2255
3617,48.39887,-89.28961,57,2262
3617,48.3978599,-89.2895999,58,2381
3617,48.3969,-89.2895999,59,2486
3617,48.39646,-89.28959,60,2527
3617,48.3964,-89.28961,61,2539
3617,48.39548,-89.28961,62,2643
3617,48.39489,-89.28958,63,2700
3617,48.39479,-89.28961,64,2714
3617,48.39387,-89.28959,65,2823
3617,48.39292,-89.2895999,66,2923
3617,48.39261,-89.28967,67,2960
3617,48.3925699,-89.2896299,68,2967
3617,48.39161,-89.2895999,69,3073
3617,48.39051,-89.28968,70,3185
3617,48.3904699,-89.28965,71,3192
3617,48.3902099,-89.2896299,72,3217
3617,48.38921,-89.28961,73,3334
3617,48.38823,-89.28961,74,3440
3617,48.38762,-89.2896,75,3527
3617,48.3875499,-89.2896299,76,3533
3617,48.3866599,-89.2895999,77,3635
3617,48.38569,-89.28961,78,3742
3617,48.3854199,-89.2895999,79,3766
3617,48.38453,-89.28959,80,3882
3617,48.3835099,-89.28961,81,3992
3617,48.3825599,-89.28959,82,4099
3617,48.38155,-89.2896,83,4209
3617,48.38149,-89.2896299,84,4218
3617,48.38057,-89.2896299,85,4319
3617,48.38014,-89.28961,86,4363
3617,48.3800999,-89.2896299,87,4370
3617,48.37924,-89.28962,88,4472
3617,48.37826,-89.28961,89,4572
3617,48.37824,-89.28962,90,4579
3617,48.37821,-89.28961,91,4585
3617,48.37722,-89.28961,92,4699
3617,48.3763299,-89.28961,93,4801
3617,48.37569,-89.28967,94,4865
3617,48.37558,-89.2895999,95,4876
3617,48.3746499,-89.28954,96,4977
3617,48.3743599,-89.28955,97,5015
3617,48.3743299,-89.28952,98,5022
3617,48.37427,-89.2892999,99,5035
3617,48.37427,-89.2878299,100,5147
3617,48.37427,-89.2864,101,5253
3617,48.37427,-89.28624,102,5260
3617,48.37427,-89.28607,103,5300
3617,48.37427,-89.2845699,104,5415
3617,48.3742899,-89.28273,105,5556
3617,48.37431,-89.28201,106,5603
3617,48.3742899,-89.2819199,107,5614
3617,48.37428,-89.2815199,108,5640
3617,48.37425,-89.2813299,109,5658
3617,48.3742899,-89.27987,110,5773
3617,48.37426,-89.27905,111,5823
3617,48.37427,-89.27888,112,5836
3617,48.37428,-89.2788299,113,5842
3617,48.37428,-89.2787299,114,5851
3617,48.37427,-89.27865,115,5858
3617,48.3742599,-89.27718,116,5963
3617,48.37425,-89.27577,117,6072
3617,48.37419,-89.27521,118,6115
3617,48.37424,-89.27484,119,6130
3617,48.3742299,-89.2732899,120,6244
3617,48.37418,-89.27327,121,6266
3617,48.3742,-89.2732499,122,6272
3617,48.3742,-89.2731899,123,6280
3617,48.3742299,-89.27304,124,6299
3617,48.37419,-89.27204,125,6390
3617,48.37421,-89.2720099,126,6397
3617,48.37424,-89.27028,127,6527
3617,48.37431,-89.26858,128,6648
3617,48.3743,-89.26727,129,6751
3617,48.37432,-89.26596,130,6844
3617,48.3743,-89.26582,131,6856
3617,48.3743,-89.26576,132,6862
3617,48.37431,-89.26569,133,6869
3617,48.37431,-89.26465,134,6962
3617,48.3743199,-89.2629399,135,7065
3617,48.37432,-89.26216,136,7139
3617,48.3743,-89.2620599,137,7148
3617,48.3743199,-89.26194,138,7157
3617,48.37431,-89.26187,139,7163
3617,48.3743,-89.2604499,140,7271
3617,48.37432,-89.25922,141,7352
3617,48.3743,-89.25921,142,7365
3617,48.37431,-89.25778,143,7470
3617,48.37431,-89.25627,144,7581
3617,48.3743,-89.25485,145,7685
3617,48.37431,-89.25414,146,7727
3617,48.3743,-89.25409,147,7733
3617,48.37431,-89.2527699,148,7834
3617,48.37431,-89.2524699,149,7853
3617,48.37431,-89.25186,150,7896
3617,48.3743,-89.2518199,151,7904
3617,48.3743,-89.25174,152,7910
3617,48.3743199,-89.2515899,153,7919
3617,48.3743,-89.2513,154,7939
3617,48.37431,-89.25124,155,7946
3617,48.37438,-89.2510899,156,7960
3617,48.37506,-89.25037,157,8081
3617,48.3751399,-89.25035,158,8091
3617,48.37591,-89.2496199,159,8194
3617,48.3760899,-89.24944,160,8219
3617,48.37614,-89.24941,161,8226
3617,48.37666,-89.24885,162,8326
3617,48.37766,-89.2479,163,8436
3617,48.37775,-89.24782,164,8442
3617,48.3786199,-89.24772,165,8545
3617,48.37907,-89.24766,166,8612
3617,48.38047,-89.2477,167,8742
3617,48.38062,-89.24768,168,8789
3617,48.3806899,-89.24769,169,8798
3617,48.38083,-89.24767,170,8817
3617,48.3808499,-89.24754,171,8830
3617,48.3808499,-89.24678,172,8880
3617,48.3808899,-89.24664,173,8889
3617,48.38098,-89.2465699,174,8897
3617,48.38193,-89.2465699,175,9005
3617,48.38247,-89.24602,176,9043
3618,48.40349,-89.2433,0,0
3618,48.4032399,-89.24339,1,28
3618,48.40316,-89.2433499,2,39
3618,48.4031099,-89.24323,3,49
3618,48.4029499,-89.2423599,4,107
3618,48.40289,-89.24221,5,122
3618,48.4028499,-89.24218,6,129
3618,48.4017999,-89.24205,7,245
3618,48.40172,-89.24202,8,253
3618,48.4016399,-89.2420399,9,263
3618,48.40159,-89.2421599,10,273
3618,48.40151,-89.2429,11,339
3618,48.40136,-89.24346,12,377
3618,48.40069,-89.24474,13,491
3618,48.40066,-89.2448299,14,497
3618,48.4006199,-89.2452499,15,525
3618,48.40064,-89.24537,16,536
3618,48.40074,-89.24544,17,547
3618,48.4016399,-89.2454499,18,660
3618,48.4028,-89.24541,19,751
3618,48.4037299,-89.24544,20,857
3618,48.40467,-89.24542,21,964
3618,48.4057099,-89.24544,22,1065
3618,48.4065599,-89.2454099,23,1165
3618,48.40755,-89.2454199,24,1271
3618,48.40852,-89.24543,25,1383
3618,48.40922,-89.24546,26,1457
3618,48.41008,-89.24547,27,1560
3618,48.41061,-89.24543,28,1613
3618,48.4106899,-89.2454799,29,1627
3618,48.41157,-89.24508,30,1746
3618,48.4124699,-89.2444699,31,1856
3618,48.41333,-89.24386,32,1949
3618,48.4134,-89.2438699,33,1957
3618,48.4135,-89.24399,34,1969
3618,48.4135199,-89.24409,35,1979
3618,48.41346,-89.2455199,36,2090
3618,48.41348,-89.24616,37,2115
3618,48.4134899,-89.24619,38,2121
3618,48.4134799,-89.2462299,39,2127
3618,48.41334,-89.24736,40,2219
3618,48.41318,-89.2478399,41,2252
3618,48.4126899,-89.2490299,42,2366
3618,48.41235,-89.24985,43,2452
3618,48.4119799,-89.2508999,44,2525
3618,48.41193,-89.25128,45,2550
3618,48.41193,-89.2514499,46,2558
3618,48.41192,-89.25234,47,2644
3618,48.4119,-89.2539,48,2758
3618,48.41189,-89.25541,49,2865
3618,48.41192,-89.25634,50,2949
3618,48.4118399,-89.2566799,51,2956
3618,48.41182,-89.2581,52,3060
3618,48.4118,-89.2582,53,3069
3618,48.41169,-89.25833,54,3082
3618,48.41163,-89.2583499,55,3090
3618,48.41075,-89.25833,56,3192
3618,48.41048,-89.25833,57,3209
3618,48.40966,-89.25833,58,3300
3618,48.40895,-89.25835,59,3399
3618,48.4078999,-89.25834,60,3499
3618,48.4069499,-89.25837,61,3600
3618,48.4058299,-89.25837,62,3726
3618,48.4048799,-89.25836,63,3842
3618,48.40407,-89.25831,64,3908
3618,48.40412,-89.25834,65,3917
3618,48.40312,-89.2583,66,4037
3618,48.40287,-89.2583,67,4053
3618,48.4018599,-89.2583,68,4168
3618,48.40089,-89.2583,69,4278
3618,48.4001,-89.2583499,70,4362
3618,48.4000299,-89.25847,71,4370
3618,48.40007,-89.25935,72,4432
3618,48.40005,-89.2594599,73,4440
3618,48.4000299,-89.26073,74,4542
3618,48.4000299,-89.26122,75,4570
3618,48.4000199,-89.2626,76,4667
3618,48.39982,-89.26404,77,4787
3618,48.39942,-89.26536,78,4891
3618,48.39919,-89.2666499,79,4991
3618,48.39916,-89.26759,80,5050
3618,48.3991699,-89.2685299,81,5124
3618,48.3992099,-89.2686899,82,5133
3618,48.3992999,-89.2687599,83,5143
3618,48.39992,-89.26877,84,5212
3618,48.40032,-89.26851,85,5257
3618,48.4003499,-89.26854,86,5268
3618,48.4004199,-89.26857,87,5278
3618,48.4005,-89.26863,88,5287
3618,48.4005899,-89.26894,89,5312
3618,48.4006,-89.26914,90,5325
3618,48.4008099,-89.27008,91,5399
3618,48.4008399,-89.2704299,92,5421
3618,48.40087,-89.2704899,93,5428
3618,48.4009499,-89.27058,94,5438
3618,48.4012999,-89.27074,95,5482
3618,48.40145,-89.27088,96,5501
3618,48.40158,-89.2711,97,5518
3618,48.4016699,-89.2711,98,5529
3618,48.40175,-89.2709199,99,5544
3618,48.4019899,-89.27061,100,5581
3618,48.4022299,-89.27044,101,5608
3618,48.40234,-89.27028,102,5629
3618,48.4024,-89.27012,103,5639
3618,48.40243,-89.2700699,104,5645
3618,48.40248,-89.26989,105,5659
3618,48.4026,-89.26969,106,5677
3618,48.40297,-89.26967,107,5698
3618,48.40296,-89.26969,108,5705
3618,48.403,-89.26986,109,5717
3618,48.40299,-89.27021,110,5740
3618,48.40293,-89.2702699,111,5750
3618,48.40247,-89.2703299,112,5800
3618,48.4020899,-89.2705599,113,5848
3618,48.40181,-89.27087,114,5884
3618,48.4016999,-89.27107,115,5903
3618,48.40166,-89.2710899,116,5910
3618,48.40156,-89.27107,117,5919
3618,48.4014999,-89.27103,118,5927
3618,48.40136,-89.27083,119,5949
3618,48.40093,-89.27061,120,5995
3618,48.4009,-89.27058,121,6001
3618,48.4008499,-89.27047,122,6015
3618,48.4006,-89.2690099,123,6122
3618,48.4006,-89.26891,124,6131
3618,48.40057,-89.26873,125,6148
3618,48.4004899,-89.26861,126,6160
3618,48.4004199,-89.26857,127,6168
3618,48.40028,-89.2686,128,6181
3618,48.39994,-89.26883,129,6215
3618,48.39932,-89.2688,130,6284
3618,48.39919,-89.2688499,131,6299
3618,48.39915,-89.26907,132,6317
3618,48.3991699,-89.2703999,133,6420
3618,48.39916,-89.27189,134,6526
3618,48.39923,-89.27326,135,6626
3618,48.39928,-89.27405,136,6678
3618,48.39926,-89.27413,137,6686
3618,48.39926,-89.27546,138,6793
3618,48.3993299,-89.27629,139,6850
3618,48.39963,-89.27715,140,6923
3618,48.4002199,-89.27842,141,7035
3618,48.40031,-89.27872,142,7057
3618,48.4004,-89.27984,143,7140
3618,48.40037,-89.28025,144,7166
3618,48.4003899,-89.28032,145,7177
3618,48.4003899,-89.28161,146,7291
3618,48.4003899,-89.28318,147,7398
3618,48.40038,-89.28369,148,7419
3618,48.40037,-89.2837599,149,7425
3618,48.40037,-89.28384,150,7433
3618,48.40038,-89.2838799,151,7439
3618,48.4003899,-89.2851599,152,7540
3618,48.40038,-89.2869,153,7651
3618,48.40038,-89.2868699,154,7658
3618,48.40038,-89.28692,155,7664
3618,48.4003899,-89.2869699,156,7671
3618,48.4003899,-89.28775,157,7738
3618,48.4003,-89.2883499,158,7778
3618,48.4002,-89.28862,159,7799
3618,48.4000199,-89.2890099,160,7841
3618,48.3998599,-89.2892299,161,7862
3618,48.3994699,-89.28952,162,7910
3618,48.39888,-89.2896,163,7953
3618,48.39887,-89.28961,164,7960
3618,48.3978599,-89.2895999,165,8079
3618,48.3969,-89.2895999,166,8184
3618,48.39646,-89.28959,167,8225
3618,48.3964,-89.28961,168,8237
3618,48.39548,-89.28961,169,8341
3618,48.39489,-89.28958,170,8398
3618,48.39479,-89.28961,171,8412
3618,48.39387,-89.28959,172,8521
3618,48.39292,-89.2895999,173,8621
3618,48.39261,-89.28967,174,8658
3618,48.3925699,-89.2896299,175,8665
3618,48.39161,-89.2895999,176,8771
3618,48.39051,-89.28968,177,8883
3618,48.3904699,-89.28965,178,8890
3618,48.3902099,-89.2896299,179,8915
3618,48.38921,-89.28961,180,9032
3618,48.38823,-89.28961,181,9138
3618,48.38762,-89.2896,182,9225
3618,48.3875499,-89.2896299,183,9231
3618,48.3866599,-89.2895999,184,9333
3618,48.38569,-89.28961,185,9440
3618,48.3854199,-89.2895999,186,9464
3618,48.38453,-89.28959,187,9580
3618,48.3835099,-89.28961,188,9690
3618,48.3825599,-89.28959,189,9797
3618,48.38155,-89.2896,190,9907
3618,48.38149,-89.2896299,191,9916
3618,48.38057,-89.2896299,192,10017
3618,48.38014,-89.28961,193,10061
3618,48.3800999,-89.2896299,194,10068
3618,48.37924,-89.28962,195,10170
3618,48.37826,-89.28961,196,10270
3618,48.37824,-89.28962,197,10277
3618,48.37821,-89.28961,198,10283
3618,48.37722,-89.28961,199,10397
3618,48.3763299,-89.28961,200,10499
3618,48.37569,-89.28967,201,10563
3618,48.37558,-89.2895999,202,10574
3618,48.3746499,-89.28954,203,10675
3618,48.3743599,-89.28955,204,10713
3618,48.3743299,-89.28952,205,10720
3618,48.37427,-89.2892999,206,10733
3618,48.37427,-89.2878299,207,10845
3618,48.37427,-89.2864,208,10951
3618,48.37427,-89.28624,209,10958
3618,48.37427,-89.28607,210,10998
3618,48.37427,-89.2845699,211,11113
3618,48.3742899,-89.28273,212,11254
3618,48.37431,-89.28201,213,11301
3618,48.3742899,-89.2819199,214,11312
3618,48.37428,-89.2815199,215,11338
3618,48.37425,-89.2813299,216,11356
3618,48.3742899,-89.27987,217,11471
3618,48.37426,-89.27905,218,11521
3618,48.37427,-89.27888,219,11534
3618,48.37428,-89.2788299,220,11540
3618,48.37428,-89.2787299,221,11549
3618,48.37427,-89.27865,222,11556
3618,48.3742599,-89.27718,223,11661
3618,48.37425,-89.27577,224,11770
3618,48.37419,-89.27521,225,11813
3618,48.37424,-89.27484,226,11828
3618,48.3742299,-89.2732899,227,11942
3618,48.37418,-89.27327,228,11964
3618,48.3742,-89.2732499,229,11970
3618,48.3742,-89.2731899,230,11978
3618,48.3742299,-89.27304,231,11997
3618,48.37419,-89.27204,232,12088
3618,48.37421,-89.2720099,233,12095
3618,48.37424,-89.27028,234,12225
3618,48.37431,-89.26858,235,12346
3618,48.3743,-89.26727,236,12449
3618,48.37432,-89.26596,237,12542
3618,48.3743,-89.26582,238,12554
3618,48.3743,-89.26576,239,12560
3618,48.37431,-89.26569,240,12567
3618,48.37431,-89.26465,241,12660
3618,48.3743199,-89.2629399,242,12763
3618,48.37432,-89.26216,243,12837
3618,48.3743,-89.2620599,244,12846
3618,48.3743199,-89.26194,245,12855
3618,48.37431,-89.26187,246,12861
3618,48.3743,-89.2604499,247,12969
3618,48.37432,-89.25922,248,13050
3618,48.3743,-89.25921,249,13063
3618,48.37431,-89.25778,250,13168
3618,48.37431,-89.25627,251,13279
3618,48.3743,-89.25485,252,13383
3618,48.37431,-89.25414,253,13425
3618,48.3743,-89.25409,254,13431
3618,48.37431,-89.2527699,255,13532
3618,48.37431,-89.2524699,256,13551
3618,48.37431,-89.25186,257,13594
3618,48.3743,-89.2518199,258,13602
3618,48.3743,-89.25174,259,13608
3618,48.3743199,-89.2515899,260,13617
3618,48.3743,-89.2513,261,13637
3618,48.37431,-89.25124,262,13644
3618,48.37438,-89.2510899,263,13658
3618,48.37506,-89.25037,264,13779
3618,48.3751399,-89.25035,265,13789
3618,48.37591,-89.2496199,266,13892
3618,48.3760899,-89.24944,267,13917
3618,48.37614,-89.24941,268,13924
3618,48.37666,-89.24885,269,14024
3618,48.37766,-89.2479,270,14134
3618,48.37775,-89.24782,271,14140
3618,48.3786199,-89.24772,272,14243
3618,48.37907,-89.24766,273,14310
3618,48.38047,-89.2477,274,14440
3618,48.38062,-89.24768,275,14487
3618,48.3806899,-89.24769,276,14496
3618,48.38083,-89.24767,277,14515
3618,48.3808499,-89.24754,278,14528
3618,48.3808499,-89.24678,279,14578
3618,48.3808899,-89.24664,280,14587
3618,48.38098,-89.2465699,281,14595
3618,48.38193,-89.2465699,282,14703
3618,48.38247,-89.24602,283,14741
3619,48.38247,-89.24602,0,0
3619,48.3821299,-89.2455499,1,14
3619,48.3820999,-89.24556,2,20
3619,48.38088,-89.24556,3,151
3619,48.3808499,-89.2456499,4,157
3619,48.38088,-89.2457499,5,163
3619,48.3809,-89.2459099,6,174
3619,48.3809,-89.2463999,7,210
3619,48.3809199,-89.24655,8,219
3619,48.381,-89.2466299,9,227
3619,48.38189,-89.24658,10,330
3619,48.38244,-89.24661,11,387
3619,48.38248,-89.24671,12,395
3619,48.3824999,-89.24812,13,502
3619,48.38256,-89.24942,14,597
3619,48.3825299,-89.2495,15,605
3619,48.3824999,-89.2508999,16,708
3619,48.3824999,-89.2510599,17,719
3619,48.38249,-89.25114,18,726
3619,48.38256,-89.25182,19,771
3619,48.38249,-89.2521499,20,782
3619,48.3824999,-89.2557899,21,1055
3619,48.3824999,-89.2564499,22,1097
3619,48.3824699,-89.25663,23,1109
3619,48.38242,-89.25669,24,1117
3619,48.3809199,-89.2566699,25,1280
3619,48.3796099,-89.2566699,26,1435
3619,48.37919,-89.2566799,27,1468
3619,48.37838,-89.2567,28,1562
3619,48.3777699,-89.2567,29,1626
3619,48.3777399,-89.25669,30,1633
3619,48.3754399,-89.2566699,31,1898
3619,48.3743899,-89.2567099,32,2006
3619,48.3743299,-89.25678,33,2015
3619,48.37431,-89.2568999,34,2023
3619,48.37431,-89.2570299,35,2032
3619,48.3743299,-89.25711,36,2038
3619,48.3743499,-89.25882,37,2164
3619,48.37441,-89.25984,38,2259
3619,48.37437,-89.26011,39,2277
3619,48.37434,-89.2612999,40,2358
3619,48.3743199,-89.26139,41,2366
3619,48.37424,-89.2614699,42,2374
3619,48.37332,-89.26145,43,2479
3619,48.37247,-89.2614399,44,2565
3619,48.37181,-89.26151,45,2643
3619,48.37172,-89.26148,46,2666
3619,48.37083,-89.26146,47,2771
3619,48.36987,-89.26145,48,2880
3619,48.36875,-89.26153,49,2992
3619,48.3686099,-89.2614699,50,2998
3619,48.3684199,-89.2614699,51,3015
3619,48.36836,-89.2614999,52,3029
3619,48.36833,-89.26162,53,3037
3619,48.3683499,-89.263,54,3140
3619,48.3683499,-89.26391,55,3198
3619,48.36842,-89.26436,56,3259
3619,48.36839,-89.2644499,57,3266
3619,48.3683799,-89.26451,58,3274
3619,48.36836,-89.2658599,59,3383
3619,48.36837,-89.2673699,60,3488
3619,48.3684,-89.26763,61,3529
3619,48.36839,-89.26762,62,3536
3619,48.36836,-89.2691,63,3649
3619,48.36836,-89.2695799,64,3681
3619,48.36842,-89.26991,65,3702
3619,48.36836,-89.27024,66,3709
3619,48.3683499,-89.2715799,67,3807
3619,48.36836,-89.27275,68,3889
3619,48.36833,-89.2728199,69,3895
3619,48.3683,-89.2728599,70,3902
3619,48.36803,-89.27294,71,3951
3619,48.36712,-89.27287,72,4055
3619,48.36613,-89.27285,73,4162
3619,48.36565,-89.27293,74,4211
3619,48.3654899,-89.27288,75,4231
3619,48.36514,-89.2729,76,4267
3619,48.3650999,-89.27298,77,4275
3619,48.36508,-89.27304,78,4281
3619,48.36515,-89.27391,79,4358
3619,48.36509,-89.2743999,80,4394
3619,48.36516,-89.27557,81,4495
3619,48.36511,-89.2759,82,4506
3619,48.3650999,-89.27733,83,4613
3619,48.36516,-89.27816,84,4672
3619,48.36512,-89.2782999,85,4684
3619,48.36511,-89.27848,86,4694
3619,48.3650999,-89.27851,87,4701
3619,48.36509,-89.2799199,88,4812
3619,48.3650999,-89.28147,89,4915
3619,48.36516,-89.28197,90,4968
3619,48.36511,-89.28232,91,4984
3619,48.36515,-89.28366,92,5091
3619,48.36511,-89.2839199,93,5108
3619,48.3650999,-89.28537,94,5217
3619,48.36516,-89.28573,95,5260
3619,48.3651299,-89.28577,96,5266
3619,48.36509,-89.28709,97,5367
3619,48.36515,-89.28841,98,5464
3619,48.3650999,-89.28879,99,5489
3619,48.36511,-89.28886,100,5497
3619,48.3650999,-89.2895599,101,5552
3619,48.3650699,-89.2895999,102,5560
3619,48.3649699,-89.2896599,103,5567
3619,48.36423,-89.28956,104,5666
3619,48.36335,-89.28952,105,5766
3619,48.3623399,-89.28952,106,5875
3619,48.3620499,-89.28951,107,5902
3619,48.36112,-89.28952,108,6011
3619,48.3601499,-89.2894999,109,6112
3619,48.3596199,-89.28955,110,6176
3619,48.35908,-89.2898599,111,6245
3619,48.3586299,-89.2904499,112,6307
3619,48.35846,-89.29108,113,6370
3619,48.35826,-89.29141,114,6385
3619,48.3578,-89.2926799,115,6489
3619,48.3573199,-89.29398,116,6594
3619,48.35711,-89.29479,117,6678
3619,48.35694,-89.29517,118,6694
3619,48.35691,-89.29664,119,6804
3619,48.35698,-89.2971,120,6862
3619,48.3569199,-89.29867,121,6962
3619,48.3569199,-89.30015,122,7077
3619,48.35697,-89.30087,123,7142
3619,48.3569199,-89.30262,124,7247
3619,48.3569199,-89.3040699,125,7359
3619,48.3569199,-89.30554,126,7463
3619,48.35694,-89.30596,127,7491
3619,48.3569899,-89.3060399,128,7497
3619,48.35708,-89.3060799,129,7509
3619,48.35715,-89.30594,130,7538
3619,48.35744,-89.30605,131,7544
3619,48.3591899,-89.30603,132,7737
3619,48.36012,-89.30605,133,7840
3619,48.3602099,-89.30616,134,7853
3619,48.36023,-89.3063099,135,7863
3619,48.3602099,-89.3069999,136,7909
3619,48.36002,-89.3083,137,8009
3619,48.35983,-89.30948,138,8104
3619,48.3593899,-89.31184,139,8285
3619,48.3590899,-89.31269,140,8357
3619,48.35865,-89.3134299,141,8433
3619,48.35825,-89.31384,142,8482
3619,48.3578399,-89.31411,143,8535
3619,48.35546,-89.31429,144,8801
3619,48.35468,-89.31429,145,8882
3619,48.35375,-89.3143,146,8984
3619,48.35306,-89.3143499,147,9065
3619,48.35291,-89.3144399,148,9078
3619,48.3528299,-89.31453,149,9090
3619,48.35278,-89.3147,150,9103
3619,48.35278,-89.31485,151,9116
3619,48.35352,-89.31876,152,9436
3619,48.35375,-89.32041,153,9543
3619,48.3538799,-89.32171,154,9644
3619,48.35395,-89.32323,155,9760
3619,48.3540099,-89.32438,156,9836
3619,48.35405,-89.32469,157,9887
3619,48.35409,-89.32635,158,9989
3619,48.35415,-89.32789,159,10099
3619,48.3542,-89.32822,160,10141
3619,48.3542399,-89.3298699,161,10244
3619,48.3543,-89.33036,162,10307
3619,48.3543399,-89.3319099,163,10409
3619,48.35442,-89.33302,164,10510
3619,48.35448,-89.3346999,165,10617
3619,48.35471,-89.3360099,166,10711
3619,48.35503,-89.3374599,167,10829
3619,48.3551,-89.33765,168,10866
3619,48.3554199,-89.33914,169,10966
3619,48.3557399,-89.3405699,170,11076
3619,48.35593,-89.34124,171,11142
3619,48.35626,-89.3428999,172,11250
3619,48.35656,-89.34397,173,11359
3619,48.35659,-89.3443499,174,11367
3619,48.3568999,-89.34575,175,11479
3619,48.3570199,-89.3468,176,11559
3619,48.35698,-89.34823,177,11664
3619,48.35697,-89.3493,178,11761
3619,48.35697,-89.35102,179,11867
3619,48.35703,-89.35161,180,11941
3619,48.35714,-89.35332,181,12044
3619,48.3572599,-89.35478,182,12159
3619,48.35733,-89.35497,183,12182
3619,48.35743,-89.3566599,184,12300
3619,48.35755,-89.35741,185,12368
3619,48.35766,-89.3593799,186,12498
3619,48.35779,-89.3609199,187,12612
3619,48.35786,-89.36105,188,12643
3619,48.35796,-89.36278,189,12749
3619,48.3580699,-89.36422,190,12861
3619,48.3582,-89.3656799,191,12974
3619,48.35828,-89.36584,192,12999
3619,48.35825,-89.36623,193,13007
3619,48.35838,-89.3676599,194,13117
3619,48.3584999,-89.36909,195,13219
3619,48.35851,-89.3692599,196,13227
3619,48.3586399,-89.37069,197,13338
3619,48.35879,-89.37172,198,13433
3619,48.3587599,-89.3720599,199,13441
3619,48.3588899,-89.3734999,200,13552
3619,48.3590299,-89.37496,201,13658
3619,48.3591599,-89.3764499,202,13772
3619,48.3592899,-89.37795,203,13877
3619,48.3594199,-89.3792399,204,13977
3619,48.3595499,-89.38071,205,14083
3619,48.3596899,-89.38221,206,14200
3619,48.35988,-89.38305,207,14272
3619,48.35984,-89.3834799,208,14288
3619,48.35996,-89.38481,209,14390
3619,48.3600799,-89.38632,210,14498
3619,48.3602,-89.38773,211,14599
3619,48.3602699,-89.38842,212,14647
3619,48.3603099,-89.38855,213,14658
3619,48.36038,-89.38861,214,14665
3619,48.3616199,-89.3885599,215,14807
3619,48.36235,-89.38855,216,14884
3619,48.3624699,-89.38851,217,14897
3619,48.36234,-89.38849,218,14917
3619,48.36249,-89.3881699,219,14926
3619,48.3624699,-89.38675,220,15027
3619,48.3624799,-89.3854099,221,15130
3619,48.3624699,-89.38524,222,15138
3619,48.3624699,-89.38373,223,15257
3619,48.3624699,-89.38232,224,15357
3619,48.3624699,-89.3819699,225,15380
3619,48.36242,-89.38168,226,15427
3619,48.36246,-89.37998,227,15532
3619,48.36246,-89.37854,228,15643
3619,48.36241,-89.37736,229,15745
3619,48.3624699,-89.377,230,15760
3619,48.36246,-89.3755599,231,15863
3619,48.36246,-89.37414,232,15971
3619,48.36246,-89.3726,233,16083
3619,48.36244,-89.3725,234,16105
3619,48.36246,-89.37096,235,16208
3619,48.36246,-89.3693999,236,16320
3619,48.36242,-89.36828,237,16423
3619,48.36245,-89.36671,238,16523
3619,48.36245,-89.36531,239,16630
3619,48.3624399,-89.36396,240,16734
3619,48.36245,-89.3624299,241,16844
3619,48.36242,-89.36128,242,16946
3619,48.3624399,-89.3596499,243,17048
3619,48.36245,-89.35821,244,17159
3619,48.3624399,-89.35677,245,17262
3619,48.3624399,-89.3553,246,17374
3619,48.36245,-89.3538699,247,17475
3619,48.36248,-89.35291,248,17545
3619,48.36246,-89.35136,249,17650
3619,48.36246,-89.34998,250,17756
3619,48.36246,-89.3483599,251,17871
3619,48.36246,-89.34699,252,17973
3619,48.36246,-89.34604,253,18037
3619,48.3624699,-89.3459599,254,18044
3619,48.3625699,-89.3458599,255,18055
3619,48.3628,-89.34583,256,18098
3619,48.3644099,-89.3458899,257,18252
3619,48.3657199,-89.3458899,258,18397
3619,48.36706,-89.34588,259,18549
3619,48.3680899,-89.34584,260,18658
3619,48.36827,-89.3458899,261,18677
3619,48.3683199,-89.3459199,262,18686
3619,48.3684,-89.34608,263,18701
3619,48.3684199,-89.3480899,264,18846
3619,48.36839,-89.34833,265,18863
3619,48.3683499,-89.3484,266,18870
3619,48.36824,-89.3484899,267,18882
3619,48.36692,-89.3484499,268,19031
3619,48.36561,-89.34846,269,19178
3619,48.3653999,-89.34846,270,19199
3619,48.36532,-89.3484899,271,19213
3619,48.36394,-89.34847,272,19364
3619,48.36264,-89.34853,273,19533
3619,48.3624699,-89.3488199,274,19541
3619,48.3624799,-89.35021,275,19650
3619,48.3624799,-89.35171,276,19759
3619,48.36251,-89.35252,277,19844
3619,48.3624699,-89.3545199,278,19979
3619,48.3624699,-89.3559399,279,20083
3619,48.3624799,-89.35681,280,20140
3619,48.3624699,-89.3582399,281,20253
3619,48.3624699,-89.3595499,282,20342
3619,48.3624699,-89.36087,283,20438
3619,48.36253,-89.3610199,284,20450
3619,48.36262,-89.36104,285,20459
3619,48.36355,-89.36097,286,20584
3619,48.3646399,-89.3609899,287,20687
3619,48.36551,-89.36098,288,20789
3619,48.3664099,-89.3609599,289,20895
3619,48.36657,-89.36096,290,20934
3619,48.3677299,-89.36095,291,21038
3619,48.3685499,-89.3609599,292,21139
3619,48.36962,-89.3609599,293,21255
3619,48.37054,-89.36097,294,21359
3619,48.37145,-89.3609599,295,21461
3619,48.37154,-89.36093,296,21486
3619,48.37274,-89.36097,297,21587
3619,48.3736299,-89.3609599,298,21690
3619,48.37447,-89.3609,299,21809
3619,48.3755699,-89.36095,300,21916
3619,48.3765499,-89.36095,301,22020
3619,48.37752,-89.36095,302,22130
3619,48.37764,-89.36089,303,22154
3619,48.37873,-89.36095,304,22254
3619,48.37966,-89.36095,305,22354
3619,48.38038,-89.36089,306,22452
3619,48.3808199,-89.3609299,307,22478
3619,48.3808899,-89.3608899,308,22488
3619,48.3809499,-89.36082,309,22498
3619,48.3810499,-89.36061,310,22516
3619,48.38123,-89.35923,311,22626
3619,48.38143,-89.3576099,312,22749
3619,48.3815799,-89.35619,313,22852
3619,48.3817399,-89.3547499,314,22967
3619,48.38172,-89.3533,315,23067
3619,48.3816799,-89.3530199,316,23080
3619,48.3813799,-89.3516399,317,23194
3619,48.3811,-89.35057,318,23269
3619,48.38103,-89.35039,319,23307
3619,48.3808499,-89.34889,320,23414
3619,48.38084,-89.3483599,321,23438
3619,48.38083,-89.3470099,322,23556
3619,48.38083,-89.3453399,323,23677
3619,48.38084,-89.3439199,324,23779
3619,48.38084,-89.34249,325,23891
3619,48.38084,-89.3422,326,23904
3619,48.38078,-89.34208,327,23929
3619,48.38084,-89.34029,328,24034
3619,48.38083,-89.33882,329,24147
3619,48.38081,-89.33806,330,24209
3619,48.3808199,-89.33635,331,24329
3619,48.38083,-89.33501,332,24423
3619,48.38079,-89.33498,333,24446
3619,48.38081,-89.33487,334,24457
3619,48.38083,-89.3336199,335,24558
3619,48.3808,-89.33226,336,24660
3619,48.38075,-89.33131,337,24746
3619,48.3807899,-89.3297399,338,24851
3619,48.3808,-89.32832,339,24963
3619,48.38081,-89.32747,340,25013
3619,48.3808199,-89.3257999,341,25146
3619,48.3808199,-89.3241999,342,25261
3619,48.3808199,-89.3232,343,25328
3619,48.38079,-89.3221,344,25425
3619,48.3808499,-89.3216699,345,25447
3619,48.38083,-89.3201199,346,25560
3619,48.38084,-89.3190699,347,25632
3619,48.38083,-89.31764,348,25740
3619,48.38084,-89.31621,349,25847
3619,48.3808,-89.31557,350,25908
3619,48.38081,-89.3139199,351,26018
3619,48.38078,-89.3124799,352,26126
3619,48.38078,-89.31102,353,26228
3619,48.3807599,-89.30885,354,26389
3619,48.38074,-89.30845,355,26443
3619,48.38077,-89.3083099,356,26449
3619,48.38077,-89.3070899,357,26551
3619,48.38078,-89.30566,358,26653
3619,48.38078,-89.30533,359,26673
3619,48.38074,-89.30479,360,26711
3619,48.38075,-89.3030499,361,26816
3619,48.3807199,-89.3016799,362,26920
3619,48.38074,-89.2999099,363,27048
3619,48.38077,-89.2986,364,27150
3619,48.38077,-89.29713,365,27258
3619,48.38078,-89.29612,366,27347
3619,48.38077,-89.2943599,367,27474
3619,48.38078,-89.2927,368,27593
3619,48.38078,-89.2925499,369,27604
3619,48.38077,-89.29247,370,27612
3619,48.38077,-89.29112,371,27713
3619,48.38077,-89.2897599,372,27807
3619,48.3807599,-89.2896899,373,27813
3619,48.38068,-89.28962,374,27823
3619,48.38014,-89.28961,375,27878
3619,48.3800999,-89.2896299,376,27885
3619,48.37924,-89.28962,377,27987
3619,48.37826,-89.28961,378,28087
3619,48.37824,-89.28962,379,28094
3619,48.37821,-89.28961,380,28100
3619,48.37722,-89.28961,381,28214
3619,48.3763299,-89.28961,382,28316
3619,48.37569,-89.28967,383,28380
3619,48.37451,-89.28961,384,28485
3619,48.3735299,-89.28961,385,28601
3619,48.37265,-89.28969,386,28716
3619,48.3715699,-89.2897299,387,28816
3619,48.37064,-89.2897299,388,28925
3619,48.3696299,-89.2896999,389,29033
3619,48.3694699,-89.28968,390,29049
3619,48.36942,-89.28964,391,29057
3619,48.36938,-89.28949,392,29069
3619,48.3693999,-89.28859,393,29140
3619,48.36938,-89.2884499,394,29155
3619,48.36939,-89.2881,395,29193
3619,48.36941,-89.28639,396,29300
3619,48.36939,-89.28547,397,29386
3619,48.36941,-89.2836199,398,29494
3619,48.36941,-89.2821499,399,29605
3619,48.36939,-89.28187,400,29640
3619,48.3692999,-89.2815199,401,29650
3619,48.36919,-89.2815599,402,29661
3619,48.3674899,-89.28157,403,29848
3619,48.36741,-89.28161,404,29883
3619,48.3673699,-89.28163,405,29892
3619,48.36646,-89.28157,406,29996
3619,48.36594,-89.2816,407,30047
3619,48.36516,-89.28197,408,30145
3620,48.3909,-89.2583,0,0
3620,48.38997,-89.2581899,1,103
3620,48.3896899,-89.2582,2,137
3620,48.3896499,-89.25817,3,143
3620,48.38958,-89.25806,4,155
3620,48.3891599,-89.25689,5,250
3620,48.38915,-89.25594,6,315
3620,48.38918,-89.2541499,7,427
3620,48.38915,-89.25413,8,449
3620,48.38917,-89.2528399,9,551
3620,48.38916,-89.25212,10,623
3620,48.3891899,-89.2512299,11,662
3620,48.38924,-89.25115,12,671
3620,48.38928,-89.25111,13,679
3620,48.39019,-89.25104,14,781
3620,48.3909,-89.251,15,884
3620,48.39095,-89.25102,16,895
3620,48.39184,-89.25104,17,996
3620,48.39283,-89.25105,18,1110
3620,48.39317,-89.25101,19,1158
3620,48.3944099,-89.2510599,20,1273
3620,48.3946,-89.2510299,21,1294
3620,48.3946399,-89.2509299,22,1304
3620,48.39459,-89.24981,23,1409
3620,48.39462,-89.2482999,24,1496
3620,48.3946,-89.24818,25,1523
3620,48.39522,-89.24671,26,1626
3620,48.39546,-89.24607,27,1696
3620,48.39558,-89.24566,28,1708
3620,48.39552,-89.2455499,29,1715
3620,48.39456,-89.2455499,30,1817
3620,48.3945099,-89.2455499,31,1823
3620,48.39446,-89.24546,32,1832
3620,48.39447,-89.24533,33,1839
3620,48.39463,-89.2451199,34,1865
3620,48.3946699,-89.24494,35,1878
3620,48.39466,-89.24458,36,1899
3620,48.39463,-89.24398,37,1973
3620,48.39469,-89.24232,38,2073
3620,48.39466,-89.24126,39,2175
3620,48.39472,-89.24051,40,2195
3620,48.39467,-89.2397,41,2278
3620,48.3947,-89.23808,42,2378
3620,48.3946799,-89.23702,43,2454
3620,48.39467,-89.23706,44,2479
3620,48.3947,-89.2367199,45,2485
3620,48.3947399,-89.23667,46,2491
3620,48.3948399,-89.2366499,47,2502
3620,48.39513,-89.23683,48,2562
3620,48.39607,-89.23757,49,2681
3620,48.39685,-89.2381999,50,2786
3620,48.39733,-89.23858,51,2838
3620,48.3983499,-89.23939,52,2984
3620,48.39918,-89.24012,53,3088
3620,48.39998,-89.2409199,54,3199
3620,48.40027,-89.24111,55,3230
3620,48.40033,-89.2411799,56,3239
3620,48.4011399,-89.2416699,57,3344
3620,48.40217,-89.24195,58,3460
3620,48.4031799,-89.24199,59,3567
3620,48.4040899,-89.2417999,60,3668
3620,48.40477,-89.24145,61,3741
3620,48.4048499,-89.2414499,62,3750
3620,48.40578,-89.24107,63,3859
3620,48.40573,-89.24104,64,3882
3620,48.4059699,-89.241,65,3889
3620,48.40635,-89.24081,66,3934
3620,48.40641,-89.2407599,67,3941
3620,48.40647,-89.2406,68,3952
3620,48.40644,-89.2404899,69,3960
3620,48.4063999,-89.23894,70,4068
3620,48.4063899,-89.2375999,71,4169
3620,48.40637,-89.2292699,72,4792
3620,48.40637,-89.2270999,73,4941
3620,48.40635,-89.2236799,74,5198
3620,48.40628,-89.22351,75,5210
3620,48.40615,-89.2234499,76,5228
3620,48.4031,-89.2234599,77,5564
3620,48.40008,-89.2234499,78,5900
3620,48.39942,-89.22344,79,5967
3620,48.39857,-89.22344,80,6063
3620,48.39675,-89.22343,81,6260
3620,48.3948699,-89.2234199,82,6472
3620,48.39482,-89.2234499,83,6479
3620,48.3947399,-89.2235599,84,6489
3620,48.39473,-89.2280199,85,6815
3620,48.3947,-89.2287,86,6868
3620,48.3946099,-89.2289699,87,6890
3620,48.39457,-89.22905,88,6898
3620,48.39453,-89.2291999,89,6907
3620,48.3944399,-89.22929,90,6919
3620,48.39436,-89.2292699,91,6927
3620,48.39358,-89.2286399,92,7024
3620,48.3932699,-89.2283799,93,7065
3620,48.3931599,-89.22833,94,7079
3620,48.39309,-89.22839,95,7087
3620,48.3928,-89.22932,96,7185
3620,48.3927999,-89.22928,97,7191
3620,48.3923399,-89.23049,98,7294
3620,48.39219,-89.23102,99,7333
3620,48.3921099,-89.23115,100,7346
3620,48.39167,-89.23249,101,7453
3620,48.39163,-89.2325099,102,7460
3620,48.3915599,-89.2326499,103,7472
3620,48.39154,-89.2327499,104,7480
3620,48.39157,-89.23286,105,7488
3620,48.3916,-89.2329099,106,7494
3620,48.39239,-89.2334999,107,7595
3620,48.39282,-89.23381,108,7640
3620,48.39288,-89.23374,109,7648
3620,48.39291,-89.23369,110,7655
3620,48.39335,-89.23238,111,7756
3620,48.3938,-89.23116,112,7864
3620,48.3939199,-89.2308099,113,7890
3620,48.39396,-89.2307399,114,7898
3620,48.39397,-89.23066,115,7905
3620,48.39403,-89.23057,116,7913
3620,48.3941199,-89.23053,117,7921
3620,48.39452,-89.23079,118,7993
3620,48.39469,-89.2309099,119,8019
3620,48.3947399,-89.23082,120,8026
3620,48.39468,-89.22978,121,8093
3620,48.39469,-89.2244999,122,8465
3620,48.3947,-89.2234899,123,8536
3620,48.3947699,-89.22341,124,8544
3620,48.39482,-89.22338,125,8552
3620,48.39778,-89.22338,126,8883
3620,48.4007199,-89.2234,127,9208
3620,48.4035699,-89.22341,128,9529
3620,48.4063299,-89.22343,129,9822
3620,48.4063599,-89.22348,130,9828
3620,48.4063999,-89.2236199,131,9842
3620,48.4063899,-89.22488,132,9931
3620,48.4063999,-89.22863,133,10208
3620,48.4063999,-89.23303,134,10541
3620,48.40641,-89.23479,135,10660
3620,48.4064199,-89.23969,136,11026
3620,48.40648,-89.24041,137,11081
3620,48.40651,-89.2405299,138,11087
3620,48.4065199,-89.24081,139,11112
3620,48.40647,-89.2409499,140,11121
3620,48.4064299,-89.241,141,11129
3620,48.4054,-89.24142,142,11243
3620,48.40517,-89.24163,143,11292
3620,48.40507,-89.24156,144,11301
3620,48.4040899,-89.24196,145,11420
3620,48.40316,-89.24214,146,11519
3620,48.4031,-89.2421699,147,11527
3620,48.40306,-89.24222,148,11533
3620,48.40303,-89.24237,149,11543
3620,48.40316,-89.2432099,150,11601
3620,48.40322,-89.2432799,151,11608
3620,48.40332,-89.2432499,152,11619
3620,48.40347,-89.24302,153,11645
3620,48.40368,-89.2429499,154,11664
3620,48.4037699,-89.2429599,155,11675
3620,48.4040899,-89.2430899,156,11706
3620,48.40422,-89.2430799,157,11719
3620,48.40427,-89.2429899,158,11726
3620,48.4042599,-89.2428199,159,11740
3620,48.40408,-89.2420399,160,11795
3620,48.40401,-89.2419699,161,11802
3620,48.4039599,-89.24196,162,11808
3620,48.40299,-89.24218,163,11920
3620,48.4013999,-89.24191,164,12103
3620,48.40047,-89.24143,165,12199
3620,48.39991,-89.24102,166,12273
3620,48.39938,-89.24051,167,12323
3620,48.3993299,-89.24048,168,12329
3620,48.3992399,-89.24051,169,12339
3620,48.39919,-89.24055,170,12346
3620,48.3984,-89.2415799,171,12460
3620,48.3976999,-89.24245,172,12562
3620,48.39726,-89.24304,173,12654
3620,48.3965,-89.24425,174,12756
3620,48.39587,-89.2454199,175,12858
3620,48.39562,-89.24585,176,12904
3620,48.39529,-89.24669,177,12993
3620,48.39472,-89.2480699,178,13089
3620,48.39469,-89.24872,179,13130
3620,48.3946699,-89.24884,180,13140
3620,48.39466,-89.25012,181,13242
3620,48.3946399,-89.25098,182,13299
3620,48.3945799,-89.2510999,183,13308
3620,48.39453,-89.2511299,184,13316
3620,48.3935899,-89.2510899,185,13426
3620,48.39286,-89.25114,186,13502
3620,48.3919499,-89.2510899,187,13604
3620,48.39099,-89.2510899,188,13711
3620,48.3906999,-89.2510899,189,13737
3620,48.3897499,-89.25111,190,13849
3620,48.38872,-89.25116,191,13955
3620,48.38789,-89.2511299,192,14057
3620,48.3869,-89.25116,193,14164
3620,48.38685,-89.25118,194,14175
3620,48.38672,-89.2511599,195,14188
3620,48.38579,-89.2511299,196,14298
3620,48.3847899,-89.25115,197,14401
3620,48.38393,-89.25117,198,14504
3620,48.38359,-89.25119,199,14533
3620,48.3834499,-89.25118,200,14547
3620,48.3832199,-89.2510999,201,14573
3620,48.38251,-89.25108,202,14656
3620,48.38245,-89.2509899,203,14667
3620,48.3824599,-89.24957,204,14770
3620,48.38244,-89.24854,205,14848
3620,48.3824699,-89.2482999,206,14854
3620,48.3824699,-89.2468899,207,14957
3620,48.38247,-89.24602,208,15033
3621,48.43568,-89.21703,0,0
3621,48.4362299,-89.2167899,1,31
3621,48.4362999,-89.2168599,2,45
3621,48.43641,-89.21707,3,63
3621,48.43657,-89.21754,4,106
3621,48.43648,-89.21769,5,121
3621,48.43566,-89.21849,6,229
3621,48.4356,-89.2185299,7,240
3621,48.43546,-89.2186899,8,257
3621,48.4353799,-89.21875,9,269
3621,48.43461,-89.21964,10,373
3621,48.43447,-89.21986,11,400
3621,48.43425,-89.22,12,419
3621,48.4335,-89.2207599,13,525
3621,48.43322,-89.2210299,14,563
3621,48.43301,-89.22133,15,591
3621,48.43199,-89.22241,16,678
3621,48.4319999,-89.2223999,17,685
3621,48.4312699,-89.22312,18,792
3621,48.43085,-89.22361,19,834
3621,48.4307499,-89.2236199,20,850
3621,48.43064,-89.22358,21,867
3621,48.4305899,-89.2235899,22,874
3621,48.43054,-89.22363,23,881
3621,48.4302899,-89.22417,24,927
3621,48.43028,-89.2242099,25,934
3621,48.42991,-89.2249699,26,1000
3621,48.4298899,-89.22505,27,1008
3621,48.42991,-89.2252299,28,1021
3621,48.43037,-89.22607,29,1090
3621,48.4303899,-89.22619,30,1101
3621,48.43077,-89.22714,31,1183
3621,48.43076,-89.22727,32,1191
3621,48.43073,-89.22734,33,1198
3621,48.43043,-89.22764,34,1240
3621,48.43033,-89.22767,35,1249
3621,48.4295399,-89.2284499,36,1361
3621,48.42895,-89.22911,37,1432
3621,48.42879,-89.22921,38,1450
3621,48.4280899,-89.22994,39,1550
3621,48.42739,-89.23072,40,1650
3621,48.42719,-89.23099,41,1702
3621,48.42719,-89.23096,42,1708
3621,48.4264199,-89.2317899,43,1818
3621,48.42605,-89.23233,44,1893
3621,48.42578,-89.23253,45,1906
3621,48.42529,-89.23313,46,1973
3621,48.4251699,-89.23318,47,1993
3621,48.42416,-89.23318,48,2105
3621,48.42383,-89.23322,49,2162
3621,48.4227399,-89.23318,50,2267
3621,48.42177,-89.2331699,51,2364
3621,48.42171,-89.23313,52,2373
3621,48.4216,-89.2330099,53,2386
3621,48.42161,-89.23305,54,2416
3621,48.42137,-89.23303,55,2425
3621,48.42055,-89.23354,56,2522
3621,48.41976,-89.23404,57,2619
3621,48.41945,-89.23429,58,2684
3621,48.41937,-89.23431,59,2692
3621,48.41853,-89.23487,60,2801
3621,48.4176799,-89.2354099,61,2903
3621,48.417,-89.23603,62,2985
3621,48.41692,-89.23602,63,2993
3621,48.41607,-89.23651,64,3101
3621,48.4152499,-89.2370399,65,3201
3621,48.41436,-89.23756,66,3298
3621,48.4142999,-89.23755,67,3307
3621,48.4134199,-89.2379599,68,3411
3621,48.4124999,-89.2383899,69,3519
3621,48.41236,-89.2384599,70,3528
3621,48.41214,-89.23867,71,3556
3621,48.4120399,-89.23863,72,3563
3621,48.41117,-89.2390199,73,3673
3621,48.4108299,-89.23917,74,3705
3621,48.40988,-89.23958,75,3820
3621,48.4093099,-89.2398299,76,3881
3621,48.40834,-89.2402299,77,3997
3621,48.40782,-89.2405,78,4052
3621,48.40775,-89.24048,79,4062
3621,48.40686,-89.24086,80,4165
3621,48.4058299,-89.2412799,81,4290
3621,48.40542,-89.24142,82,4333
3621,48.40517,-89.24163,83,4356
3621,48.4042899,-89.24191,84,4437
3621,48.40421,-89.2419999,85,4447
3621,48.4041899,-89.24215,86,4457
3621,48.40434,-89.24314,87,4529
3621,48.4042899,-89.2432,88,4538
3621,48.4038299,-89.24303,89,4583
3621,48.4037299,-89.24304,90,4599
3621,48.40349,-89.2433,91,4638
3621,48.4032699,-89.24337,92,4654
3621,48.4032,-89.24337,93,4660
3621,48.40313,-89.2433199,94,4669
3621,48.40309,-89.2432099,95,4677
3621,48.4031,-89.2431199,96,4683
3621,48.4029099,-89.2422299,97,4750
3621,48.4028499,-89.2421599,98,4758
3621,48.4028,-89.24214,99,4764
3621,48.40189,-89.24206,100,4864
3621,48.40103,-89.24175,101,4965
3621,48.4006099,-89.2415099,102,5007
3621,48.39991,-89.24102,103,5098
3621,48.3998599,-89.241,104,5104
3621,48.39978,-89.24094,105,5113
3621,48.39974,-89.2408799,106,5122
3621,48.3990099,-89.24012,107,5223
3621,48.3981599,-89.23939,108,5333
3621,48.39787,-89.23916,109,5362
3621,48.39784,-89.2391499,110,5368
3621,48.39706,-89.23852,111,5467
3621,48.3969699,-89.23848,112,5478
3621,48.3960899,-89.2377699,113,5595
3621,48.39507,-89.23695,114,5712
3621,48.3942799,-89.2363199,115,5812
3621,48.39362,-89.23579,116,5892
3621,48.3933999,-89.2355299,117,5905
3621,48.3932599,-89.23542,118,5922
3621,48.39306,-89.2354099,119,5942
3621,48.39233,-89.23607,120,6045
3621,48.39217,-89.2362,121,6058
3621,48.39148,-89.23687,122,6175
3621,48.39121,-89.2370099,123,6181
3621,48.39036,-89.2378,124,6294
3621,48.3902799,-89.23781,125,6305
3621,48.38951,-89.2384,126,6408
3621,48.3892899,-89.23858,127,6425
3621,48.38845,-89.23938,128,6537
3621,48.38829,-89.2394399,129,6548
3621,48.3879799,-89.23966,130,6587
3621,48.38792,-89.23975,131,6600
3621,48.38783,-89.23978,132,6613
3621,48.38689,-89.24067,133,6728
3621,48.3868299,-89.24067,134,6738
3621,48.3860099,-89.24132,135,6847
3621,48.3853499,-89.2418699,136,6919
3621,48.38506,-89.2422,137,6960
3621,48.38501,-89.24219,138,6968
3621,48.3839099,-89.2430199,139,7110
3621,48.38343,-89.24322,140,7155
3621,48.3834,-89.2432,141,7163
3621,48.38261,-89.24339,142,7266
3621,48.3822999,-89.2434799,143,7295
3621,48.38166,-89.2437699,144,7379
3621,48.38117,-89.24422,145,7436
3621,48.38097,-89.24457,146,7470
3621,48.3808899,-89.24484,147,7489
3621,48.38091,-89.2463299,148,7593
3621,48.3809199,-89.24655,149,7605
3621,48.381,-89.2466299,150,7617
3621,48.3817799,-89.2465699,151,7718
3621,48.38232,-89.2465699,152,7763
3621,48.3824599,-89.24651,153,7777
3621,48.38247,-89.24602,154,7802
3622,48.38247,-89.24602,0,0
3622,48.3821299,-89.2455499,1,14
3622,48.3820999,-89.24556,2,20
3622,48.38088,-89.24556,3,151
3622,48.3808499,-89.2456499,4,157
3622,48.38088,-89.2457499,5,163
3622,48.3809,-89.2459099,6,174
3622,48.3809,-89.2463999,7,210
3622,48.3809199,-89.24655,8,219
3622,48.381,-89.2466299,9,227
3622,48.38189,-89.24658,10,330
3622,48.38244,-89.24661,11,387
3622,48.38248,-89.24671,12,395
3622,48.3824999,-89.24812,13,502
3622,48.38256,-89.24942,14,597
3622,48.3825599,-89.2495499,15,604
3622,48.38252,-89.24986,16,631
3622,48.38251,-89.25085,17,702
3622,48.38254,-89.25101,18,711
3622,48.38258,-89.25108,19,719
3622,48.38267,-89.25111,20,728
3622,48.38326,-89.25101,21,788
3622,48.3839099,-89.2511299,22,864
3622,48.38396,-89.25112,23,870
3622,48.3841099,-89.25114,24,890
3622,48.38415,-89.2511899,25,896
3622,48.3841699,-89.25125,26,903
3622,48.38415,-89.25272,27,1005
3622,48.38421,-89.25373,28,1078
3622,48.38415,-89.2552899,29,1205
3622,48.3841699,-89.25627,30,1267
3622,48.38419,-89.2564099,31,1279
3622,48.38418,-89.25713,32,1333
3622,48.3841699,-89.25852,33,1448
3622,48.38416,-89.2600599,34,1554
3622,48.3842,-89.26167,35,1668
3622,48.3841699,-89.2617899,36,1677
3622,48.38416,-89.26358,37,1815
3622,48.38416,-89.26497,38,1915
3622,48.38416,-89.2652799,39,1936
3622,48.38425,-89.26587,40,1978
3622,48.3841699,-89.2659599,41,1985
3622,48.38418,-89.2660299,42,1992
3622,48.38416,-89.26753,43,2103
3622,48.38416,-89.26903,44,2215
3622,48.38419,-89.27001,45,2279
3622,48.3841699,-89.2714799,46,2396
3622,48.38422,-89.27315,47,2515
3622,48.38418,-89.2732199,48,2524
3622,48.3841699,-89.2732899,49,2531
3622,48.38416,-89.27454,50,2631
3622,48.38416,-89.27592,51,2735
3622,48.38419,-89.27712,52,2807
3622,48.38418,-89.27715,53,2814
3622,48.38418,-89.27845,54,2911
3622,48.3842399,-89.27856,55,2920
3622,48.3842999,-89.27859,56,2927
3622,48.38468,-89.2785,57,2965
3622,48.3846899,-89.2785299,58,2971
3622,48.38553,-89.2785299,59,3072
3622,48.3865399,-89.2785399,60,3178
3622,48.38704,-89.27852,61,3221
3622,48.38705,-89.27849,62,3231
3622,48.3879399,-89.27856,63,3334
3622,48.38891,-89.27856,64,3441
3622,48.38984,-89.27858,65,3543
3622,48.39,-89.27859,66,3556
3622,48.39006,-89.27861,67,3564
3622,48.3901099,-89.27866,68,3571
3622,48.3902,-89.27957,69,3638
3622,48.39013,-89.2796799,70,3645
3622,48.39012,-89.2811899,71,3760
3622,48.39013,-89.2813299,72,3766
3622,48.39019,-89.28214,73,3826
3622,48.39013,-89.2822099,74,3834
3622,48.3901499,-89.28233,75,3845
3622,48.39013,-89.2837,76,3946
3622,48.39013,-89.28501,77,4048
3622,48.39012,-89.28545,78,4073
3622,48.39019,-89.28669,79,4165
3622,48.3901499,-89.2868,80,4171
3622,48.39013,-89.28692,81,4186
3622,48.39012,-89.28823,82,4286
3622,48.39013,-89.28971,83,4393
3622,48.39019,-89.29043,84,4437
3622,48.3901399,-89.2905,85,4446
3622,48.39013,-89.29182,86,4547
3622,48.39009,-89.29315,87,4651
3622,48.38994,-89.29394,88,4702
3622,48.38977,-89.29484,89,4776
3622,48.38984,-89.29533,90,4812
3622,48.3898,-89.2957299,91,4828
3622,48.39004,-89.2972099,92,4935
3622,48.3902099,-89.2980699,93,4997
3622,48.39022,-89.29821,94,5007
3622,48.3903,-89.29828,95,5016
3622,48.39091,-89.29803,96,5098
3622,48.3919899,-89.29778,97,5199
3622,48.39223,-89.29768,98,5226
3622,48.3923,-89.29762,99,5236
3622,48.39236,-89.2975399,100,5245
3622,48.39245,-89.2973399,101,5261
3622,48.39252,-89.29698,102,5317
3622,48.39288,-89.2954,103,5423
3622,48.3930699,-89.2947,104,5470
3622,48.39361,-89.29356,105,5573
3622,48.3938899,-89.2929399,106,5635
3622,48.39394,-89.29269,107,5653
3622,48.3939,-89.29205,108,5722
3622,48.39393,-89.2907799,109,5823
3622,48.39393,-89.29024,110,5854
3622,48.3939199,-89.2896599,111,5893
3622,48.39391,-89.28962,112,5899
3622,48.39388,-89.28899,113,5950
3622,48.3939199,-89.2889099,114,5957
3622,48.39393,-89.28748,115,6065
3622,48.39393,-89.2860199,116,6176
3622,48.39391,-89.28485,117,6255
3622,48.3939899,-89.2831599,118,6385
3622,48.3943199,-89.28181,119,6487
3622,48.39462,-89.28063,120,6579
3622,48.3946399,-89.28058,121,6585
3622,48.39469,-89.28016,122,6625
3622,48.39466,-89.2794599,123,6672
3622,48.39423,-89.2782,124,6773
3622,48.3941199,-89.27806,125,6791
3622,48.3939899,-89.27797,126,6807
3622,48.3939499,-89.2779099,127,6814
3622,48.39391,-89.27777,128,6825
3622,48.3939199,-89.2776799,129,6833
3622,48.3939899,-89.27753,130,6844
3622,48.3940499,-89.2774799,131,6852
3622,48.3944799,-89.2772899,132,6907
3622,48.39534,-89.27648,133,7013
3622,48.39609,-89.27567,134,7110
3622,48.39705,-89.27484,135,7240
3622,48.3979199,-89.27451,136,7341
3622,48.39871,-89.27443,137,7425
3622,48.3987499,-89.2744699,138,7432
3622,48.3988499,-89.2744699,139,7444
3622,48.39892,-89.27449,140,7455
3622,48.3998299,-89.27449,141,7564
3622,48.4009099,-89.27449,142,7678
3622,48.4012999,-89.27448,143,7718
3622,48.4014099,-89.27438,144,7730
3622,48.4014399,-89.27428,145,7739
3622,48.40143,-89.27285,146,7842
3622,48.40146,-89.27176,147,7926
3622,48.40162,-89.2711499,148,7971
3622,48.40182,-89.27081,149,8003
3622,48.4023,-89.2703599,150,8066
3622,48.4023499,-89.27028,151,8075
3622,48.40248,-89.26989,152,8107
3622,48.40256,-89.26973,153,8119
3622,48.4026,-89.26968,154,8127
3622,48.40297,-89.26967,155,8156
3623,48.38247,-89.24602,0,0
3623,48.38248,-89.24559,1,21
3623,48.3825299,-89.2454799,2,35
3623,48.38314,-89.2454799,3,98
3623,48.3832,-89.24546,4,105
3623,48.3832499,-89.2454099,5,111
3623,48.3833,-89.24526,6,121
3623,48.3832799,-89.24388,7,221
3623,48.3832899,-89.2434099,8,254
3623,48.3832799,-89.24333,9,260
3623,48.3833199,-89.2431799,10,273
3623,48.38337,-89.2431199,11,281
3623,48.38369,-89.24296,12,316
3623,48.38392,-89.2429199,13,327
3623,48.38477,-89.24224,14,433
3623,48.38513,-89.24194,15,495
3623,48.38508,-89.24195,16,503
3623,48.3859499,-89.2413,17,616
3623,48.38615,-89.24114,18,637
3623,48.38701,-89.2404,19,746
3623,48.38779,-89.2397699,20,847
3623,48.38852,-89.23912,21,934
3623,48.38935,-89.2384599,22,1046
3623,48.39002,-89.23789,23,1131
3623,48.3908399,-89.23725,24,1236
3623,48.39168,-89.23654,25,1344
3623,48.3919,-89.23635,26,1376
3623,48.3927999,-89.2356299,27,1478
3623,48.3930699,-89.2354099,28,1512
3623,48.3931299,-89.23538,29,1519
3623,48.39325,-89.23539,30,1531
3623,48.39378,-89.23574,31,1597
3623,48.3946699,-89.2365,32,1708
3623,48.39513,-89.23683,33,1759
3623,48.39607,-89.23757,34,1878
3623,48.39685,-89.2381999,35,1983
3623,48.39733,-89.23858,36,2035
3623,48.3983499,-89.23939,37,2181
3623,48.39918,-89.24012,38,2285
3623,48.39998,-89.2409199,39,2396
3623,48.40027,-89.24111,40,2427
3623,48.4003199,-89.2412099,41,2435
3623,48.40113,-89.24172,42,2532
3623,48.4019899,-89.2419699,43,2633
3623,48.4029099,-89.2421299,44,2731
3623,48.40296,-89.2421599,45,2737
3623,48.40303,-89.24237,46,2755
3623,48.4031499,-89.24317,47,2811
3623,48.40322,-89.24327,48,2823
3623,48.40329,-89.24326,49,2829
3623,48.40347,-89.24302,50,2860
3623,48.4037399,-89.2429799,51,2885
3623,48.40414,-89.24311,52,2930
3623,48.40422,-89.2430499,53,2939
3623,48.4042599,-89.2429199,54,2948
3623,48.4042599,-89.24283,55,2956
3623,48.40411,-89.24206,56,3013
3623,48.40411,-89.24196,57,3021
3623,48.4041299,-89.2418699,58,3029
3623,48.4042299,-89.24175,59,3042
3623,48.40477,-89.24145,60,3110
3623,48.4048499,-89.2414499,61,3119
3623,48.40578,-89.24107,62,3228
3623,48.40573,-89.24104,63,3251
3623,48.40678,-89.2406499,64,3353
3623,48.40765,-89.24031,65,3451
3623,48.40814,-89.24009,66,3530
3623,48.4081599,-89.2400999,67,3541
3623,48.4092099,-89.23966,68,3671
3623,48.40934,-89.2396099,69,3679
3623,48.4102699,-89.23922,70,3794
3623,48.4106599,-89.23904,71,3831
3623,48.4116099,-89.2386199,72,3949
3623,48.41267,-89.2381299,73,4066
3623,48.41367,-89.23756,74,4176
3623,48.41377,-89.2375699,75,4188
3623,48.4146299,-89.23716,76,4290
3623,48.4155199,-89.2366799,77,4403
3623,48.41592,-89.23647,78,4441
3623,48.41688,-89.23584,79,4567
3623,48.41784,-89.2352099,80,4676
3623,48.41866,-89.23467,81,4783
3623,48.41961,-89.23405,82,4890
3623,48.42014,-89.23371,83,4946
3623,48.4210299,-89.23316,84,5063
3623,48.4214299,-89.23292,85,5108
3623,48.4215599,-89.2329099,86,5121
3623,48.4216299,-89.2329399,87,5129
3623,48.4218,-89.2330999,88,5150
3623,48.42202,-89.2331,89,5177
3623,48.42214,-89.2331399,90,5185
3623,48.4230399,-89.23315,91,5293
3623,48.4239599,-89.2331399,92,5395
3623,48.42442,-89.23308,93,5460
3623,48.42452,-89.2331099,94,5466
3623,48.42521,-89.23313,95,5545
3623,48.4252699,-89.2330999,96,5552
3623,48.42595,-89.2322899,97,5653
3623,48.42614,-89.23202,98,5694
3623,48.42732,-89.2307099,99,5857
3623,48.42798,-89.22994,100,5948
3623,48.42824,-89.2297299,101,5976
3623,48.4289799,-89.22898,102,6079
3623,48.42979,-89.22809,103,6187
3623,48.42984,-89.2280799,104,6197
3623,48.4306799,-89.2272599,105,6309
3623,48.43074,-89.22715,106,6317
3623,48.4307199,-89.2270299,107,6327
3623,48.43057,-89.22677,108,6351
3623,48.4305,-89.2266699,109,6358
3623,48.42985,-89.22518,110,6488
3623,48.42982,-89.2250699,111,6500
3623,48.4298299,-89.22489,112,6512
3623,48.4298599,-89.22479,113,6522
3623,48.4304499,-89.2236199,114,6629
3623,48.43051,-89.22347,115,6640
3623,48.4305899,-89.2234,116,6653
3623,48.4308,-89.2234499,117,6674
3623,48.43086,-89.22344,118,6682
3623,48.43121,-89.22304,119,6735
3623,48.43129,-89.2229999,120,6741
3623,48.4320599,-89.22219,121,6848
3623,48.43266,-89.22154,122,6917
3623,48.4326899,-89.2214799,123,6923
3623,48.43365,-89.22058,124,7051
3623,48.4336999,-89.2204999,125,7063
3623,48.43452,-89.21959,126,7174
3623,48.43467,-89.21943,127,7191
3623,48.43471,-89.21941,128,7198
3623,48.4355399,-89.21852,129,7309
3623,48.43559,-89.21849,130,7315
3623,48.43566,-89.2183999,131,7322
3623,48.4356399,-89.21829,132,7332
3623,48.4354,-89.21786,133,7372
3623,48.43532,-89.2176499,134,7387
3623,48.4353399,-89.21754,135,7393
3623,48.4354,-89.21746,136,7404
3623,48.43549,-89.2174099,137,7414
3623,48.43568,-89.21703,138,7471
3624,48.38247,-89.24602,0,0
3624,48.38248,-89.24559,1,21
3624,48.3825299,-89.2454799,2,35
3624,48.38314,-89.2454799,3,98
3624,48.3832,-89.24546,4,105
3624,48.3832499,-89.2454099,5,111
3624,48.3833,-89.24526,6,121
3624,48.3832799,-89.24388,7,221
3624,48.3832899,-89.2434099,8,254
3624,48.3832799,-89.24333,9,260
3624,48.3833199,-89.2431799,10,273
3624,48.38337,-89.2431199,11,281
3624,48.38369,-89.24296,12,316
3624,48.38392,-89.2429199,13,327
3624,48.38477,-89.24224,14,433
3624,48.38513,-89.24194,15,495
3624,48.38508,-89.24195,16,503
3624,48.3859499,-89.2413,17,616
3624,48.38615,-89.24114,18,637
3624,48.38701,-89.2404,19,746
3624,48.38779,-89.2397699,20,847
3624,48.38852,-89.23912,21,934
3624,48.38935,-89.2384599,22,1046
3624,48.39002,-89.23789,23,1131
3624,48.3908399,-89.23725,24,1236
3624,48.39168,-89.23654,25,1344
3624,48.3919,-89.23635,26,1376
3624,48.3927999,-89.2356299,27,1478
3624,48.3930699,-89.2354099,28,1512
3624,48.3931299,-89.23538,29,1519
3624,48.39325,-89.23539,30,1531
3624,48.39378,-89.23574,31,1597
3624,48.3946699,-89.2365,32,1708
3624,48.39513,-89.23683,33,1759
3624,48.39607,-89.23757,34,1878
3624,48.39685,-89.2381999,35,1983
3624,48.39733,-89.23858,36,2035
3624,48.3983499,-89.23939,37,2181
3624,48.39918,-89.24012,38,2285
3624,48.39998,-89.2409199,39,2396
3624,48.40027,-89.24111,40,2427
3624,48.40033,-89.2411799,41,2436
3624,48.4011399,-89.2416699,42,2541
3624,48.40217,-89.24195,43,2657
3624,48.4031799,-89.24199,44,2764
3624,48.4040899,-89.2417999,45,2865
3624,48.40477,-89.24145,46,2938
3624,48.4048499,-89.2414499,47,2947
3624,48.40578,-89.24107,48,3056
3624,48.40573,-89.24104,49,3079
3624,48.40678,-89.2406499,50,3181
3624,48.40765,-89.24031,51,3279
3624,48.40814,-89.24009,52,3358
3624,48.4081599,-89.2400999,53,3369
3624,48.4092099,-89.23966,54,3499
3624,48.40934,-89.2396099,55,3507
3624,48.4102699,-89.23922,56,3622
3624,48.4106599,-89.23904,57,3659
3624,48.4116099,-89.2386199,58,3777
3624,48.41267,-89.2381299,59,3894
3624,48.41367,-89.23756,60,4004
3624,48.41377,-89.2375699,61,4016
3624,48.4146299,-89.23716,62,4118
3624,48.4155199,-89.2366799,63,4231
3624,48.41592,-89.23647,64,4269
3624,48.41688,-89.23584,65,4395
3624,48.41784,-89.2352099,66,4504
3624,48.41866,-89.23467,67,4611
3624,48.41961,-89.23405,68,4718
3624,48.42014,-89.23371,69,4774
3624,48.4210299,-89.23316,70,4891
3624,48.4214299,-89.23292,71,4936
3624,48.4215599,-89.2329099,72,4949
3624,48.4216299,-89.2329399,73,4957
3624,48.4218,-89.2330999,74,4978
3624,48.42202,-89.2331,75,5005
3624,48.42214,-89.2331399,76,5013
3624,48.4230399,-89.23315,77,5121
3624,48.4239599,-89.2331399,78,5223
3624,48.42442,-89.23308,79,5288
3624,48.42452,-89.2331099,80,5294
3624,48.42521,-89.23313,81,5373
3624,48.4252699,-89.2330999,82,5380
3624,48.42595,-89.2322899,83,5481
3624,48.42614,-89.23202,84,5522
3624,48.42732,-89.2307099,85,5685
3624,48.42798,-89.22994,86,5776
3624,48.42824,-89.2297299,87,5804
3624,48.4289799,-89.22898,88,5907
3624,48.42979,-89.22809,89,6015
3624,48.42984,-89.2280799,90,6025
3624,48.4306799,-89.2272599,91,6137
3624,48.43074,-89.22715,92,6145
3624,48.4307199,-89.2270299,93,6155
3624,48.43057,-89.22677,94,6179
3624,48.4305,-89.2266699,95,6186
3624,48.42985,-89.22518,96,6316
3624,48.42982,-89.2250699,97,6328
3624,48.4298299,-89.22489,98,6340
3624,48.4298599,-89.22479,99,6350
3624,48.4304499,-89.2236199,100,6457
3624,48.43051,-89.22347,101,6468
3624,48.4305899,-89.2234,102,6481
3624,48.4308,-89.2234499,103,6502
3624,48.43086,-89.22344,104,6510
3624,48.43121,-89.22304,105,6563
3624,48.43129,-89.2229999,106,6569
3624,48.4320599,-89.22219,107,6676
3624,48.43266,-89.22154,108,6745
3624,48.4326899,-89.2214799,109,6751
3624,48.43365,-89.22058,110,6879
3624,48.4336999,-89.2204999,111,6891
3624,48.43452,-89.21959,112,7002
3624,48.43467,-89.21943,113,7019
3624,48.43471,-89.21941,114,7026
3624,48.4355399,-89.21852,115,7137
3624,48.43559,-89.21849,116,7143
3624,48.43566,-89.2183999,117,7150
3624,48.4356399,-89.21829,118,7160
3624,48.4354,-89.21786,119,7200
3624,48.43532,-89.2176499,120,7215
3624,48.4353399,-89.21754,121,7221
3624,48.4354,-89.21746,122,7232
3624,48.43549,-89.2174099,123,7242
3624,48.43568,-89.21703,124,7299
3625,48.43568,-89.21703,0,0
3625,48.4362299,-89.2167899,1,31
3625,48.4362999,-89.2168599,2,45
3625,48.43641,-89.21707,3,63
3625,48.43657,-89.21754,4,106
3625,48.43648,-89.21769,5,121
3625,48.43566,-89.21849,6,229
3625,48.4356,-89.2185299,7,240
3625,48.43546,-89.2186899,8,257
3625,48.4353799,-89.21875,9,269
3625,48.43461,-89.21964,10,373
3625,48.43447,-89.21986,11,400
3625,48.43425,-89.22,12,419
3625,48.4335,-89.2207599,13,525
3625,48.43322,-89.2210299,14,563
3625,48.43301,-89.22133,15,591
3625,48.43199,-89.22241,16,678
3625,48.4319999,-89.2223999,17,685
3625,48.4312699,-89.22312,18,792
3625,48.43085,-89.22361,19,834
3625,48.4307499,-89.2236199,20,850
3625,48.43064,-89.22358,21,867
3625,48.4305899,-89.2235899,22,874
3625,48.43054,-89.22363,23,881
3625,48.4302899,-89.22417,24,927
3625,48.43028,-89.2242099,25,934
3625,48.42991,-89.2249699,26,1000
3625,48.4298899,-89.22505,27,1008
3625,48.42991,-89.2252299,28,1021
3625,48.43037,-89.22607,29,1090
3625,48.4303899,-89.22619,30,1101
3625,48.43077,-89.22714,31,1183
3625,48.43076,-89.22727,32,1191
3625,48.43073,-89.22734,33,1198
3625,48.43043,-89.22764,34,1240
3625,48.43033,-89.22767,35,1249
3625,48.4295399,-89.2284499,36,1361
3625,48.42895,-89.22911,37,1432
3625,48.42879,-89.22921,38,1450
3625,48.4280899,-89.22994,39,1550
3625,48.42739,-89.23072,40,1650
3625,48.42719,-89.23099,41,1702
3625,48.42719,-89.23096,42,1708
3625,48.4264199,-89.2317899,43,1818
3625,48.42605,-89.23233,44,1893
3625,48.42578,-89.23253,45,1906
3625,48.42529,-89.23313,46,1973
3625,48.4251699,-89.23318,47,1993
3625,48.42416,-89.23318,48,2105
3625,48.42383,-89.23322,49,2162
3625,48.4227399,-89.23318,50,2267
3625,48.42177,-89.2331699,51,2364
3625,48.42171,-89.23313,52,2373
3625,48.4216,-89.2330099,53,2386
3625,48.42161,-89.23305,54,2416
3625,48.42137,-89.23303,55,2425
3625,48.42055,-89.23354,56,2522
3625,48.41976,-89.23404,57,2619
3625,48.41945,-89.23429,58,2684
3625,48.41937,-89.23431,59,2692
3625,48.41853,-89.23487,60,2801
3625,48.4176799,-89.2354099,61,2903
3625,48.417,-89.23603,62,2985
3625,48.41692,-89.23602,63,2993
3625,48.41607,-89.23651,64,3101
3625,48.4152499,-89.2370399,65,3201
3625,48.41436,-89.23756,66,3298
3625,48.4142999,-89.23755,67,3307
3625,48.4134199,-89.2379599,68,3411
3625,48.4124999,-89.2383899,69,3519
3625,48.41236,-89.2384599,70,3528
3625,48.41214,-89.23867,71,3556
3625,48.4120399,-89.23863,72,3563
3625,48.41117,-89.2390199,73,3673
3625,48.4108299,-89.23917,74,3705
3625,48.40988,-89.23958,75,3820
3625,48.4093099,-89.2398299,76,3881
3625,48.40834,-89.2402299,77,3997
3625,48.40782,-89.2405,78,4052
3625,48.40775,-89.24048,79,4062
3625,48.40686,-89.24086,80,4165
3625,48.4058299,-89.2412799,81,4290
3625,48.40542,-89.24142,82,4333
3625,48.40517,-89.24163,83,4356
3625,48.40503,-89.2415799,84,4366
3625,48.40412,-89.24195,85,4472
3625,48.4032,-89.24215,86,4580
3625,48.4022,-89.2421299,87,4692
3625,48.40159,-89.2419699,88,4755
3625,48.4007099,-89.2415699,89,4868
3625,48.39991,-89.24102,90,4952
3625,48.3998599,-89.241,91,4958
3625,48.39978,-89.24094,92,4967
3625,48.39974,-89.2408799,93,4976
3625,48.3990099,-89.24012,94,5077
3625,48.3981599,-89.23939,95,5187
3625,48.39787,-89.23916,96,5216
3625,48.39784,-89.2391499,97,5222
3625,48.39706,-89.23852,98,5321
3625,48.3969699,-89.23848,99,5332
3625,48.3960899,-89.2377699,100,5449
3625,48.39507,-89.23695,101,5566
3625,48.3942799,-89.2363199,102,5666
3625,48.39362,-89.23579,103,5746
3625,48.3933999,-89.2355299,104,5759
3625,48.3932599,-89.23542,105,5776
3625,48.39306,-89.2354099,106,5796
3625,48.39233,-89.23607,107,5899
3625,48.39217,-89.2362,108,5912
3625,48.39148,-89.23687,109,6029
3625,48.39121,-89.2370099,110,6035
3625,48.39036,-89.2378,111,6148
3625,48.3902799,-89.23781,112,6159
3625,48.38951,-89.2384,113,6262
3625,48.3892899,-89.23858,114,6279
3625,48.38845,-89.23938,115,6391
3625,48.38829,-89.2394399,116,6402
3625,48.3879799,-89.23966,117,6441
3625,48.38792,-89.23975,118,6454
3625,48.38783,-89.23978,119,6467
3625,48.38689,-89.24067,120,6582
3625,48.3868299,-89.24067,121,6592
3625,48.3860099,-89.24132,122,6701
3625,48.3853499,-89.2418699,123,6773
3625,48.38506,-89.2422,124,6814
3625,48.38501,-89.24219,125,6822
3625,48.3839099,-89.2430199,126,6964
3625,48.38343,-89.24322,127,7009
3625,48.3834,-89.2432,128,7017
3625,48.38261,-89.24339,129,7120
3625,48.3822999,-89.2434799,130,7149
3625,48.38166,-89.2437699,131,7233
3625,48.38117,-89.24422,132,7290
3625,48.38097,-89.24457,133,7324
3625,48.3808899,-89.24484,134,7343
3625,48.38091,-89.2463299,135,7447
3625,48.3809199,-89.24655,136,7459
3625,48.381,-89.2466299,137,7471
3625,48.3817799,-89.2465699,138,7572
3625,48.38232,-89.2465699,139,7617
3625,48.3824599,-89.24651,140,7631
3625,48.38247,-89.24602,141,7656
3626,48.42144,-89.26211,0,0
3626,48.4213299,-89.2619299,1,7
3626,48.42138,-89.26182,2,17
3626,48.42241,-89.26086,3,142
3626,48.42265,-89.26083,4,172
3626,48.4226799,-89.2608399,5,182
3626,48.4229699,-89.2612099,6,223
3626,48.4233599,-89.26148,7,266
3626,48.4235599,-89.2614299,8,287
3626,48.4240499,-89.2599299,9,418
3626,48.42444,-89.2584799,10,531
3626,48.4248099,-89.2572299,11,637
3626,48.4252299,-89.25583,12,745
3626,48.42551,-89.25491,13,807
3626,48.42595,-89.2533199,14,932
3626,48.42594,-89.2531299,15,944
3626,48.4259,-89.25304,16,953
3626,48.4258,-89.2529299,17,963
3626,48.4248799,-89.25281,18,1072
3626,48.42436,-89.25282,19,1122
3626,48.42387,-89.25282,20,1176
3626,48.42286,-89.25282,21,1291
3626,48.4227399,-89.2528399,22,1300
3626,48.42174,-89.25288,23,1407
3626,48.42137,-89.25298,24,1460
3626,48.4212899,-89.25294,25,1467
3626,48.42096,-89.25305,26,1511
3626,48.42032,-89.2535499,27,1588
3626,48.4197499,-89.2545,28,1684
3626,48.4192999,-89.25591,29,1805
3626,48.41882,-89.25708,30,1908
3626,48.41832,-89.2577199,31,1980
3626,48.4175599,-89.2581899,32,2068
3626,48.41652,-89.25826,33,2188
3626,48.41557,-89.25824,34,2283
3626,48.4155,-89.25814,35,2293
3626,48.4154799,-89.25806,36,2301
3626,48.41551,-89.2563,37,2431
3626,48.41551,-89.2547699,38,2542
3626,48.4155499,-89.25469,39,2549
3626,48.4155799,-89.25465,40,2555
3626,48.41563,-89.25462,41,2561
3626,48.41616,-89.25451,42,2599
3626,48.4160399,-89.2545399,43,2608
3626,48.4163699,-89.2545799,44,2646
3626,48.4166399,-89.25449,45,2677
3626,48.4174199,-89.25368,46,2780
3626,48.4175,-89.2536499,47,2790
3626,48.4175499,-89.25367,48,2798
3626,48.41776,-89.25392,49,2826
3626,48.4177899,-89.254,50,2832
3626,48.41819,-89.25446,51,2895
3626,48.41879,-89.25483,52,2984
3626,48.41921,-89.2551699,53,3038
3626,48.41931,-89.25521,54,3050
3626,48.4193899,-89.25519,55,3060
3626,48.41944,-89.25514,56,3068
3626,48.4197799,-89.25416,57,3152
3626,48.42009,-89.25361,58,3207
3626,48.4206,-89.25301,59,3274
3626,48.42088,-89.2527999,60,3303
3626,48.42091,-89.25275,61,3309
3626,48.4209299,-89.25259,62,3320
3626,48.42078,-89.2517,63,3390
3626,48.42078,-89.2502799,64,3493
3626,48.42076,-89.24981,65,3527
3626,48.4208299,-89.2482099,66,3637
3626,48.4208,-89.2476,67,3663
3626,48.4208399,-89.24767,68,3670
3626,48.4208699,-89.24632,69,3774
3626,48.42084,-89.24536,70,3844
3626,48.42088,-89.2452199,71,3850
3626,48.42096,-89.2441399,72,3937
3626,48.42137,-89.24294,73,4041
3626,48.42154,-89.24242,74,4078
3626,48.42155,-89.24124,75,4163
3626,48.42161,-89.2409,76,4188
3626,48.42167,-89.24081,77,4198
3626,48.42173,-89.24078,78,4206
3626,48.4227,-89.2407899,79,4315
3626,48.42364,-89.24073,80,4412
3626,48.42456,-89.24077,81,4518
3626,48.4254699,-89.2408,82,4620
3626,48.4263799,-89.24077,83,4722
3626,48.42732,-89.2407899,84,4823
3626,48.42805,-89.2407599,85,4901
3626,48.42811,-89.2407,86,4908
3626,48.4281299,-89.24057,87,4916
3626,48.4281,-89.2386199,88,5058
3626,48.4280899,-89.2384299,89,5071
3626,48.42805,-89.2383599,90,5079
3626,48.42795,-89.23834,91,5089
3626,48.42717,-89.23844,92,5171
3626,48.4270999,-89.2384,93,5177
3626,48.42627,-89.23837,94,5277
3626,48.4252699,-89.2383599,95,5383
3626,48.4243,-89.23838,96,5493
3626,48.42339,-89.23837,97,5599
3626,48.42243,-89.23837,98,5702
3626,48.42145,-89.23837,99,5806
3626,48.42109,-89.23837,100,5853
3626,48.42095,-89.2384299,101,5867
3626,48.42003,-89.2391099,102,5983
3626,48.4191999,-89.2397099,103,6085
3626,48.41898,-89.23993,104,6113
3626,48.4180399,-89.24055,105,6220
3626,48.4170999,-89.24123,106,6326
3626,48.41677,-89.24144,107,6384
3626,48.4159399,-89.24208,108,6492
3626,48.41511,-89.24267,109,6593
3626,48.41484,-89.24296,110,6619
3626,48.4147699,-89.2429499,111,6628
3626,48.4147299,-89.2429599,112,6635
3626,48.4139,-89.24349,113,6735
3626,48.4135499,-89.24375,114,6776
3626,48.41351,-89.24375,115,6782
3626,48.4134199,-89.2436799,116,6793
3626,48.4133899,-89.2436099,117,6800
3626,48.41337,-89.2431499,118,6832
3626,48.41344,-89.2427299,119,6864
3626,48.41379,-89.24169,120,6944
3626,48.41392,-89.241,121,7007
3626,48.4139399,-89.23949,122,7114
3626,48.41393,-89.2380299,123,7216
3626,48.41392,-89.23794,124,7223
3626,48.4139,-89.2378599,125,7229
3626,48.41386,-89.2377999,126,7236
3626,48.4137499,-89.23776,127,7246
3626,48.4127599,-89.23828,128,7361
3626,48.41214,-89.23867,129,7435
3626,48.4120399,-89.23863,130,7442
3626,48.41117,-89.2390199,131,7552
3626,48.4108299,-89.23917,132,7584
3626,48.40988,-89.23958,133,7699
3626,48.4093099,-89.2398299,134,7760
3626,48.40834,-89.2402299,135,7876
3626,48.40782,-89.2405,136,7931
3626,48.40775,-89.24048,137,7941
3626,48.40686,-89.24086,138,8044
3626,48.4058299,-89.2412799,139,8169
3626,48.40542,-89.24142,140,8212
3626,48.40517,-89.24163,141,8235
3627,48.40347,-89.24302,0,0
3627,48.4037399,-89.2429799,1,25
3627,48.40414,-89.24311,2,70
3627,48.40422,-89.2430499,3,79
3627,48.4042599,-89.2429199,4,88
3627,48.4042599,-89.24283,5,96
3627,48.40411,-89.24206,6,153
3627,48.40411,-89.24196,7,161
3627,48.4041299,-89.2418699,8,169
3627,48.4042299,-89.24175,9,182
3627,48.40477,-89.24145,10,250
3627,48.4048499,-89.2414499,11,259
3627,48.40578,-89.24107,12,368
3627,48.40573,-89.24104,13,391
3627,48.4059699,-89.241,14,398
3627,48.40635,-89.24081,15,443
3627,48.40641,-89.2407599,16,450
3627,48.40647,-89.2406,17,461
3627,48.40644,-89.2404899,18,469
3627,48.4063999,-89.23894,19,577
3627,48.4063899,-89.2375999,20,678
3627,48.40637,-89.2292699,21,1301
3627,48.40637,-89.2270999,22,1450
3627,48.40635,-89.2236799,23,1707
3627,48.40628,-89.22351,24,1719
3627,48.40615,-89.2234499,25,1737
3627,48.4031,-89.2234599,26,2073
3627,48.40008,-89.2234499,27,2409
3627,48.39942,-89.22344,28,2476
3627,48.39857,-89.22344,29,2572
3627,48.39675,-89.22343,30,2769
3627,48.3948699,-89.2234199,31,2981
3627,48.39482,-89.2234499,32,2988
3627,48.3947399,-89.2235599,33,2998
3627,48.39473,-89.2280199,34,3324
3627,48.3947,-89.2287,35,3377
3627,48.3946099,-89.2289699,36,3399
3627,48.39457,-89.22905,37,3407
3627,48.39453,-89.2291999,38,3416
3627,48.3944399,-89.22929,39,3428
3627,48.39436,-89.2292699,40,3436
3627,48.39358,-89.2286399,41,3533
3627,48.3932699,-89.2283799,42,3574
3627,48.3931599,-89.22833,43,3588
3627,48.39309,-89.22839,44,3596
3627,48.3928,-89.22932,45,3694
3627,48.3927999,-89.22928,46,3700
3627,48.3923399,-89.23049,47,3803
3627,48.39219,-89.23102,48,3842
3627,48.3921099,-89.23115,49,3855
3627,48.39167,-89.23249,50,3962
3627,48.39163,-89.2325099,51,3969
3627,48.3915599,-89.2326499,52,3981
3627,48.39154,-89.2327499,53,3989
3627,48.39157,-89.23286,54,3997
3627,48.3916,-89.2329099,55,4003
3627,48.39239,-89.2334999,56,4104
3627,48.39282,-89.23381,57,4149
3627,48.39288,-89.23374,58,4157
3627,48.39291,-89.23369,59,4164
3627,48.39335,-89.23238,60,4265
3627,48.3938,-89.23116,61,4373
3627,48.3939199,-89.2308099,62,4399
3627,48.39396,-89.2307399,63,4407
3627,48.39397,-89.23066,64,4414
3627,48.39403,-89.23057,65,4422
3627,48.3941199,-89.23053,66,4430
3627,48.39452,-89.23079,67,4502
3627,48.39469,-89.2309099,68,4528
3627,48.3947399,-89.23082,69,4535
3627,48.39468,-89.22978,70,4602
3627,48.39469,-89.2244999,71,4974
3627,48.3947,-89.2234899,72,5045
3627,48.3947699,-89.22341,73,5053
3627,48.39482,-89.22338,74,5061
3627,48.39778,-89.22338,75,5392
3627,48.4007199,-89.2234,76,5717
3627,48.4035699,-89.22341,77,6038
3627,48.4063299,-89.22343,78,6331
3627,48.4063599,-89.22348,79,6337
3627,48.4063999,-89.2236199,80,6351
3627,48.4063899,-89.22488,81,6440
3627,48.4063999,-89.22863,82,6717
3627,48.4063999,-89.23303,83,7050
3627,48.40641,-89.23479,84,7169
3627,48.4064199,-89.23969,85,7535
3627,48.40648,-89.24041,86,7590
3627,48.40651,-89.2405299,87,7596
3627,48.4065199,-89.24081,88,7621
3627,48.40647,-89.2409499,89,7630
3627,48.4064299,-89.241,90,7638
3627,48.4054,-89.24142,91,7752
3627,48.40517,-89.24163,92,7801
3627,48.40507,-89.24156,93,7810
3627,48.4040899,-89.24196,94,7929
3627,48.40316,-89.24214,95,8028
3627,48.4031,-89.2421699,96,8036
3627,48.40306,-89.24222,97,8042
3627,48.40303,-89.24237,98,8052
3627,48.40316,-89.2432099,99,8110
3627,48.40322,-89.2432799,100,8117
3627,48.40332,-89.2432499,101,8128
3627,48.40347,-89.24302,102,8154
3627,48.40368,-89.2429499,103,8173
3627,48.4037699,-89.2429599,104,8184
3627,48.4040899,-89.2430899,105,8215
3627,48.40422,-89.2430799,106,8228
3627,48.40427,-89.2429899,107,8235
3627,48.4042599,-89.2428199,108,8249
3627,48.40408,-89.2420399,109,8304
3627,48.40401,-89.2419699,110,8311
3627,48.4039599,-89.24196,111,8317
3627,48.40299,-89.24218,112,8429
3627,48.4013999,-89.24191,113,8612
3627,48.40047,-89.24143,114,8708
3627,48.39991,-89.24102,115,8782
3627,48.39938,-89.24051,116,8832
3627,48.3993299,-89.24048,117,8838
3627,48.3992399,-89.24051,118,8848
3627,48.39919,-89.24055,119,8855
3627,48.3984,-89.2415799,120,8969
3627,48.3976999,-89.24245,121,9071
3627,48.39726,-89.24304,122,9163
3627,48.3965,-89.24425,123,9265
3627,48.39587,-89.2454199,124,9367
3627,48.39562,-89.24585,125,9413
3627,48.39529,-89.24669,126,9502
3627,48.39472,-89.2480699,127,9598
3627,48.39469,-89.24872,128,9639
3627,48.3946699,-89.24884,129,9649
3627,48.39466,-89.25012,130,9751
3627,48.3946399,-89.25098,131,9808
3627,48.3945799,-89.2510999,132,9817
3627,48.39453,-89.2511299,133,9825
3627,48.3935899,-89.2510899,134,9935
3627,48.39286,-89.25114,135,10011
3627,48.3919499,-89.2510899,136,10113
3627,48.39099,-89.2510899,137,10220
3627,48.3906999,-89.2510899,138,10246
3627,48.3897499,-89.25111,139,10358
3627,48.38872,-89.25116,140,10464
3627,48.38789,-89.2511299,141,10566
3627,48.3869,-89.25116,142,10673
3627,48.38685,-89.25118,143,10684
3627,48.38672,-89.2511599,144,10697
3627,48.38579,-89.2511299,145,10807
3627,48.3847899,-89.25115,146,10910
3627,48.38393,-89.25117,147,11013
3627,48.38359,-89.25119,148,11042
3627,48.3834499,-89.25118,149,11056
3627,48.3832199,-89.2510999,150,11082
3627,48.38251,-89.25108,151,11165
3627,48.38245,-89.2509899,152,11176
3627,48.3824599,-89.24957,153,11279
3627,48.38244,-89.24854,154,11357
3627,48.3824699,-89.2482999,155,11363
3627,48.3824699,-89.2468899,156,11466
3627,48.38247,-89.24602,157,11542
3628,48.42144,-89.26211,0,0
3628,48.4213299,-89.2619299,1,7
3628,48.42138,-89.26182,2,17
3628,48.42241,-89.26086,3,142
3628,48.42265,-89.26083,4,172
3628,48.4226799,-89.2608399,5,182
3628,48.4229699,-89.2612099,6,223
3628,48.4233599,-89.26148,7,266
3628,48.4235599,-89.2614299,8,287
3628,48.4240499,-89.2599299,9,418
3628,48.42444,-89.2584799,10,531
3628,48.4248099,-89.2572299,11,637
3628,48.4252299,-89.25583,12,745
3628,48.42551,-89.25491,13,807
3628,48.42595,-89.2533199,14,932
3628,48.42594,-89.2531299,15,944
3628,48.4259,-89.25304,16,953
3628,48.4258,-89.2529299,17,963
3628,48.4248799,-89.25281,18,1072
3628,48.42436,-89.25282,19,1122
3628,48.42387,-89.25282,20,1176
3628,48.42286,-89.25282,21,1291
3628,48.4227399,-89.2528399,22,1300
3628,48.42174,-89.25288,23,1407
3628,48.42137,-89.25298,24,1460
3628,48.4212899,-89.25294,25,1467
3628,48.42096,-89.25305,26,1511
3628,48.42032,-89.2535499,27,1588
3628,48.4197499,-89.2545,28,1684
3628,48.4192999,-89.25591,29,1805
3628,48.41882,-89.25708,30,1908
3628,48.41832,-89.2577199,31,1980
3628,48.4175599,-89.2581899,32,2068
3628,48.41652,-89.25826,33,2188
3628,48.41557,-89.25824,34,2283
3628,48.4155,-89.25814,35,2293
3628,48.4154799,-89.25806,36,2301
3628,48.41551,-89.2563,37,2431
3628,48.41551,-89.2547699,38,2542
3628,48.4155499,-89.25469,39,2549
3628,48.4155799,-89.25465,40,2555
3628,48.41563,-89.25462,41,2561
3628,48.41616,-89.25451,42,2599
3628,48.4160399,-89.2545399,43,2608
3628,48.4163699,-89.2545799,44,2646
3628,48.4166399,-89.25449,45,2677
3628,48.4174199,-89.25368,46,2780
3628,48.4175,-89.2536499,47,2790
3628,48.4175499,-89.25367,48,2798
3628,48.41776,-89.25392,49,2826
3628,48.4177899,-89.254,50,2832
3628,48.41819,-89.25446,51,2895
3628,48.41879,-89.25483,52,2984
3628,48.41921,-89.2551699,53,3038
3628,48.41931,-89.25521,54,3050
3628,48.4193899,-89.25519,55,3060
3628,48.41944,-89.25514,56,3068
3628,48.4197799,-89.25416,57,3152
3628,48.42009,-89.25361,58,3207
3628,48.4206,-89.25301,59,3274
3628,48.42088,-89.2527999,60,3303
3628,48.42091,-89.25275,61,3309
3628,48.4209299,-89.25259,62,3320
3628,48.42078,-89.2517,63,3390
3628,48.42078,-89.2502799,64,3493
3628,48.42076,-89.24981,65,3527
3628,48.4208299,-89.2482099,66,3637
3628,48.4208,-89.2476,67,3663
3628,48.4208399,-89.24767,68,3670
3628,48.4208699,-89.24632,69,3774
3628,48.42084,-89.24536,70,3844
3628,48.42088,-89.2452199,71,3850
3628,48.42096,-89.2441399,72,3937
3628,48.42137,-89.24294,73,4041
3628,48.42154,-89.24242,74,4078
3628,48.42155,-89.24124,75,4163
3628,48.42161,-89.2409,76,4188
3628,48.42167,-89.24081,77,4198
3628,48.42173,-89.24078,78,4206
3628,48.4227,-89.2407899,79,4315
3628,48.42364,-89.24073,80,4412
3628,48.42456,-89.24077,81,4518
3628,48.4254699,-89.2408,82,4620
3628,48.4263799,-89.24077,83,4722
3628,48.42732,-89.2407899,84,4823
3628,48.42805,-89.2407599,85,4901
3628,48.42811,-89.2407,86,4908
3628,48.4281299,-89.24057,87,4916
3628,48.4281,-89.2386199,88,5058
3628,48.4280899,-89.2384299,89,5071
3628,48.42805,-89.2383599,90,5079
3628,48.42795,-89.23834,91,5089
3628,48.42717,-89.23844,92,5171
3628,48.4270999,-89.2384,93,5177
3628,48.42627,-89.23837,94,5277
3628,48.4252699,-89.2383599,95,5383
3628,48.4243,-89.23838,96,5493
3628,48.42339,-89.23837,97,5599
3628,48.42243,-89.23837,98,5702
3628,48.42145,-89.23837,99,5806
3628,48.42109,-89.23837,100,5853
3628,48.42095,-89.2384299,101,5867
3628,48.42003,-89.2391099,102,5983
3628,48.4191999,-89.2397099,103,6085
3628,48.41898,-89.23993,104,6113
3628,48.4180399,-89.24055,105,6220
3628,48.4170999,-89.24123,106,6326
3628,48.41677,-89.24144,107,6384
3628,48.4159399,-89.24208,108,6492
3628,48.41511,-89.24267,109,6593
3628,48.41484,-89.24296,110,6619
3628,48.4147699,-89.2429499,111,6628
3628,48.4147299,-89.2429599,112,6635
3628,48.4139,-89.24349,113,6735
3628,48.4135499,-89.24375,114,6776
3628,48.41351,-89.24375,115,6782
3628,48.4134199,-89.2436799,116,6793
3628,48.4133899,-89.2436099,117,6800
3628,48.41337,-89.2431499,118,6832
3628,48.41344,-89.2427299,119,6864
3628,48.41379,-89.24169,120,6944
3628,48.41392,-89.241,121,7007
3628,48.4139399,-89.23949,122,7114
3628,48.41393,-89.2380299,123,7216
3628,48.41392,-89.23794,124,7223
3628,48.4139,-89.2378599,125,7229
3628,48.41386,-89.2377999,126,7236
3628,48.4137499,-89.23776,127,7246
3628,48.4127599,-89.23828,128,7361
3628,48.41214,-89.23867,129,7435
3628,48.4120399,-89.23863,130,7442
3628,48.41117,-89.2390199,131,7552
3628,48.4108299,-89.23917,132,7584
3628,48.40988,-89.23958,133,7699
3628,48.4093099,-89.2398299,134,7760
3628,48.40834,-89.2402299,135,7876
3628,48.40782,-89.2405,136,7931
3628,48.40775,-89.24048,137,7941
3628,48.40686,-89.24086,138,8044
3628,48.4058299,-89.2412799,139,8169
3628,48.40542,-89.24142,140,8212
3628,48.40517,-89.24163,141,8235
3628,48.4042899,-89.24191,142,8316
3628,48.40421,-89.2419999,143,8326
3628,48.4041899,-89.24215,144,8336
3628,48.40434,-89.24314,145,8408
3628,48.4042899,-89.2432,146,8417
3628,48.4038299,-89.24303,147,8462
3628,48.4037299,-89.24304,148,8478
3628,48.40349,-89.2433,149,8517
3630,48.38247,-89.24602,0,0
3630,48.3824699,-89.24665,1,27
3630,48.3824999,-89.2468299,2,37
3630,48.38248,-89.24767,3,97
3630,48.3824299,-89.2477499,4,104
3630,48.3822999,-89.24779,5,119
3630,48.38137,-89.24779,6,219
3630,48.38034,-89.24785,7,336
3630,48.3802999,-89.24782,8,345
3630,48.37941,-89.24783,9,468
3630,48.37825,-89.2477799,10,568
3630,48.3779699,-89.24779,11,599
3630,48.37768,-89.24793,12,633
3630,48.3769199,-89.24868,13,739
3630,48.37662,-89.24906,14,787
3630,48.3758399,-89.24974,15,893
3630,48.37505,-89.25056,16,1013
3630,48.3744199,-89.25114,17,1077
3630,48.3743499,-89.2512899,18,1089
3630,48.3743499,-89.25183,19,1128
3630,48.37441,-89.25228,20,1161
3630,48.3743899,-89.25232,21,1167
3630,48.3743899,-89.25245,22,1176
3630,48.37437,-89.25255,23,1185
3630,48.37439,-89.25375,24,1269
3630,48.37434,-89.25541,25,1376
3630,48.3743499,-89.2568999,26,1484
3630,48.37441,-89.25764,27,1556
3630,48.3743599,-89.25784,28,1568
3630,48.3743299,-89.2592299,29,1675
3630,48.37441,-89.25984,30,1718
3630,48.3743599,-89.26,31,1724
3630,48.3744,-89.26247,32,1906
3630,48.37438,-89.2625799,33,1912
3630,48.37438,-89.2639599,34,2023
3630,48.37441,-89.26526,35,2138
3630,48.3743599,-89.26565,36,2150
3630,48.37437,-89.2669799,37,2240
3630,48.37441,-89.2673,38,2292
3630,48.3743899,-89.2673,39,2301
3630,48.37437,-89.2674999,40,2318
3630,48.3744,-89.26891,41,2413
3630,48.37434,-89.27064,42,2548
3630,48.37438,-89.27206,43,2646
3630,48.37434,-89.27406,44,2769
3630,48.37439,-89.2747,45,2838
3630,48.37437,-89.27477,46,2846
3630,48.3743599,-89.27485,47,2854
3630,48.3744,-89.27648,48,2975
3630,48.37441,-89.27655,49,2984
3630,48.3743599,-89.2772599,50,3038
3630,48.37439,-89.27787,51,3101
3630,48.3743599,-89.27805,52,3116
3630,48.3743499,-89.2784399,53,3143
3630,48.37434,-89.27993,54,3261
3630,48.37438,-89.28046,55,3292
3630,48.3743499,-89.2821199,56,3394
3630,48.37437,-89.28357,57,3520
3630,48.3744,-89.2841799,58,3541
3630,48.37431,-89.28528,59,3621
3630,48.37435,-89.28679,60,3755
3630,48.3743199,-89.28853,61,3866
3630,48.3743299,-89.28936,62,3919
3630,48.37438,-89.28945,63,3928
3630,48.37444,-89.28948,64,3935
3630,48.37471,-89.28944,65,3988
3630,48.3747199,-89.28945,66,3998
3630,48.3756099,-89.2894299,67,4098
3630,48.37671,-89.28945,68,4222
3630,48.37759,-89.2894699,69,4329
3630,48.37813,-89.28943,70,4380
3630,48.3781599,-89.2894399,71,4390
3630,48.3789899,-89.2894599,72,4495
3630,48.37988,-89.2894599,73,4595
3630,48.3806,-89.28941,74,4651
3630,48.3813499,-89.2894399,75,4752
3630,48.38199,-89.28944,76,4811
3630,48.3828899,-89.2894599,77,4914
3630,48.38386,-89.2894299,78,5020
3630,48.38454,-89.28942,79,5089
3630,48.38461,-89.2894399,80,5101
3630,48.3854899,-89.28945,81,5204
3630,48.38617,-89.28944,82,5269
3630,48.38622,-89.28942,83,5275
3630,48.38714,-89.28945,84,5388
3630,48.38791,-89.28944,85,5503
3630,48.38918,-89.28945,86,5607
3630,48.38969,-89.28943,87,5661
3630,48.39055,-89.28945,88,5768
3630,48.39154,-89.2894699,89,5877
3630,48.39192,-89.28939,90,5911
3630,48.3920199,-89.28945,91,5921
3630,48.39292,-89.2894599,92,6031
3630,48.39391,-89.2894599,93,6139
3630,48.39488,-89.28947,94,6240
3630,48.39493,-89.28945,95,6251
3630,48.3958299,-89.2894599,96,6360
3630,48.39632,-89.28945,97,6398
3630,48.3972699,-89.2894699,98,6513
3630,48.39824,-89.28948,99,6623
3630,48.39888,-89.28946,100,6684
3630,48.3993999,-89.28939,101,6748
3630,48.3996999,-89.2892099,102,6785
3630,48.3999899,-89.2888399,103,6828
3630,48.4002,-89.28836,104,6872
3630,48.4002499,-89.28816,105,6890
3630,48.40028,-89.2868,106,6979
3630,48.4002899,-89.2854599,107,7085
3630,48.4002899,-89.2839799,108,7189
3630,48.4003,-89.2836599,109,7211
3630,48.40028,-89.28311,110,7250
3630,48.4002899,-89.28304,111,7257
3630,48.4002899,-89.2817,112,7360
3630,48.4002899,-89.28138,113,7381
3630,48.4002899,-89.28007,114,7477
3630,48.40023,-89.27909,115,7550
3630,48.40024,-89.27901,116,7559
3630,48.40005,-89.2782699,117,7619
3630,48.39954,-89.27728,118,7712
3630,48.39936,-89.27677,119,7751
3630,48.39922,-89.27592,120,7820
3630,48.39922,-89.27471,121,7903
3630,48.39923,-89.2746299,122,7910
3630,48.39926,-89.2745599,123,7918
3630,48.3993099,-89.2744999,124,7925
3630,48.40033,-89.27448,125,8037
3630,48.4013099,-89.2744699,126,8143
3630,48.4013699,-89.2744299,127,8150
3630,48.4014399,-89.27426,128,8162
3630,48.4014399,-89.27268,129,8278
3630,48.4014399,-89.2717799,130,8346
3630,48.4014699,-89.2716,131,8359
3630,48.40162,-89.27114,132,8395
3630,48.4018699,-89.27074,133,8437
3630,48.40228,-89.27037,134,8488
3630,48.4024,-89.27011,135,8509
3630,48.40243,-89.2699399,136,8524
3630,48.4025199,-89.2697399,137,8542
3630,48.40261,-89.26966,138,8552
3630,48.40266,-89.2696399,139,8558
3630,48.40297,-89.26967,140,8584
3630,48.40296,-89.26969,141,8591
3630,48.403,-89.26986,142,8603
3630,48.40299,-89.27021,143,8626
3630,48.40293,-89.2702699,144,8636
3630,48.40247,-89.2703299,145,8686
3630,48.4020899,-89.2705599,146,8734
3630,48.40181,-89.27087,147,8770
3630,48.4016999,-89.27107,148,8789
3630,48.40166,-89.2710899,149,8796
3630,48.40156,-89.27107,150,8805
3630,48.4014999,-89.27103,151,8813
3630,48.40136,-89.27083,152,8835
3630,48.40093,-89.27061,153,8881
3630,48.4009,-89.27058,154,8887
3630,48.4008499,-89.27047,155,8901
3630,48.4006,-89.2690099,156,9008
3630,48.4006,-89.26891,157,9017
3630,48.40057,-89.26873,158,9034
3630,48.4004899,-89.26861,159,9046
3630,48.4004199,-89.26857,160,9054
3630,48.40028,-89.2686,161,9067
3630,48.39994,-89.26883,162,9101
3630,48.3998599,-89.26881,163,9112
3630,48.3997899,-89.2688199,164,9120
3630,48.3992099,-89.26874,165,9188
3630,48.39918,-89.26871,166,9194
3630,48.39913,-89.26841,167,9216
3630,48.3991399,-89.26694,168,9327
3630,48.39915,-89.26674,169,9336
3630,48.3993999,-89.26533,170,9453
3630,48.39982,-89.26395,171,9559
3630,48.3999899,-89.2629,172,9641
3630,48.40001,-89.2615599,173,9742
3630,48.40001,-89.2600599,174,9847
3630,48.39999,-89.25913,175,9909
3630,48.39998,-89.2590099,176,9923
3630,48.3999899,-89.25898,177,9929
3630,48.4000199,-89.2583799,178,9968
3630,48.40007,-89.2582199,179,9986
3630,48.4001,-89.2581799,180,9992
3630,48.4001899,-89.25814,181,10001
3630,48.4010799,-89.2581499,182,10106
3630,48.4020999,-89.25816,183,10224
3630,48.40306,-89.2581499,184,10327
3630,48.40421,-89.25812,185,10440
3630,48.40519,-89.2581199,186,10554
3630,48.4061299,-89.2581,187,10654
3630,48.4073399,-89.2581,188,10796
3630,48.4082599,-89.2580899,189,10897
3630,48.40858,-89.2580899,190,10926
3630,48.40864,-89.25806,191,10933
3630,48.40868,-89.25801,192,10940
3630,48.4087299,-89.2578499,193,10952
3630,48.40872,-89.25697,194,11013
3630,48.40874,-89.2551999,195,11135
3630,48.40872,-89.25436,196,11195
3630,48.4087899,-89.25399,197,11201
3630,48.40883,-89.2539499,198,11208
3630,48.40941,-89.25391,199,11290
3630,48.4103699,-89.25393,200,11406
3630,48.41125,-89.25391,201,11521
3630,48.4115799,-89.25394,202,11533
3630,48.4116799,-89.2539199,203,11544
3630,48.41177,-89.2538,204,11559
3630,48.4118,-89.2536899,205,11569
3630,48.41181,-89.25291,206,11646
3630,48.41179,-89.2514499,207,11732
3630,48.41185,-89.2508999,208,11778
3630,48.41192,-89.25077,209,11811
3630,48.41196,-89.25046,210,11831
3630,48.4124599,-89.24921,211,11943
3630,48.41298,-89.24795,212,12051
3630,48.41324,-89.2472199,213,12108
3630,48.41333,-89.2467299,214,12144
3630,48.4133499,-89.2453499,215,12244
3630,48.41337,-89.24452,216,12306
3630,48.4133799,-89.24441,217,12312
3630,48.41337,-89.2443299,218,12320
3630,48.4133799,-89.24314,219,12417
3630,48.4138799,-89.2412799,220,12562
3630,48.41395,-89.2399299,221,12666
3630,48.41393,-89.23838,222,12776
3630,48.41393,-89.23794,223,12803
3630,48.41389,-89.23782,224,12813
3630,48.41382,-89.2377699,225,12820
3630,48.41377,-89.23776,226,12826
3630,48.41288,-89.23821,227,12928
3630,48.41214,-89.23867,228,13014
3630,48.4120399,-89.23863,229,13021
3630,48.41117,-89.2390199,230,13131
3630,48.4108299,-89.23917,231,13163
3630,48.40988,-89.23958,232,13278
3630,48.4093099,-89.2398299,233,13339
3630,48.40834,-89.2402299,234,13455
3630,48.40782,-89.2405,235,13510
3630,48.40775,-89.24048,236,13520
3630,48.40686,-89.24086,237,13623
3630,48.4058299,-89.2412799,238,13748
3630,48.40542,-89.24142,239,13791
3630,48.40517,-89.24163,240,13814
3630,48.4042899,-89.24191,241,13895
3630,48.40421,-89.2419999,242,13905
3630,48.4041899,-89.24215,243,13915
3630,48.40434,-89.24314,244,13987
3630,48.4042899,-89.2432,245,13996
3630,48.4038299,-89.24303,246,14041
3630,48.4037299,-89.24304,247,14057
3630,48.40349,-89.2433,248,14096
3632,48.40297,-89.26967,0,0
3632,48.40296,-89.26969,1,7
3632,48.403,-89.26986,2,19
3632,48.40299,-89.27021,3,42
3632,48.40293,-89.2702699,4,52
3632,48.40247,-89.2703299,5,102
3632,48.4020899,-89.2705599,6,150
3632,48.40181,-89.27087,7,186
3632,48.4016999,-89.27107,8,205
3632,48.40166,-89.2710899,9,212
3632,48.40156,-89.27107,10,221
3632,48.4014999,-89.27103,11,229
3632,48.40136,-89.27083,12,251
3632,48.40093,-89.27061,13,297
3632,48.4009,-89.27058,14,303
3632,48.4008499,-89.27047,15,317
3632,48.4006,-89.2690099,16,424
3632,48.4006,-89.26891,17,433
3632,48.40057,-89.26873,18,450
3632,48.4004899,-89.26861,19,462
3632,48.4004199,-89.26857,20,470
3632,48.40028,-89.2686,21,483
3632,48.39994,-89.26883,22,517
3632,48.3998599,-89.26881,23,528
3632,48.3997899,-89.2688199,24,536
3632,48.3992099,-89.26874,25,604
3632,48.39918,-89.26871,26,610
3632,48.39913,-89.26841,27,632
3632,48.3991399,-89.26694,28,743
3632,48.39915,-89.26674,29,752
3632,48.3993999,-89.26533,30,869
3632,48.39982,-89.26395,31,975
3632,48.3999899,-89.2629,32,1057
3632,48.40001,-89.2615599,33,1158
3632,48.40001,-89.2600599,34,1263
3632,48.39999,-89.25913,35,1325
3632,48.39997,-89.2587799,36,1331
3632,48.39998,-89.25866,37,1340
3632,48.39997,-89.25847,38,1352
3632,48.39994,-89.25839,39,1358
3632,48.3998999,-89.25833,40,1365
3632,48.39977,-89.2582799,41,1378
3632,48.39854,-89.2582799,42,1518
3632,48.3984,-89.2582799,43,1527
3632,48.3975299,-89.25827,44,1625
3632,48.39734,-89.25828,45,1672
3632,48.3962899,-89.25827,46,1776
3632,48.39534,-89.25826,47,1873
3632,48.39426,-89.25827,48,1999
3632,48.3933,-89.2583,49,2113
3632,48.39318,-89.25826,50,2119
3632,48.39286,-89.2582799,51,2160
3632,48.39276,-89.2582499,52,2174
3632,48.39177,-89.25827,53,2281
3632,48.3909,-89.2583,54,2370
3633,48.43568,-89.21703,0,0
3633,48.4353099,-89.2172899,1,21
3633,48.4352799,-89.21737,2,27
3633,48.43529,-89.2174799,3,34
3633,48.43572,-89.2183999,4,117
3633,48.43654,-89.2175799,5,226
3633,48.4366199,-89.2175799,6,236
3633,48.43678,-89.21782,7,260
3633,48.43735,-89.21906,8,367
3633,48.4373799,-89.2190899,9,374
3633,48.4379399,-89.22035,10,487
3633,48.43844,-89.22143,11,590
3633,48.43868,-89.22196,12,631
3633,48.4388,-89.22213,13,653
3633,48.43881,-89.22219,14,660
3633,48.43877,-89.22235,15,669
3633,48.43795,-89.22315,16,772
3633,48.4372,-89.22391,17,835
3633,48.43674,-89.22443,18,936
3633,48.43596,-89.22524,19,1037
3633,48.43532,-89.22589,20,1123
3633,48.43529,-89.22594,21,1130
3633,48.4352499,-89.22596,22,1137
3633,48.43448,-89.22676,23,1238
3633,48.43428,-89.2269699,24,1262
3633,48.43339,-89.22788,25,1379
3633,48.43336,-89.22794,26,1388
3633,48.4326199,-89.2286799,27,1492
3633,48.43204,-89.22926,28,1559
3633,48.4320599,-89.22928,29,1565
3633,48.43126,-89.2300199,30,1676
3633,48.4311699,-89.23013,31,1691
3633,48.43106,-89.2302199,32,1699
3633,48.43097,-89.23033,33,1707
3633,48.4305,-89.23094,34,1772
3633,48.43024,-89.2310699,35,1810
3633,48.42946,-89.23187,36,1915
3633,48.42863,-89.23275,37,2025
3633,48.4285499,-89.23286,38,2032
3633,48.42775,-89.23354,39,2138
3633,48.4268699,-89.23418,40,2250
3633,48.42646,-89.23442,41,2294
3633,48.4263499,-89.2345499,42,2304
3633,48.4254999,-89.23516,43,2414
3633,48.42466,-89.2357699,44,2518
3633,48.42403,-89.23616,45,2592
3633,48.42397,-89.2362599,46,2601
3633,48.42321,-89.2368099,47,2702
3633,48.4223,-89.23755,48,2818
3633,48.4222199,-89.23755,49,2826
3633,48.42134,-89.23817,50,2940
3633,48.4204799,-89.2388,51,3043
3633,48.4195899,-89.23943,52,3155
3633,48.41898,-89.23993,53,3227
3633,48.4180399,-89.24055,54,3334
3633,48.4170999,-89.24123,55,3440
3633,48.41677,-89.24144,56,3498
3633,48.4159399,-89.24208,57,3606
3633,48.41511,-89.24267,58,3707
3633,48.41484,-89.24296,59,3733
3633,48.41481,-89.24294,60,3739
3633,48.4140099,-89.2435,61,3841
3633,48.41317,-89.2441299,62,3946
3633,48.4129899,-89.2442699,63,3968
3633,48.41234,-89.24472,64,4046
3633,48.41153,-89.24531,65,4152
3633,48.41094,-89.24563,66,4213
3633,48.41006,-89.24567,67,4320
3633,48.40889,-89.24568,68,4425
3633,48.409,-89.2456499,69,4432
3633,48.40897,-89.2456399,70,4438
3633,48.4079999,-89.2455799,71,4550
3633,48.40701,-89.24554,72,4656
3633,48.40681,-89.24553,73,4678
3633,48.4067599,-89.2455,74,4686
3633,48.40671,-89.24544,75,4694
3633,48.4066499,-89.24524,76,4709
3633,48.40673,-89.24375,77,4823
3633,48.4067199,-89.24251,78,4917
3633,48.40654,-89.2412499,79,5004
3633,48.40651,-89.24116,80,5010
3633,48.4064299,-89.24104,81,5020
3633,48.40634,-89.24101,82,5033
3633,48.40552,-89.2413799,83,5133
3633,48.40517,-89.24163,84,5164
3633,48.4042899,-89.24191,85,5245
3633,48.40421,-89.2419999,86,5255
3633,48.4041899,-89.24215,87,5265
3633,48.40434,-89.24314,88,5337
3633,48.4042899,-89.2432,89,5346
3633,48.4038299,-89.24303,90,5391
3633,48.4037299,-89.24304,91,5407
3633,48.40349,-89.2433,92,5446
3633,48.4032399,-89.24342,93,5482
3633,48.40316,-89.24339,94,5489
3633,48.40313,-89.2433499,95,5495
3633,48.40293,-89.2422699,96,5572
3633,48.4028799,-89.24219,97,5579
3633,48.40284,-89.2421599,98,5585
3633,48.4016999,-89.24202,99,5710
3633,48.40162,-89.2420699,100,5717
3633,48.40159,-89.24212,101,5723
3633,48.40156,-89.2421999,102,5731
3633,48.40143,-89.2430799,103,5797
3633,48.4012999,-89.2435099,104,5832
3633,48.40103,-89.24405,105,5876
3633,48.40064,-89.24477,106,5950
3633,48.4005799,-89.24501,107,5971
3633,48.4005499,-89.24544,108,5998
3633,48.4005199,-89.2455199,109,6006
3633,48.4004799,-89.2455799,110,6013
3633,48.40037,-89.24563,111,6025
3633,48.39945,-89.2456099,112,6126
3633,48.39886,-89.24556,113,6190
3633,48.3988,-89.24562,114,6200
3633,48.39785,-89.2456099,115,6311
3633,48.39683,-89.24562,116,6422
3633,48.3959,-89.24559,117,6507
3633,48.39591,-89.24562,118,6517
3633,48.39502,-89.24559,119,6618
3633,48.3939,-89.24558,120,6734
3633,48.3929699,-89.24559,121,6846
3633,48.39203,-89.24559,122,6946
3633,48.39105,-89.24559,123,7056
3633,48.39032,-89.24559,124,7120
3633,48.39027,-89.2456,125,7130
3633,48.39022,-89.2455799,126,7138
3633,48.38931,-89.2455799,127,7245
3633,48.38833,-89.2456,128,7349
3633,48.38784,-89.24558,129,7391
3633,48.38783,-89.24559,130,7401
3633,48.38695,-89.24553,131,7504
3633,48.38599,-89.2455199,132,7607
3633,48.38503,-89.24555,133,7703
3633,48.3849899,-89.24557,134,7710
3633,48.3841399,-89.2455199,135,7811
3633,48.3831199,-89.2455199,136,7924
3633,48.38247,-89.24602,137,8021
3634,48.38247,-89.24602,0,0
3634,48.3821299,-89.2455499,1,14
3634,48.3820999,-89.24556,2,20
3634,48.38088,-89.24556,3,151
3634,48.3808499,-89.2456499,4,157
3634,48.38088,-89.2457499,5,163
3634,48.3809,-89.2459099,6,174
3634,48.3809,-89.2463999,7,210
3634,48.3809199,-89.24655,8,219
3634,48.381,-89.2466299,9,227
3634,48.38189,-89.24658,10,330
3634,48.38244,-89.24661,11,387
3634,48.38248,-89.24671,12,395
3634,48.3824999,-89.24812,13,502
3634,48.38256,-89.24942,14,597
3634,48.3825599,-89.2495499,15,604
3634,48.38252,-89.24986,16,631
3634,48.38251,-89.25085,17,702
3634,48.38254,-89.25101,18,711
3634,48.38258,-89.25108,19,719
3634,48.38267,-89.25111,20,728
3634,48.38326,-89.25101,21,788
3634,48.3839099,-89.2511299,22,864
3634,48.38396,-89.25112,23,870
3634,48.3841099,-89.25114,24,890
3634,48.38415,-89.2511899,25,896
3634,48.3841699,-89.25125,26,903
3634,48.38415,-89.25272,27,1005
3634,48.38421,-89.25373,28,1078
3634,48.38415,-89.2552899,29,1205
3634,48.3841699,-89.25627,30,1267
3634,48.38419,-89.2564099,31,1279
3634,48.38418,-89.25713,32,1333
3634,48.3841699,-89.25852,33,1448
3634,48.38416,-89.2600599,34,1554
3634,48.3842,-89.26167,35,1668
3634,48.3841699,-89.2617899,36,1677
3634,48.38416,-89.26358,37,1815
3634,48.38416,-89.26497,38,1915
3634,48.38416,-89.2652799,39,1936
3634,48.38425,-89.26587,40,1978
3634,48.3841699,-89.2659599,41,1985
3634,48.38418,-89.2660299,42,1992
3634,48.38416,-89.26753,43,2103
3634,48.38416,-89.26903,44,2215
3634,48.38419,-89.27001,45,2279
3634,48.38415,-89.27025,46,2301
3634,48.38518,-89.27024,47,2415
3634,48.38619,-89.27027,48,2527
3634,48.38675,-89.27027,49,2588
3634,48.38725,-89.27048,50,2645
3634,48.38786,-89.27049,51,2714
3634,48.38809,-89.27054,52,2744
3634,48.38813,-89.27064,53,2751
3634,48.38812,-89.2707599,54,2760
3634,48.3880499,-89.27084,55,2767
3634,48.38796,-89.2708599,56,2774
3634,48.38789,-89.2708199,57,2783
3634,48.38784,-89.27071,58,2789
3634,48.3878099,-89.27054,59,2801
3634,48.3877799,-89.2704899,60,2808
3634,48.3876499,-89.2704899,61,2817
3634,48.3876,-89.27051,62,2823
3634,48.38741,-89.2705299,63,2841
3634,48.38708,-89.27044,64,2881
3634,48.38695,-89.2703599,65,2895
3634,48.38688,-89.27034,66,2905
3634,48.38681,-89.2702999,67,2914
3634,48.3866699,-89.2702699,68,2928
3634,48.38635,-89.27034,69,2966
3634,48.38619,-89.27027,70,2988
3634,48.38518,-89.27024,71,3100
3634,48.38415,-89.27025,72,3214
3634,48.38415,-89.27263,73,3390
3634,48.38422,-89.27315,74,3436
3634,48.38418,-89.2732199,75,3445
3634,48.3841699,-89.2732899,76,3452
3634,48.38416,-89.27454,77,3552
3634,48.38416,-89.27592,78,3656
3634,48.38419,-89.27712,79,3728
3634,48.38418,-89.27715,80,3735
3634,48.38418,-89.27845,81,3832
3634,48.3842399,-89.27856,82,3841
3634,48.3842999,-89.27859,83,3848
3634,48.38468,-89.2785,84,3886
3634,48.3846899,-89.2785299,85,3892
3634,48.38553,-89.2785299,86,3993
3634,48.3865399,-89.2785399,87,4099
3634,48.38704,-89.27852,88,4142
3634,48.38705,-89.27849,89,4152
3634,48.3879399,-89.27856,90,4255
3634,48.38891,-89.27856,91,4362
3634,48.38984,-89.27858,92,4464
3634,48.39,-89.27859,93,4477
3634,48.39006,-89.27861,94,4485
3634,48.3901099,-89.27866,95,4492
3634,48.3902,-89.27957,96,4559
3634,48.39013,-89.2796799,97,4566
3634,48.39012,-89.2811899,98,4681
3634,48.39013,-89.2813299,99,4687
3634,48.39019,-89.28214,100,4747
3634,48.39013,-89.2822099,101,4755
3634,48.3901499,-89.28233,102,4766
3634,48.39013,-89.2837,103,4867
3634,48.39013,-89.28501,104,4969
3634,48.39012,-89.28545,105,4994
3634,48.39019,-89.28669,106,5086
3634,48.3901499,-89.2868,107,5092
3634,48.39013,-89.28692,108,5107
3634,48.39012,-89.28823,109,5207
3634,48.39013,-89.28971,110,5314
3634,48.39019,-89.29043,111,5358
3634,48.3901399,-89.2905,112,5367
3634,48.39013,-89.29182,113,5468
3634,48.39009,-89.29315,114,5572
3634,48.38994,-89.29394,115,5623
3634,48.38977,-89.29484,116,5697
3634,48.38984,-89.29533,117,5733
3634,48.3898,-89.2957299,118,5749
3634,48.39004,-89.2972099,119,5856
3634,48.3902099,-89.2980699,120,5918
3634,48.39022,-89.29821,121,5928
3634,48.3903,-89.29828,122,5937
3634,48.39091,-89.29803,123,6019
3634,48.3919899,-89.29778,124,6120
3634,48.39223,-89.29768,125,6147
3634,48.3923,-89.29762,126,6157
3634,48.39236,-89.2975399,127,6166
3634,48.39245,-89.2973399,128,6182
3634,48.39252,-89.29698,129,6238
3634,48.39288,-89.2954,130,6344
3634,48.3930699,-89.2947,131,6391
3634,48.39361,-89.29356,132,6494
3634,48.3938899,-89.2929399,133,6556
3634,48.39394,-89.29269,134,6574
3634,48.3939,-89.29205,135,6643
3634,48.39393,-89.2907799,136,6744
3634,48.39393,-89.29024,137,6775
3634,48.3939199,-89.2896599,138,6814
3634,48.39391,-89.28962,139,6820
3634,48.39388,-89.28899,140,6871
3634,48.3939199,-89.2889099,141,6878
3634,48.39393,-89.28748,142,6986
3634,48.39393,-89.2860199,143,7097
3634,48.39391,-89.28485,144,7176
3634,48.3939899,-89.2831599,145,7306
3634,48.3943199,-89.28181,146,7408
3634,48.39462,-89.28063,147,7500
3634,48.3946399,-89.28058,148,7506
3634,48.39469,-89.28016,149,7546
3634,48.39466,-89.2794599,150,7593
3634,48.39423,-89.2782,151,7694
3634,48.3941199,-89.27806,152,7712
3634,48.3939899,-89.27797,153,7728
3634,48.3939499,-89.2779099,154,7735
3634,48.39391,-89.27777,155,7746
3634,48.3939199,-89.2776799,156,7754
3634,48.3939899,-89.27753,157,7765
3634,48.3940499,-89.2774799,158,7773
3634,48.3944799,-89.2772899,159,7828
3634,48.39534,-89.27648,160,7934
3634,48.39609,-89.27567,161,8031
3634,48.39705,-89.27484,162,8161
3634,48.3979199,-89.27451,163,8262
3634,48.39871,-89.27443,164,8346
3634,48.3987499,-89.2744699,165,8353
3634,48.3988499,-89.2744699,166,8365
3634,48.39892,-89.27449,167,8376
3634,48.3998299,-89.27449,168,8485
3634,48.4009099,-89.27449,169,8599
3634,48.4012999,-89.27448,170,8639
3634,48.4014099,-89.27438,171,8651
3634,48.4014399,-89.27428,172,8660
3634,48.40143,-89.27285,173,8763
3634,48.40146,-89.27176,174,8847
3634,48.40162,-89.2711499,175,8892
3634,48.40182,-89.27081,176,8924
3634,48.4023,-89.2703599,177,8987
3634,48.4023499,-89.27028,178,8996
3634,48.40248,-89.26989,179,9028
3634,48.40256,-89.26973,180,9040
3634,48.4026,-89.26968,181,9048
3634,48.40297,-89.26967,182,9077
3635,48.40297,-89.26967,0,0
3635,48.40296,-89.26969,1,7
3635,48.403,-89.26986,2,19
3635,48.40299,-89.27021,3,42
3635,48.40293,-89.2702699,4,52
3635,48.40247,-89.2703299,5,102
3635,48.4020899,-89.2705599,6,150
3635,48.40181,-89.27087,7,186
3635,48.4016999,-89.27107,8,205
3635,48.40166,-89.2710899,9,212
3635,48.40156,-89.27107,10,221
3635,48.4014999,-89.27103,11,229
3635,48.40136,-89.27083,12,251
3635,48.40093,-89.27061,13,297
3635,48.4009,-89.27058,14,303
3635,48.4008499,-89.27047,15,317
3635,48.4006,-89.2690099,16,424
3635,48.4006,-89.26891,17,433
3635,48.40057,-89.26873,18,450
3635,48.4004899,-89.26861,19,462
3635,48.4004199,-89.26857,20,470
3635,48.40028,-89.2686,21,483
3635,48.39994,-89.26883,22,517
3635,48.39988,-89.2687899,23,524
3635,48.39922,-89.26884,24,595
3635,48.3991699,-89.26894,25,604
3635,48.39916,-89.2690199,26,611
3635,48.3991699,-89.2703599,27,712
3635,48.3991699,-89.27179,28,822
3635,48.39918,-89.27324,29,923
3635,48.3992099,-89.27442,30,1007
3635,48.39916,-89.27458,31,1019
3635,48.3991099,-89.27464,32,1028
3635,48.3989699,-89.2746899,33,1044
3635,48.39863,-89.2747,34,1078
3635,48.3986,-89.2746599,35,1086
3635,48.3977299,-89.2746999,36,1188
3635,48.3973699,-89.27481,37,1219
3635,48.39658,-89.27548,38,1321
3635,48.3965399,-89.27547,39,1330
3635,48.3964499,-89.27554,40,1340
3635,48.3964099,-89.2756,41,1349
3635,48.3955999,-89.2763699,42,1452
3635,48.39552,-89.27646,43,1458
3635,48.39495,-89.27702,44,1536
3635,48.39492,-89.2771,45,1543
3635,48.3944099,-89.2774899,46,1606
3635,48.3943099,-89.2776499,47,1621
3635,48.3942799,-89.2777499,48,1631
3635,48.39427,-89.27787,49,1642
3635,48.3943,-89.27812,50,1659
3635,48.3946799,-89.27937,51,1759
3635,48.39473,-89.28046,52,1834
3635,48.39419,-89.2823699,53,1982
3635,48.39397,-89.28371,54,2089
3635,48.39396,-89.28505,55,2179
3635,48.39403,-89.28585,56,2242
3635,48.394,-89.2859499,57,2250
3635,48.3939899,-89.28601,58,2256
3635,48.3939499,-89.28731,59,2357
3635,48.39396,-89.2887499,60,2459
3635,48.39404,-89.28913,61,2488
3635,48.3939899,-89.2892399,62,2495
3635,48.39394,-89.28952,63,2518
3635,48.3939,-89.2895699,64,2525
3635,48.39377,-89.28961,65,2537
3635,48.39278,-89.28959,66,2646
3635,48.39261,-89.28967,67,2666
3635,48.39252,-89.2895999,68,2673
3635,48.39154,-89.28954,69,2788
3635,48.39052,-89.28951,70,2896
3635,48.39022,-89.28952,71,2924
3635,48.3901,-89.28949,72,2937
3635,48.39007,-89.28945,73,2943
3635,48.39004,-89.2888,74,2989
3635,48.3900799,-89.2887,75,3002
3635,48.3901,-89.2874699,76,3105
3635,48.39006,-89.28652,77,3200
3635,48.3901,-89.28506,78,3309
3635,48.3900799,-89.28371,79,3411
3635,48.39005,-89.2832,80,3441
3635,48.3900799,-89.28157,81,3542
3635,48.3900799,-89.2801,82,3640
3635,48.39006,-89.27926,83,3704
3635,48.39006,-89.2790599,84,3718
3635,48.39007,-89.27898,85,3726
3635,48.39007,-89.27875,86,3743
3635,48.39003,-89.2786699,87,3751
3635,48.3889899,-89.2786699,88,3864
3635,48.38852,-89.27874,89,3914
3635,48.38826,-89.27866,90,3928
3635,48.38733,-89.27866,91,4030
3635,48.38638,-89.2786699,92,4137
3635,48.38537,-89.2787,93,4264
3635,48.38533,-89.2786699,94,4272
3635,48.3852599,-89.2786399,95,4282
3635,48.38431,-89.27861,96,4387
3635,48.38419,-89.2785999,97,4394
3635,48.3841399,-89.27856,98,4405
3635,48.38409,-89.2784099,99,4418
3635,48.38405,-89.27754,100,4475
3635,48.38408,-89.2775199,101,4483
3635,48.3841099,-89.27622,102,4586
3635,48.3841099,-89.2746899,103,4700
3635,48.3841099,-89.2733,104,4800
3635,48.38407,-89.27232,105,4867
3635,48.3840999,-89.2721699,106,4878
3635,48.38413,-89.27081,107,4985
3635,48.38405,-89.26998,108,5062
3635,48.3841099,-89.26827,109,5171
3635,48.38412,-89.2669099,110,5273
3635,48.38406,-89.26556,111,5368
3635,48.38409,-89.2654399,112,5375
3635,48.3840999,-89.2640599,113,5480
3635,48.3840999,-89.26329,114,5537
3635,48.3841099,-89.2632399,115,5544
3635,48.38405,-89.26149,116,5663
3635,48.38408,-89.2614299,117,5669
3635,48.3840999,-89.25912,118,5843
3635,48.38404,-89.25864,119,5867
3635,48.38409,-89.25856,120,5884
3635,48.3841099,-89.2559799,121,6078
3635,48.38413,-89.2558499,122,6084
3635,48.3841099,-89.25475,123,6166
3635,48.38408,-89.2545399,124,6179
3635,48.3841,-89.25417,125,6204
3635,48.38408,-89.25404,126,6213
3635,48.3841099,-89.25243,127,6334
3635,48.38409,-89.25135,128,6411
3635,48.38406,-89.25124,129,6420
3635,48.3839799,-89.2511599,130,6429
3635,48.38392,-89.2511299,131,6436
3635,48.38359,-89.25119,132,6471
3635,48.3834499,-89.25118,133,6485
3635,48.3832199,-89.2510999,134,6511
3635,48.38251,-89.25108,135,6594
3635,48.38245,-89.2509899,136,6605
3635,48.3824599,-89.24957,137,6708
3635,48.38244,-89.24854,138,6786
3635,48.3824699,-89.2482999,139,6792
3635,48.3824699,-89.2468899,140,6895
3635,48.38247,-89.24602,141,6971
